recent_device_change,recent_new_device,recent_password_reset,recent_password_change,recent_sim_change,recent_email_change,recent_beneficiary_added,recent_beneficiary_modified,failed_login_count,new_location,unusual_login_time,transaction_velocity,large_incoming_transfer,large_outgoing_transfer,rapid_transactions,unusual_transaction_amount,multiple_security_changes,time_between_security_events,profile_change,total_recent_events,archetype,label,target_severity
1.0,0.0,0.0,0.0,0.0,0.0,0.0,0.0,0.3333333333333333,1.0,1.0,0.3333333333333333,0.0,1.0,0.0,0.4624402666666666,0.3333333333333333,0.0,0.0,0.8,medium,0,76.98211690302702
1.0,0.0,1.0,0.0,1.0,0.0,1.0,0.0,0.0,0.0,0.0,1.0,1.0,1.0,1.0,1.0,1.3333333333333333,0.8722222222222222,0.0,1.0,compromised,1,96.60456010400863
1.0,1.0,1.0,0.0,1.0,0.0,1.0,0.0,0.0,0.0,1.0,1.0,1.0,1.0,1.0,1.0,1.6666666666666667,0.8611111111111112,0.0,1.1,compromised,1,99.6379156992205
1.0,1.0,1.0,0.0,1.0,0.0,1.0,0.0,0.0,0.0,0.0,1.0,1.0,1.0,1.0,1.0,1.6666666666666667,0.9055555555555556,0.0,1.0,compromised,1,100.0
0.0,0.0,0.0,0.0,0.0,0.0,0.0,0.0,0.0,0.0,0.0,0.3333333333333333,1.0,0.0,0.0,0.1961696,0.0,0.0,0.0,0.6,normal,0,23.702405482747547
0.0,0.0,0.0,0.0,0.0,1.0,0.0,0.0,0.0,0.0,0.0,0.3333333333333333,0.0,0.0,0.0,0.03913853333333333,0.3333333333333333,0.0,0.0,0.6,innocent_security_change,0,28.6845559856342
1.0,1.0,1.0,0.0,1.0,0.0,1.0,0.0,0.0,0.0,1.0,1.0,1.0,1.0,1.0,1.0,1.6666666666666667,0.8611111111111112,0.0,1.0,compromised,1,100.0
1.0,0.0,0.0,0.0,0.0,0.0,0.0,0.0,0.3333333333333333,1.0,0.0,0.3333333333333333,0.0,1.0,0.0,0.43352240000000003,0.3333333333333333,0.0,0.0,0.8,medium,0,74.74861510918855
1.0,1.0,1.0,0.0,1.0,0.0,1.0,0.0,0.0,0.0,1.0,1.0,1.0,1.0,1.0,1.0,1.6666666666666667,0.85,0.0,1.0,compromised,1,96.8240849648581
0.0,0.0,0.0,0.0,0.0,0.0,0.0,0.0,0.3333333333333333,1.0,1.0,0.3333333333333333,0.0,1.0,0.0,1.0,0.0,0.0,0.0,0.8,medium,0,55.76515793285199
0.0,0.0,0.0,0.0,0.0,0.0,0.0,0.0,0.0,0.0,0.0,0.0,0.0,0.0,0.0,0.0,0.0,0.0,0.0,0.4,normal,0,1.7086399786766404
1.0,1.0,1.0,0.0,1.0,0.0,0.0,0.0,0.0,0.0,1.0,0.0,0.0,0.0,0.0,0.0,1.3333333333333333,0.9222222222222223,0.0,0.6,compromised,1,91.56273944505624
0.0,0.0,0.0,0.0,0.0,0.0,0.0,0.0,0.0,0.0,0.0,0.0,0.0,0.0,0.0,0.0,0.0,0.0,0.0,0.5,normal,0,4.17594778244264
1.0,0.0,0.0,0.0,0.0,0.0,0.0,0.0,0.3333333333333333,1.0,1.0,0.3333333333333333,0.0,1.0,0.0,0.41149973333333334,0.3333333333333333,0.0,0.0,0.8,medium,0,70.77671052613512
0.0,0.0,0.0,0.0,0.0,0.0,0.0,0.0,0.3333333333333333,1.0,1.0,0.3333333333333333,0.0,1.0,0.0,0.6207394666666667,0.0,0.0,0.0,0.6,medium,0,46.804872804164155
1.0,1.0,1.0,0.0,1.0,0.0,1.0,0.0,0.0,0.0,0.0,1.0,1.0,1.0,1.0,1.0,1.6666666666666667,0.8888888888888888,0.0,1.1,compromised,1,96.40238688026461
1.0,0.0,0.0,0.0,0.0,0.0,0.0,0.0,0.0,0.0,1.0,0.0,0.0,0.0,0.0,0.0,0.3333333333333333,0.0,0.0,0.4,compromised,1,54.60970219500756
1.0,0.0,0.0,0.0,0.0,0.0,0.0,0.0,0.3333333333333333,1.0,1.0,0.3333333333333333,0.0,1.0,0.0,0.41207773333333336,0.3333333333333333,0.0,0.0,0.7,medium,0,76.16920510522847
1.0,1.0,1.0,0.0,1.0,0.0,1.0,0.0,0.0,0.0,0.0,1.0,1.0,1.0,1.0,1.0,1.6666666666666667,0.9333333333333333,0.0,1.0,compromised,1,95.55040910786036
0.0,0.0,0.0,0.0,0.0,0.0,0.0,0.0,0.3333333333333333,1.0,0.0,0.3333333333333333,0.0,1.0,0.0,0.4593189333333333,0.0,0.0,0.0,0.8,medium,0,41.462756789602075
0.0,0.0,0.0,0.0,0.0,0.0,0.0,0.0,0.0,0.0,0.0,0.3333333333333333,0.0,0.0,0.0,0.16101213333333333,0.0,0.0,1.0,0.5,normal,0,22.71090237000893
0.0,0.0,0.0,0.0,0.0,0.0,0.0,0.0,0.0,0.0,0.0,0.3333333333333333,0.0,0.0,0.0,0.0,0.0,0.0,0.0,0.6,normal,0,9.334874744646655
1.0,1.0,1.0,0.0,1.0,0.0,1.0,0.0,0.0,0.0,0.0,0.6666666666666666,1.0,1.0,0.0,1.0,1.6666666666666667,0.8944444444444445,0.0,0.9,compromised,1,97.23447827710051
0.0,0.0,0.0,0.0,0.0,0.0,0.0,0.0,0.0,0.0,0.0,0.3333333333333333,0.0,0.0,0.0,0.05744573333333334,0.0,0.0,0.0,0.6,normal,0,7.087166594505526
1.0,1.0,1.0,0.0,1.0,0.0,1.0,0.0,0.0,0.0,0.0,1.0,1.0,1.0,1.0,1.0,1.6666666666666667,0.85,0.0,1.0,compromised,1,96.40602972072698
0.0,0.0,0.0,0.0,0.0,0.0,0.0,0.0,0.0,0.0,0.0,0.0,0.0,0.0,0.0,0.0,0.0,0.0,0.0,0.4,normal,0,3.144490684982461
0.0,0.0,0.0,0.0,0.0,0.0,0.0,0.0,0.0,0.0,0.0,0.3333333333333333,0.0,0.0,0.0,0.04217066666666667,0.0,0.0,0.0,0.6,normal,0,7.572809951232508
1.0,1.0,1.0,0.0,1.0,0.0,1.0,0.0,0.0,0.0,0.0,1.0,1.0,1.0,1.0,1.0,1.6666666666666667,0.8777777777777778,0.0,1.0,compromised,1,98.72420341988176
0.0,0.0,0.0,0.0,0.0,0.0,0.0,0.0,0.0,0.0,0.0,0.0,0.0,0.0,0.0,0.0,0.0,0.0,0.0,0.5,normal,0,2.069445378730543
0.0,0.0,0.0,0.0,0.0,1.0,0.0,0.0,0.0,0.0,0.0,0.3333333333333333,0.0,0.0,0.0,0.11950759999999999,0.3333333333333333,0.0,0.0,0.6,innocent_security_change,0,29.362688038670502
0.0,1.0,0.0,0.0,0.0,0.0,0.0,0.0,0.0,0.0,0.0,0.3333333333333333,0.0,0.0,0.0,0.14048573333333333,0.3333333333333333,0.0,0.0,0.6,innocent_security_change,0,37.12966143959372
0.0,0.0,0.0,0.0,0.0,0.0,0.0,0.0,0.0,0.0,1.0,0.0,0.0,0.0,0.0,0.0,0.0,0.0,0.0,0.4,normal,0,17.536663004978962
0.0,0.0,0.0,0.0,0.0,0.0,0.0,0.0,0.3333333333333333,1.0,1.0,0.3333333333333333,0.0,1.0,0.0,0.7900270666666667,0.0,0.0,0.0,0.5,medium,0,51.924270793036776
0.0,0.0,0.0,0.0,0.0,1.0,0.0,0.0,0.0,0.0,0.0,0.0,0.0,0.0,0.0,0.0,0.3333333333333333,0.0,0.0,0.4,innocent_security_change,0,20.669992753270275
0.0,0.0,0.0,0.0,0.0,0.0,0.0,0.0,0.3333333333333333,1.0,0.0,0.3333333333333333,0.0,1.0,0.0,1.0,0.0,0.0,0.0,0.8,medium,0,51.21010332308195
1.0,0.0,0.0,0.0,0.0,0.0,0.0,0.0,0.0,0.0,1.0,0.0,0.0,0.0,0.0,0.0,0.3333333333333333,0.0,0.0,0.4,compromised,1,54.08967087091606
0.0,0.0,0.0,1.0,0.0,0.0,0.0,0.0,0.0,0.0,0.0,0.0,0.0,0.0,0.0,0.0,0.3333333333333333,0.0,0.0,0.5,innocent_security_change,0,24.392120317824517
0.0,0.0,0.0,0.0,0.0,0.0,0.0,0.0,0.0,0.0,0.0,0.3333333333333333,0.0,0.0,0.0,0.11465279999999999,0.0,0.0,0.0,0.7,normal,0,7.132371514854656
0.0,0.0,0.0,0.0,0.0,0.0,0.0,0.0,0.3333333333333333,1.0,0.0,0.3333333333333333,0.0,1.0,0.0,0.5868068000000001,0.0,0.0,0.0,0.4,medium,0,41.0898151150822
0.0,0.0,0.0,0.0,0.0,0.0,0.0,0.0,0.0,0.0,0.0,0.0,0.0,0.0,0.0,0.0,0.0,0.0,0.0,0.4,normal,0,3.359337300380605
1.0,1.0,1.0,0.0,1.0,0.0,1.0,0.0,0.0,0.0,0.0,0.0,0.0,0.0,0.0,0.0,1.6666666666666667,0.9,0.0,0.7,compromised,1,96.46259493565795
0.0,0.0,0.0,0.0,0.0,0.0,0.0,0.0,0.0,0.0,0.0,0.3333333333333333,0.0,0.0,0.0,0.0,0.0,0.0,0.0,0.5,normal,0,9.670069878262451
0.0,0.0,0.0,0.0,0.0,0.0,0.0,0.0,0.0,0.0,1.0,0.0,0.0,0.0,0.0,0.0,0.0,0.0,0.0,0.5,normal,0,13.247960243269764
1.0,1.0,1.0,0.0,1.0,0.0,1.0,0.0,0.0,0.0,1.0,1.0,1.0,1.0,1.0,1.0,1.6666666666666667,0.8555555555555556,0.0,1.0,compromised,1,97.24824500301106
0.0,0.0,0.0,0.0,0.0,0.0,0.0,0.0,0.0,0.0,0.0,0.0,0.0,0.0,0.0,0.0,0.0,0.0,0.0,0.4,normal,0,0.0
0.0,0.0,0.0,0.0,0.0,0.0,0.0,0.0,0.0,0.0,0.0,0.0,0.0,0.0,0.0,0.0,0.0,0.0,1.0,0.3,innocent_security_change,0,8.860961491108199
0.0,0.0,0.0,0.0,0.0,0.0,0.0,0.0,0.3333333333333333,1.0,0.0,0.3333333333333333,0.0,1.0,0.0,0.5945486666666667,0.0,0.0,0.0,0.7,medium,0,44.51962788910878
0.0,0.0,0.0,0.0,0.0,0.0,0.0,0.0,0.3333333333333333,1.0,1.0,0.3333333333333333,0.0,1.0,0.0,0.4506876,0.0,0.0,0.0,0.7,medium,0,52.89888018425606
0.0,0.0,0.0,0.0,0.0,0.0,0.0,0.0,0.0,0.0,0.0,0.3333333333333333,1.0,0.0,0.0,1.0,0.0,0.0,0.0,0.7,normal,0,33.989346136857655
0.0,0.0,0.0,0.0,0.0,0.0,0.0,0.0,0.0,0.0,0.0,0.3333333333333333,0.0,0.0,0.0,0.11272293333333333,0.0,0.0,0.0,0.6,normal,0,6.956966606435738
1.0,0.0,0.0,0.0,0.0,0.0,0.0,0.0,0.3333333333333333,1.0,0.0,0.3333333333333333,0.0,1.0,0.0,1.0,0.3333333333333333,0.0,0.0,0.7,medium,0,75.60657145396424
0.0,0.0,0.0,0.0,0.0,0.0,0.0,0.0,0.0,0.0,0.0,0.0,0.0,0.0,0.0,0.0,0.0,0.0,0.0,0.4,normal,0,1.9044785096670047
1.0,0.0,0.0,0.0,0.0,0.0,0.0,0.0,0.0,0.0,1.0,0.0,0.0,0.0,0.0,0.0,0.3333333333333333,0.0,0.0,0.3,compromised,1,55.13664265632713
1.0,1.0,0.0,0.0,0.0,0.0,0.0,0.0,0.0,0.0,0.0,0.0,0.0,0.0,0.0,0.0,0.6666666666666666,0.9,0.0,0.4,compromised,1,75.9562747307921
0.0,0.0,0.0,0.0,0.0,0.0,0.0,0.0,0.0,0.0,1.0,0.3333333333333333,0.0,0.0,0.0,0.18915333333333334,0.0,0.0,1.0,0.7,normal,0,31.33127472797165
0.0,0.0,0.0,0.0,0.0,0.0,0.0,0.0,0.0,0.0,0.0,0.3333333333333333,0.0,0.0,0.0,0.05105,0.0,0.0,0.0,0.7,normal,0,13.542147024727882
1.0,1.0,1.0,0.0,1.0,0.0,1.0,0.0,0.0,0.0,0.0,1.0,1.0,1.0,1.0,1.0,1.6666666666666667,0.8722222222222222,0.0,1.0,compromised,1,95.68333180632742
0.0,0.0,0.0,0.0,0.0,0.0,0.0,0.0,0.0,0.0,0.0,0.3333333333333333,0.0,0.0,0.0,0.1114868,0.0,0.0,0.0,0.8,normal,0,11.855739662159461
1.0,0.0,0.0,0.0,0.0,0.0,0.0,0.0,0.0,0.0,1.0,0.0,0.0,0.0,0.0,0.0,0.3333333333333333,0.0,0.0,0.3,compromised,1,57.65710623560094
0.0,0.0,0.0,0.0,0.0,0.0,0.0,0.0,0.0,0.0,0.0,0.3333333333333333,0.0,0.0,0.0,0.1187768,0.0,0.0,0.0,0.6,normal,0,13.881444490971152
0.0,0.0,0.0,0.0,0.0,0.0,0.0,0.0,0.0,0.0,0.0,0.0,0.0,0.0,0.0,0.0,0.0,0.0,1.0,0.5,innocent_security_change,0,10.752713879765668
1.0,0.0,0.0,0.0,0.0,0.0,0.0,0.0,0.3333333333333333,1.0,1.0,0.3333333333333333,0.0,1.0,0.0,1.0,0.3333333333333333,0.0,0.0,0.6,medium,0,76.77208371995918
0.0,0.0,0.0,0.0,0.0,0.0,0.0,0.0,0.0,0.0,1.0,0.3333333333333333,0.0,0.0,0.0,0.0,0.0,0.0,0.0,0.7,normal,0,17.0309055359837
0.0,0.0,0.0,0.0,0.0,0.0,0.0,0.0,0.0,0.0,0.0,0.0,0.0,0.0,0.0,0.0,0.0,0.0,0.0,0.5,normal,0,0.5805255433258782
0.0,0.0,0.0,0.0,0.0,0.0,0.0,0.0,0.0,0.0,0.0,0.3333333333333333,0.0,0.0,0.0,1.0,0.0,0.0,0.0,0.6,normal,0,24.127632648993192
0.0,0.0,0.0,0.0,0.0,0.0,0.0,0.0,0.0,0.0,0.0,0.3333333333333333,0.0,0.0,0.0,0.10307893333333333,0.0,0.0,0.0,0.4,normal,0,13.330257660516603
0.0,0.0,0.0,0.0,0.0,0.0,0.0,0.0,0.0,0.0,0.0,0.3333333333333333,0.0,0.0,0.0,0.053799066666666666,0.0,0.0,0.0,0.6,normal,0,10.421605267597148
0.0,0.0,0.0,0.0,0.0,0.0,0.0,0.0,0.0,0.0,0.0,0.3333333333333333,0.0,0.0,0.0,0.1561164,0.0,0.0,0.0,0.7,normal,0,15.069326226463527
1.0,1.0,1.0,0.0,1.0,0.0,1.0,0.0,0.0,0.0,1.0,0.0,0.0,0.0,0.0,0.0,1.6666666666666667,0.8444444444444444,0.0,0.7,compromised,1,95.99826782632488
0.0,0.0,0.0,1.0,0.0,0.0,0.0,0.0,0.0,0.0,0.0,0.3333333333333333,1.0,0.0,0.0,0.19946973333333332,0.3333333333333333,0.0,0.0,0.6,innocent_security_change,0,38.641585521695326
1.0,1.0,1.0,0.0,1.0,0.0,1.0,0.0,0.0,0.0,0.0,1.0,1.0,1.0,1.0,1.0,1.6666666666666667,0.8722222222222222,0.0,1.0,compromised,1,98.68486462815505
0.0,0.0,0.0,0.0,0.0,0.0,0.0,0.0,0.0,0.0,0.0,0.3333333333333333,0.0,0.0,0.0,0.008153333333333334,0.0,0.0,0.0,0.5,normal,0,13.194310696604104
0.0,0.0,0.0,0.0,0.0,0.0,0.0,0.0,0.0,0.0,0.0,0.3333333333333333,0.0,0.0,0.0,0.04626066666666667,0.0,0.0,0.0,0.6,normal,0,10.413986887831674
1.0,1.0,1.0,0.0,1.0,0.0,1.0,0.0,0.0,0.0,0.0,0.0,0.0,0.0,0.0,0.0,1.6666666666666667,0.8944444444444445,0.0,0.7,compromised,1,98.51932986888973
0.0,0.0,0.0,0.0,0.0,0.0,0.0,0.0,0.0,0.0,0.0,0.0,0.0,0.0,0.0,0.0,0.0,0.0,0.0,0.5,normal,0,0.0
1.0,0.0,0.0,0.0,0.0,0.0,0.0,0.0,0.3333333333333333,1.0,1.0,0.3333333333333333,0.0,1.0,0.0,0.5709854666666667,0.3333333333333333,0.0,0.0,0.9,medium,0,78.34814137972688
0.0,0.0,0.0,0.0,0.0,0.0,0.0,0.0,0.0,0.0,1.0,0.3333333333333333,1.0,0.0,0.0,0.1645228,0.0,0.0,0.0,0.6,normal,0,32.01712981652626
0.0,0.0,0.0,0.0,0.0,0.0,0.0,0.0,0.0,0.0,0.0,0.3333333333333333,0.0,0.0,0.0,0.015648533333333336,0.0,0.0,0.0,0.6,normal,0,9.356646597493802
0.0,0.0,0.0,0.0,0.0,0.0,0.0,0.0,0.0,0.0,0.0,0.0,0.0,0.0,0.0,0.0,0.0,0.0,0.0,0.4,normal,0,3.0965861520465516
1.0,0.0,0.0,0.0,0.0,0.0,0.0,0.0,0.3333333333333333,1.0,1.0,0.3333333333333333,0.0,1.0,0.0,0.7704810666666667,0.3333333333333333,0.0,0.0,0.7,medium,0,71.66507639234625
1.0,1.0,1.0,0.0,1.0,0.0,1.0,0.0,0.0,0.0,1.0,0.6666666666666666,1.0,1.0,0.0,1.0,1.6666666666666667,0.8222222222222222,0.0,1.0,compromised,1,96.78335208280808
0.0,0.0,0.0,0.0,0.0,0.0,0.0,0.0,0.0,0.0,0.0,0.0,0.0,0.0,0.0,0.0,0.0,0.0,0.0,0.4,normal,0,3.759965639487162
0.0,0.0,0.0,0.0,0.0,0.0,0.0,0.0,0.0,0.0,1.0,0.3333333333333333,0.0,0.0,0.0,0.0269468,0.0,0.0,0.0,0.6,normal,0,23.222089701513433
0.0,0.0,0.0,1.0,0.0,0.0,0.0,0.0,0.0,0.0,0.0,0.0,0.0,0.0,0.0,0.0,0.3333333333333333,0.0,0.0,0.5,innocent_security_change,0,22.574285784628508
1.0,0.0,0.0,0.0,0.0,0.0,0.0,0.0,0.0,0.0,1.0,0.0,0.0,0.0,0.0,0.0,0.3333333333333333,0.0,0.0,0.4,compromised,1,55.120545988610644
0.0,0.0,0.0,1.0,0.0,0.0,0.0,0.0,0.0,0.0,0.0,0.0,0.0,0.0,0.0,0.0,0.3333333333333333,0.0,0.0,0.5,innocent_security_change,0,22.615568721351284
1.0,1.0,1.0,0.0,1.0,0.0,1.0,0.0,0.0,0.0,1.0,1.0,1.0,1.0,1.0,1.0,1.6666666666666667,0.8833333333333333,0.0,1.1,compromised,1,100.0
0.0,0.0,0.0,0.0,0.0,0.0,0.0,0.0,0.3333333333333333,1.0,0.0,0.3333333333333333,0.0,1.0,0.0,1.0,0.0,0.0,0.0,0.5,medium,0,48.85405514564937
0.0,0.0,0.0,0.0,0.0,0.0,0.0,0.0,0.0,0.0,0.0,0.0,0.0,0.0,0.0,0.0,0.0,0.0,0.0,0.4,normal,0,1.542783701290199
0.0,0.0,0.0,0.0,0.0,0.0,0.0,0.0,0.3333333333333333,1.0,0.0,0.3333333333333333,0.0,1.0,0.0,1.0,0.0,0.0,0.0,0.5,medium,0,49.31534595428355
0.0,0.0,0.0,0.0,0.0,0.0,0.0,0.0,0.3333333333333333,1.0,0.0,0.3333333333333333,0.0,1.0,0.0,0.5654097333333333,0.0,0.0,0.0,0.8,medium,0,46.078520645742415
1.0,1.0,1.0,0.0,1.0,0.0,1.0,0.0,0.0,0.0,1.0,1.0,1.0,1.0,1.0,1.0,1.6666666666666667,0.9166666666666666,0.0,1.0,compromised,1,100.0
0.0,0.0,0.0,0.0,0.0,0.0,0.0,0.0,0.0,0.0,1.0,0.3333333333333333,0.0,0.0,0.0,0.04181,0.0,0.0,0.0,0.5,normal,0,17.359888893922523
0.0,0.0,0.0,0.0,0.0,0.0,0.0,0.0,0.0,0.0,0.0,0.3333333333333333,0.0,0.0,0.0,1.0,0.0,0.0,0.0,0.5,normal,0,20.70852522812999
0.0,0.0,0.0,0.0,0.0,0.0,0.0,0.0,0.0,0.0,0.0,0.3333333333333333,0.0,0.0,0.0,0.11567826666666668,0.0,0.0,0.0,0.7,normal,0,11.06439673104337
0.0,0.0,0.0,0.0,0.0,0.0,0.0,0.0,0.0,0.0,0.0,0.3333333333333333,1.0,0.0,0.0,0.1930652,0.0,0.0,0.0,0.7,normal,0,21.143690642896786
0.0,0.0,0.0,0.0,0.0,0.0,0.0,0.0,0.0,0.0,0.0,0.0,0.0,0.0,0.0,0.0,0.0,0.0,0.0,0.5,normal,0,4.311342796188995
0.0,0.0,0.0,0.0,0.0,0.0,0.0,0.0,0.0,0.0,1.0,0.3333333333333333,0.0,0.0,0.0,0.24470339048033063,0.0,0.0,1.0,0.7,normal,0,29.979764726710986
1.0,1.0,1.0,0.0,1.0,0.0,1.0,0.0,0.0,0.0,1.0,1.0,1.0,1.0,1.0,1.0,1.6666666666666667,0.8833333333333333,0.0,1.0,compromised,1,98.0298762934422
0.0,0.0,0.0,0.0,0.0,0.0,0.0,0.0,0.0,0.0,1.0,0.0,0.0,0.0,0.0,0.0,0.0,0.0,0.0,0.5,normal,0,12.950613115802499
0.0,0.0,0.0,0.0,0.0,0.0,0.0,0.0,0.3333333333333333,1.0,0.0,0.3333333333333333,0.0,1.0,0.0,0.7536240000000001,0.0,0.0,0.0,0.6,medium,0,42.98794966497352
1.0,1.0,1.0,0.0,0.0,0.0,0.0,0.0,0.0,0.0,1.0,0.0,0.0,0.0,0.0,0.0,1.0,0.8,0.0,0.5,compromised,1,85.61028496067125
0.0,0.0,0.0,0.0,0.0,0.0,0.0,0.0,0.0,0.0,0.0,0.0,0.0,0.0,0.0,0.0,0.0,0.0,0.0,0.4,normal,0,2.010397919390872
0.0,0.0,0.0,0.0,0.0,0.0,0.0,0.0,0.3333333333333333,1.0,0.0,0.3333333333333333,0.0,1.0,0.0,1.0,0.0,0.0,0.0,0.4,medium,0,45.64715870403397
0.0,0.0,0.0,0.0,0.0,0.0,0.0,0.0,0.3333333333333333,1.0,0.0,0.3333333333333333,0.0,1.0,0.0,1.0,0.0,0.0,0.0,0.5,medium,0,47.62896309233514
0.0,0.0,0.0,0.0,0.0,0.0,0.0,0.0,0.0,0.0,0.0,0.0,0.0,0.0,0.0,0.0,0.0,0.0,0.0,0.4,normal,0,3.877311352744142
0.0,0.0,0.0,0.0,0.0,0.0,0.0,0.0,0.0,0.0,1.0,0.0,0.0,0.0,0.0,0.0,0.0,0.0,0.0,0.5,normal,0,18.25254570226669
1.0,0.0,0.0,0.0,0.0,0.0,0.0,0.0,0.3333333333333333,1.0,1.0,0.3333333333333333,0.0,1.0,0.0,0.40773213333333336,0.3333333333333333,0.0,0.0,0.8,medium,0,75.98295847507698
1.0,1.0,1.0,0.0,1.0,0.0,1.0,0.0,0.0,0.0,0.0,0.0,0.0,0.0,0.0,0.0,1.6666666666666667,0.9277777777777778,0.0,0.7,compromised,1,95.30363277102401
0.0,0.0,0.0,0.0,0.0,0.0,0.0,0.0,0.0,0.0,0.0,0.3333333333333333,0.0,0.0,0.0,0.1594644,0.0,0.0,0.0,0.6,normal,0,11.779019265859954
1.0,1.0,1.0,0.0,1.0,0.0,1.0,0.0,0.0,0.0,0.0,0.3333333333333333,1.0,0.0,0.0,1.0,1.6666666666666667,0.8611111111111112,0.0,0.8,compromised,1,91.39974098082075
1.0,1.0,1.0,0.0,0.0,0.0,1.0,0.0,0.0,0.0,1.0,1.0,1.0,1.0,1.0,1.0,1.3333333333333333,0.9,0.0,1.0,compromised,1,96.6205717380938
1.0,1.0,1.0,0.0,1.0,0.0,1.0,0.0,0.0,0.0,0.0,1.0,1.0,1.0,1.0,1.0,1.6666666666666667,0.9222222222222223,0.0,1.0,compromised,1,97.96398847573647
0.0,0.0,0.0,0.0,0.0,0.0,0.0,0.0,0.0,0.0,0.0,0.3333333333333333,0.0,0.0,0.0,0.0837272,0.0,0.0,1.0,0.4,innocent_security_change,0,23.69214351404007
1.0,0.0,0.0,0.0,0.0,0.0,0.0,0.0,0.3333333333333333,1.0,1.0,0.3333333333333333,0.0,1.0,0.0,1.0,0.3333333333333333,0.0,0.0,0.6,medium,0,76.75532874966592
1.0,1.0,1.0,0.0,1.0,0.0,1.0,0.0,0.0,0.0,0.0,1.0,1.0,1.0,1.0,1.0,1.6666666666666667,0.9055555555555556,0.0,1.0,compromised,1,98.55665393002181
0.0,0.0,0.0,0.0,0.0,0.0,0.0,0.0,0.3333333333333333,1.0,0.0,0.3333333333333333,0.0,1.0,0.0,1.0,0.0,0.0,0.0,0.7,medium,0,48.69582268407411
0.0,0.0,0.0,0.0,0.0,0.0,0.0,0.0,0.0,0.0,0.0,0.0,0.0,0.0,0.0,0.0,0.0,0.0,0.0,0.5,normal,0,0.649347009478725
0.0,0.0,0.0,0.0,0.0,0.0,0.0,0.0,0.0,0.0,0.0,0.3333333333333333,0.0,0.0,0.0,0.0,0.0,0.0,0.0,0.5,normal,0,12.098706211575077
0.0,0.0,0.0,0.0,0.0,0.0,0.0,0.0,0.3333333333333333,1.0,0.0,0.0,0.0,0.0,0.0,0.0,0.0,0.0,0.0,0.5,medium,0,25.286998745252067
0.0,0.0,0.0,0.0,0.0,0.0,0.0,0.0,0.0,0.0,0.0,0.3333333333333333,0.0,0.0,0.0,0.0441739315959562,0.0,0.0,0.0,0.6,normal,0,12.45396331181552
0.0,0.0,0.0,0.0,0.0,0.0,0.0,0.0,0.3333333333333333,1.0,1.0,0.3333333333333333,0.0,1.0,0.0,0.6184586666666667,0.0,0.0,0.0,0.6,medium,0,48.82747904510654
0.0,0.0,0.0,0.0,0.0,0.0,0.0,0.0,0.0,0.0,0.0,0.3333333333333333,1.0,0.0,0.0,0.17698466666666668,0.0,0.0,0.0,0.6,normal,0,27.583202001299462
0.0,0.0,0.0,0.0,0.0,0.0,0.0,0.0,0.0,0.0,0.0,0.3333333333333333,1.0,0.0,0.0,0.1857312,0.0,0.0,0.0,0.7,normal,0,21.217589572214607
0.0,0.0,0.0,0.0,0.0,0.0,0.0,0.0,0.0,0.0,0.0,0.3333333333333333,0.0,0.0,0.0,0.020056266666666666,0.0,0.0,0.0,0.4,normal,0,10.312636165737905
1.0,0.0,0.0,0.0,0.0,0.0,0.0,0.0,0.3333333333333333,1.0,1.0,0.3333333333333333,0.0,1.0,0.0,0.5547262666666667,0.3333333333333333,0.0,0.0,0.8,medium,0,81.53994235442727
0.0,0.0,0.0,0.0,0.0,0.0,0.0,0.0,0.0,0.0,0.0,0.0,0.0,0.0,0.0,0.0,0.0,0.0,0.0,0.4,normal,0,0.390843397881075
0.0,0.0,0.0,0.0,0.0,0.0,0.0,0.0,0.0,0.0,0.0,0.3333333333333333,0.0,0.0,0.0,0.19845693333333334,0.0,0.0,1.0,0.7,normal,0,19.23338015808754
0.0,0.0,0.0,0.0,0.0,0.0,0.0,0.0,0.3333333333333333,1.0,0.0,0.3333333333333333,0.0,1.0,0.0,0.7679632,0.0,0.0,0.0,0.6,medium,0,46.88691873815836
1.0,1.0,1.0,0.0,1.0,0.0,1.0,0.0,0.0,0.0,1.0,1.0,1.0,1.0,1.0,1.0,1.6666666666666667,0.8722222222222222,0.0,1.0,compromised,1,96.75198374926451
0.0,0.0,0.0,0.0,0.0,0.0,0.0,0.0,0.0,0.0,0.0,0.3333333333333333,0.0,0.0,0.0,0.1775692,0.0,0.0,1.0,0.6,normal,0,15.950050896692154
0.0,0.0,0.0,0.0,0.0,0.0,0.0,0.0,0.0,0.0,0.0,0.3333333333333333,0.0,0.0,0.0,0.15355546666666667,0.0,0.0,0.0,0.7,normal,0,12.699324188627823
0.0,0.0,0.0,0.0,0.0,0.0,0.0,0.0,0.0,0.0,0.0,0.0,0.0,0.0,0.0,0.0,0.0,0.0,0.0,0.5,normal,0,0.915282819212293
1.0,1.0,1.0,0.0,1.0,0.0,1.0,0.0,0.0,0.0,0.0,1.0,1.0,1.0,1.0,1.0,1.6666666666666667,0.8388888888888889,0.0,1.0,compromised,1,98.94373810957288
1.0,1.0,1.0,0.0,1.0,0.0,1.0,0.0,0.0,0.0,1.0,1.0,1.0,1.0,1.0,1.0,1.6666666666666667,0.8666666666666667,0.0,1.1,compromised,1,95.72333329234893
0.0,0.0,0.0,0.0,0.0,0.0,0.0,0.0,0.0,0.0,0.0,0.3333333333333333,0.0,0.0,0.0,0.1415324,0.0,0.0,0.0,0.5,normal,0,14.965784145839468
0.0,0.0,0.0,0.0,0.0,0.0,0.0,0.0,0.0,0.0,0.0,0.0,0.0,0.0,0.0,0.0,0.0,0.0,0.0,0.5,normal,0,1.6129088726869625
1.0,1.0,1.0,0.0,1.0,0.0,1.0,0.0,0.0,0.0,0.0,1.0,1.0,1.0,1.0,1.0,1.6666666666666667,0.8555555555555556,0.0,1.0,compromised,1,96.96543873746003
0.0,0.0,0.0,0.0,0.0,0.0,0.0,0.0,0.0,0.0,0.0,0.3333333333333333,0.0,0.0,0.0,0.18113866666666667,0.0,0.0,1.0,0.7,normal,0,22.482779064357178
0.0,0.0,0.0,0.0,0.0,0.0,0.0,0.0,0.0,0.0,0.0,0.0,0.0,0.0,0.0,0.0,0.0,0.0,0.0,0.4,normal,0,0.0
0.0,0.0,0.0,0.0,0.0,0.0,0.0,0.0,0.0,0.0,0.0,0.3333333333333333,0.0,0.0,0.0,0.13032426666666666,0.0,0.0,0.0,0.7,normal,0,12.800491152871425
0.0,0.0,0.0,0.0,0.0,0.0,0.0,0.0,0.0,0.0,1.0,0.0,0.0,0.0,0.0,0.0,0.0,0.0,0.0,0.6,normal,0,17.431477975017433
0.0,0.0,0.0,0.0,0.0,0.0,0.0,0.0,0.0,0.0,0.0,0.3333333333333333,0.0,0.0,0.0,0.11164253333333334,0.0,0.0,0.0,0.5,normal,0,6.684856055817343
0.0,0.0,0.0,0.0,0.0,0.0,0.0,0.0,0.0,0.0,1.0,0.3333333333333333,0.0,0.0,0.0,0.0865784,0.0,0.0,0.0,0.8,normal,0,21.835919376121836
0.0,0.0,0.0,0.0,0.0,0.0,0.0,0.0,0.0,0.0,1.0,0.3333333333333333,0.0,0.0,0.0,0.05917373333333333,0.0,0.0,0.0,0.8,normal,0,21.710003847635686
0.0,0.0,0.0,0.0,0.0,0.0,0.0,0.0,0.0,0.0,0.0,0.0,0.0,0.0,0.0,0.0,0.0,0.0,0.0,0.4,normal,0,4.821741390151072
0.0,0.0,0.0,0.0,0.0,0.0,0.0,0.0,0.0,0.0,0.0,0.3333333333333333,0.0,0.0,0.0,0.11693706666666667,0.0,0.0,0.0,0.6,normal,0,8.3265039744973
0.0,0.0,0.0,0.0,0.0,0.0,0.0,0.0,0.3333333333333333,1.0,0.0,0.3333333333333333,0.0,1.0,0.0,1.0,0.0,0.0,0.0,0.8,medium,0,45.85259951011329
0.0,0.0,0.0,0.0,0.0,0.0,0.0,0.0,0.0,0.0,0.0,0.3333333333333333,1.0,0.0,0.0,0.19997773333333332,0.0,0.0,1.0,0.8,innocent_security_change,0,33.20800092087876
0.0,0.0,0.0,0.0,0.0,0.0,0.0,0.0,0.3333333333333333,1.0,0.0,0.3333333333333333,0.0,1.0,0.0,1.0,0.0,0.0,0.0,0.7,medium,0,49.52506379142018
1.0,1.0,1.0,0.0,1.0,0.0,1.0,0.0,0.0,0.0,1.0,1.0,1.0,1.0,1.0,1.0,1.6666666666666667,0.9333333333333333,0.0,1.0,compromised,1,98.67195831764248
1.0,1.0,1.0,0.0,1.0,0.0,1.0,0.0,0.0,0.0,0.0,1.0,1.0,1.0,1.0,1.0,1.6666666666666667,0.9333333333333333,0.0,0.9,compromised,1,98.67068090754759
1.0,0.0,0.0,0.0,0.0,0.0,0.0,0.0,0.3333333333333333,1.0,0.0,0.3333333333333333,0.0,1.0,0.0,0.5665984,0.3333333333333333,0.0,0.0,0.8,medium,0,71.65082502270315
0.0,0.0,0.0,0.0,0.0,0.0,0.0,0.0,0.0,0.0,0.0,0.0,0.0,0.0,0.0,0.0,0.0,0.0,0.0,0.5,normal,0,4.151676346430064
0.0,0.0,0.0,0.0,0.0,0.0,0.0,0.0,0.0,0.0,0.0,0.0,0.0,0.0,0.0,0.0,0.0,0.0,0.0,0.4,normal,0,3.599865393954499
0.0,0.0,0.0,0.0,0.0,0.0,0.0,0.0,0.0,0.0,1.0,0.3333333333333333,0.0,0.0,0.0,0.16924013333333335,0.0,0.0,1.0,0.7,normal,0,26.761236000570346
1.0,0.0,0.0,0.0,0.0,0.0,0.0,0.0,0.3333333333333333,1.0,0.0,0.3333333333333333,0.0,1.0,0.0,0.5210228,0.3333333333333333,0.0,1.0,0.9,medium,0,80.34676660192925
0.0,0.0,0.0,0.0,0.0,0.0,0.0,0.0,0.0,0.0,0.0,0.3333333333333333,1.0,0.0,0.0,0.3660859135591885,0.0,0.0,0.0,0.6,normal,0,27.32067155455412
0.0,0.0,0.0,0.0,0.0,0.0,0.0,0.0,0.0,0.0,0.0,0.0,0.0,0.0,0.0,0.0,0.0,0.0,0.0,0.4,normal,0,0.0
1.0,1.0,1.0,0.0,1.0,0.0,1.0,0.0,0.0,0.0,0.0,1.0,1.0,1.0,1.0,1.0,1.6666666666666667,0.9055555555555556,0.0,0.9,compromised,1,99.42813160521888
1.0,1.0,1.0,0.0,1.0,0.0,1.0,0.0,0.0,0.0,0.0,1.0,1.0,1.0,1.0,1.0,1.6666666666666667,0.8666666666666667,0.0,1.0,compromised,1,95.34108288418197
1.0,0.0,0.0,0.0,0.0,0.0,0.0,0.0,0.0,0.0,0.0,0.0,0.0,0.0,0.0,0.0,0.3333333333333333,0.0,0.0,0.3,compromised,1,53.82060250096432
0.0,0.0,0.0,0.0,0.0,0.0,0.0,0.0,0.3333333333333333,1.0,1.0,0.3333333333333333,0.0,1.0,0.0,0.7170345333333333,0.0,0.0,0.0,0.7,medium,0,55.042858753756335
0.0,0.0,0.0,0.0,0.0,0.0,0.0,0.0,0.3333333333333333,1.0,0.0,0.3333333333333333,0.0,1.0,0.0,1.0,0.0,0.0,0.0,0.5,medium,0,45.98047157562088
0.0,0.0,0.0,0.0,0.0,0.0,0.0,0.0,0.0,0.0,0.0,0.3333333333333333,0.0,0.0,0.0,0.047004000000000004,0.0,0.0,0.0,0.7,normal,0,13.570120272322649
1.0,0.0,0.0,0.0,0.0,0.0,0.0,0.0,0.3333333333333333,1.0,1.0,0.3333333333333333,0.0,1.0,0.0,0.5633072,0.3333333333333333,0.0,0.0,0.6,medium,0,76.77534277446355
1.0,0.0,0.0,0.0,0.0,0.0,0.0,0.0,0.3333333333333333,1.0,0.0,0.3333333333333333,0.0,1.0,0.0,0.5402472,0.3333333333333333,0.0,0.0,0.8,medium,0,75.30369778908258
0.0,0.0,0.0,0.0,0.0,0.0,0.0,0.0,0.0,0.0,0.0,0.3333333333333333,1.0,0.0,0.0,0.17772453333333332,0.0,0.0,0.0,0.7,normal,0,29.3764796540606
0.0,0.0,0.0,0.0,0.0,0.0,0.0,0.0,0.0,0.0,0.0,0.0,0.0,0.0,0.0,0.0,0.0,0.0,0.0,0.5,normal,0,2.957571813520379
0.0,0.0,0.0,0.0,0.0,0.0,0.0,0.0,0.0,0.0,0.0,0.3333333333333333,0.0,0.0,0.0,0.11677653333333333,0.0,0.0,0.0,0.5,normal,0,8.885882170335304
0.0,0.0,0.0,0.0,0.0,0.0,0.0,0.0,0.3333333333333333,1.0,1.0,0.3333333333333333,0.0,1.0,0.0,0.5324901333333334,0.0,0.0,0.0,0.6,medium,0,48.26186374379445
0.0,0.0,0.0,0.0,0.0,0.0,0.0,0.0,0.0,0.0,0.0,0.0,0.0,0.0,0.0,0.0,0.0,0.0,0.0,0.4,normal,0,0.8276584982942001
0.0,0.0,0.0,0.0,0.0,0.0,0.0,0.0,0.0,0.0,0.0,0.3333333333333333,0.0,0.0,0.0,0.10121586666666667,0.0,0.0,0.0,0.5,normal,0,10.37527960584141
1.0,0.0,0.0,0.0,0.0,0.0,0.0,0.0,0.3333333333333333,1.0,1.0,0.3333333333333333,0.0,1.0,0.0,0.5624332,0.3333333333333333,0.0,0.0,0.9,medium,0,77.1167564814791
0.0,0.0,0.0,0.0,0.0,0.0,0.0,0.0,0.0,0.0,0.0,0.0,0.0,0.0,0.0,0.0,0.0,0.0,0.0,0.4,normal,0,3.5589112090328436
0.0,0.0,0.0,0.0,0.0,0.0,0.0,0.0,0.0,0.0,1.0,0.3333333333333333,0.0,0.0,0.0,0.6471511248421226,0.0,0.0,0.0,0.6,normal,0,28.537054158160842
0.0,0.0,0.0,0.0,0.0,0.0,0.0,0.0,0.0,0.0,0.0,0.0,0.0,0.0,0.0,0.0,0.0,0.0,0.0,0.5,normal,0,3.603546833222323
0.0,0.0,0.0,0.0,0.0,0.0,0.0,0.0,0.0,0.0,1.0,0.3333333333333333,0.0,0.0,0.0,0.4904679261375746,0.0,0.0,1.0,0.8,normal,0,35.93685874104026
1.0,1.0,1.0,0.0,1.0,0.0,1.0,0.0,0.0,0.0,1.0,1.0,1.0,1.0,1.0,1.0,1.6666666666666667,0.9111111111111111,0.0,1.0,compromised,1,97.37140949511078
0.0,0.0,0.0,0.0,0.0,0.0,0.0,0.0,0.0,0.0,0.0,0.3333333333333333,1.0,0.0,0.0,0.16952920000000002,0.0,0.0,0.0,0.6,normal,0,30.794260337545023
0.0,0.0,0.0,0.0,0.0,0.0,0.0,0.0,0.0,0.0,0.0,0.3333333333333333,0.0,0.0,0.0,0.0302944,0.0,0.0,0.0,0.7,normal,0,12.509665303798306
1.0,0.0,0.0,0.0,0.0,0.0,0.0,0.0,0.0,0.0,1.0,0.0,0.0,0.0,0.0,0.0,0.3333333333333333,0.0,0.0,0.3,compromised,1,54.68605376605132
1.0,0.0,0.0,0.0,0.0,0.0,0.0,0.0,0.3333333333333333,1.0,1.0,0.3333333333333333,0.0,1.0,0.0,0.5912997333333334,0.3333333333333333,0.0,0.0,0.7,medium,0,73.33978016589624
0.0,0.0,0.0,0.0,0.0,0.0,0.0,0.0,0.0,0.0,1.0,0.3333333333333333,1.0,0.0,0.0,0.18970533333333334,0.0,0.0,0.0,0.6,normal,0,33.25504873890509
1.0,0.0,0.0,0.0,0.0,0.0,0.0,0.0,0.0,0.0,0.0,0.0,0.0,0.0,0.0,0.0,0.3333333333333333,0.0,0.0,0.3,compromised,1,51.294234028293566
0.0,0.0,0.0,0.0,0.0,1.0,0.0,0.0,0.0,0.0,0.0,0.0,0.0,0.0,0.0,0.0,0.3333333333333333,0.0,0.0,0.4,innocent_security_change,0,25.099271310890256
0.0,0.0,0.0,0.0,0.0,0.0,0.0,0.0,0.0,0.0,0.0,0.3333333333333333,0.0,0.0,0.0,0.13631773333333333,0.0,0.0,0.0,0.7,normal,0,13.491416295213096
0.0,0.0,0.0,0.0,0.0,0.0,0.0,0.0,0.0,0.0,0.0,0.3333333333333333,1.0,0.0,0.0,0.18697826666666667,0.0,0.0,0.0,0.6,normal,0,24.004427684314994
0.0,0.0,0.0,0.0,0.0,0.0,0.0,0.0,0.0,0.0,0.0,0.0,0.0,0.0,0.0,0.0,0.0,0.0,0.0,0.3,compromised,1,0.04120439659213959
0.0,0.0,0.0,0.0,0.0,0.0,0.0,0.0,0.0,0.0,0.0,0.0,0.0,0.0,0.0,0.0,0.0,0.0,0.0,0.4,normal,0,0.0
0.0,1.0,0.0,0.0,0.0,0.0,0.0,0.0,0.0,0.0,0.0,0.3333333333333333,0.0,0.0,0.0,0.07942453333333334,0.3333333333333333,0.0,0.0,0.6,innocent_security_change,0,36.9701823376677
0.0,0.0,0.0,0.0,0.0,0.0,0.0,0.0,0.0,0.0,1.0,0.3333333333333333,0.0,0.0,0.0,0.061012666666666666,0.0,0.0,0.0,0.5,normal,0,21.481624454826292
0.0,0.0,0.0,0.0,0.0,0.0,0.0,0.0,0.0,0.0,0.0,0.3333333333333333,0.0,0.0,0.0,0.15700573333333334,0.0,0.0,0.0,0.6,normal,0,12.468879383075382
0.0,0.0,0.0,0.0,0.0,0.0,0.0,0.0,0.3333333333333333,1.0,0.0,0.3333333333333333,0.0,1.0,0.0,0.7446426666666667,0.0,0.0,0.0,0.8,medium,0,44.11530545316368
0.0,0.0,0.0,0.0,0.0,0.0,0.0,0.0,0.0,0.0,0.0,0.3333333333333333,0.0,0.0,0.0,0.13658853333333332,0.0,0.0,0.0,0.5,normal,0,11.459942254566446
0.0,0.0,0.0,0.0,0.0,0.0,0.0,0.0,0.0,0.0,0.0,0.3333333333333333,0.0,0.0,0.0,0.07958293333333334,0.0,0.0,0.0,0.5,normal,0,11.249476741115343
0.0,0.0,0.0,0.0,0.0,0.0,0.0,0.0,0.0,0.0,1.0,0.3333333333333333,0.0,0.0,0.0,0.13833106666666667,0.0,0.0,0.0,0.7,normal,0,19.184732887457752
0.0,0.0,0.0,0.0,0.0,0.0,0.0,0.0,0.0,0.0,0.0,0.3333333333333333,0.0,0.0,0.0,0.14269466666666666,0.0,0.0,0.0,0.6,normal,0,12.134447076542616
0.0,0.0,0.0,0.0,0.0,1.0,0.0,0.0,0.0,0.0,1.0,0.3333333333333333,0.0,0.0,0.0,0.09654666666666667,0.3333333333333333,0.0,0.0,0.9,innocent_security_change,0,38.61016708683147
0.0,0.0,0.0,0.0,0.0,0.0,0.0,0.0,0.0,0.0,0.0,0.3333333333333333,0.0,0.0,0.0,0.07632746666666668,0.0,0.0,0.0,0.6,normal,0,8.036671158225317
0.0,0.0,0.0,0.0,0.0,0.0,0.0,0.0,0.0,0.0,0.0,0.3333333333333333,1.0,0.0,0.0,1.0,0.0,0.0,0.0,0.7,normal,0,34.024768813807206
0.0,0.0,0.0,0.0,0.0,0.0,0.0,0.0,0.0,0.0,1.0,0.0,0.0,0.0,0.0,0.0,0.0,0.0,0.0,0.4,normal,0,14.307928859627205
0.0,0.0,0.0,0.0,0.0,0.0,0.0,0.0,0.0,0.0,1.0,0.0,0.0,0.0,0.0,0.0,0.0,0.0,0.0,0.5,normal,0,16.244709057178557
1.0,1.0,1.0,0.0,1.0,0.0,1.0,0.0,0.0,0.0,0.0,1.0,1.0,1.0,1.0,1.0,1.6666666666666667,0.9111111111111111,0.0,1.0,compromised,1,100.0
0.0,0.0,0.0,0.0,0.0,0.0,0.0,0.0,0.3333333333333333,1.0,0.0,0.3333333333333333,0.0,1.0,0.0,0.7313009333333333,0.0,0.0,0.0,0.6,medium,0,42.90829250816906
0.0,0.0,0.0,0.0,0.0,0.0,0.0,0.0,0.0,0.0,0.0,0.3333333333333333,0.0,0.0,0.0,0.0,0.0,0.0,0.0,0.4,normal,0,6.234619792068726
0.0,0.0,0.0,0.0,0.0,0.0,0.0,0.0,0.0,0.0,0.0,0.3333333333333333,0.0,0.0,0.0,0.11605186666666666,0.0,0.0,0.0,0.7,normal,0,13.337034804738082
0.0,0.0,0.0,0.0,0.0,0.0,0.0,0.0,0.0,0.0,0.0,0.0,0.0,0.0,0.0,0.0,0.0,0.0,0.0,0.4,normal,0,4.151649087988318
0.0,0.0,0.0,0.0,0.0,0.0,0.0,0.0,0.0,0.0,1.0,0.3333333333333333,0.0,0.0,0.0,0.0,0.0,0.0,0.0,0.6,normal,0,20.498939542766
0.0,0.0,0.0,0.0,0.0,0.0,0.0,0.0,0.0,0.0,1.0,0.0,0.0,0.0,0.0,0.0,0.0,0.0,0.0,0.5,normal,0,23.168909675877167
0.0,0.0,0.0,0.0,0.0,0.0,0.0,0.0,0.0,0.0,1.0,0.3333333333333333,0.0,0.0,0.0,0.12748813333333334,0.0,0.0,0.0,0.6,normal,0,22.122865011350765
0.0,0.0,0.0,0.0,0.0,0.0,0.0,0.0,0.3333333333333333,1.0,0.0,0.3333333333333333,0.0,1.0,0.0,1.0,0.0,0.0,0.0,0.5,medium,0,50.87109147195166
0.0,0.0,0.0,0.0,0.0,0.0,0.0,0.0,0.0,0.0,0.0,0.3333333333333333,1.0,0.0,0.0,0.17398053333333335,0.0,0.0,0.0,0.6,normal,0,26.428037358583946
0.0,0.0,0.0,0.0,0.0,0.0,0.0,0.0,0.0,0.0,0.0,0.0,0.0,0.0,0.0,0.0,0.0,0.0,0.0,0.4,normal,0,4.495662338972291
0.0,0.0,0.0,0.0,0.0,0.0,0.0,0.0,0.0,0.0,1.0,0.3333333333333333,0.0,0.0,0.0,0.12759813333333334,0.0,0.0,0.0,0.5,normal,0,19.329882354277053
0.0,0.0,0.0,0.0,0.0,0.0,0.0,0.0,0.0,0.0,0.0,0.3333333333333333,0.0,0.0,0.0,0.08093639999999999,0.0,0.0,1.0,0.7,innocent_security_change,0,21.178472384574217
0.0,0.0,0.0,0.0,0.0,0.0,0.0,0.0,0.0,0.0,0.0,0.3333333333333333,0.0,0.0,0.0,0.12733733333333333,0.0,0.0,0.0,0.7,normal,0,10.261637975155095
0.0,0.0,0.0,0.0,0.0,0.0,0.0,0.0,0.0,0.0,0.0,0.3333333333333333,0.0,0.0,0.0,0.0,0.0,0.0,0.0,0.5,normal,0,8.649602658437503
0.0,0.0,0.0,0.0,0.0,0.0,0.0,0.0,0.0,0.0,1.0,0.0,0.0,0.0,0.0,0.0,0.0,0.0,0.0,0.6,normal,0,12.950212219738605
1.0,0.0,0.0,0.0,0.0,0.0,0.0,0.0,0.0,0.0,1.0,0.0,0.0,0.0,0.0,0.0,0.3333333333333333,0.0,0.0,0.4,compromised,1,57.34646534430942
1.0,0.0,0.0,0.0,0.0,0.0,0.0,0.0,0.3333333333333333,1.0,0.0,0.3333333333333333,0.0,1.0,0.0,1.0,0.3333333333333333,0.0,0.0,0.5,medium,0,80.2137304253737
0.0,0.0,0.0,0.0,0.0,0.0,0.0,0.0,0.3333333333333333,1.0,0.0,0.3333333333333333,0.0,1.0,0.0,0.44751933333333327,0.0,0.0,0.0,0.4,medium,0,38.604383479203356
0.0,0.0,0.0,0.0,0.0,0.0,0.0,0.0,0.0,0.0,0.0,0.3333333333333333,0.0,0.0,0.0,0.07299266666666666,0.0,0.0,1.0,0.8,innocent_security_change,0,21.488972621213687
0.0,0.0,0.0,0.0,0.0,0.0,0.0,0.0,0.3333333333333333,1.0,0.0,0.3333333333333333,0.0,1.0,0.0,0.6138934666666667,0.0,0.0,0.0,0.7,medium,0,41.79208998347997
0.0,0.0,0.0,0.0,0.0,0.0,0.0,0.0,0.3333333333333333,1.0,0.0,0.3333333333333333,0.0,1.0,0.0,1.0,0.0,0.0,0.0,0.4,medium,0,46.47302221261443
1.0,1.0,1.0,0.0,1.0,0.0,1.0,0.0,0.0,0.0,0.0,0.6666666666666666,0.0,1.0,1.0,0.9879288,1.6666666666666667,0.8888888888888888,0.0,0.9,compromised,1,99.98464948415042
1.0,0.0,0.0,0.0,0.0,0.0,0.0,0.0,0.3333333333333333,1.0,1.0,0.3333333333333333,0.0,1.0,0.0,1.0,0.3333333333333333,0.0,0.0,0.5,medium,0,77.2307730477767
0.0,0.0,0.0,0.0,0.0,0.0,0.0,0.0,0.0,0.0,0.0,0.3333333333333333,0.0,0.0,0.0,0.07129173333333333,0.0,0.0,0.0,0.5,normal,0,7.483561869533993
0.0,0.0,0.0,0.0,0.0,0.0,0.0,0.0,0.0,0.0,1.0,0.0,0.0,0.0,0.0,0.0,0.0,0.0,0.0,0.5,normal,0,11.748821676090445
0.0,0.0,0.0,0.0,0.0,0.0,0.0,0.0,0.0,0.0,0.0,0.3333333333333333,0.0,0.0,0.0,0.1577688,0.0,0.0,0.0,0.5,normal,0,12.999667548502089
0.0,0.0,0.0,0.0,0.0,0.0,0.0,0.0,0.0,0.0,1.0,0.3333333333333333,0.0,0.0,0.0,0.154608,0.0,0.0,0.0,0.7,normal,0,19.75434282154508
0.0,0.0,0.0,0.0,0.0,0.0,0.0,0.0,0.0,0.0,0.0,0.0,0.0,0.0,0.0,0.0,0.0,0.0,0.0,0.5,normal,0,4.112188577482493
0.0,0.0,0.0,0.0,0.0,0.0,0.0,0.0,0.0,0.0,0.0,0.0,0.0,0.0,0.0,0.0,0.0,0.0,0.0,0.5,normal,0,3.68497170328709
0.0,0.0,0.0,0.0,0.0,0.0,0.0,0.0,0.3333333333333333,1.0,1.0,0.3333333333333333,0.0,1.0,0.0,1.0,0.0,0.0,0.0,0.8,medium,0,52.77975695487254
0.0,0.0,0.0,0.0,0.0,0.0,0.0,0.0,0.0,0.0,0.0,0.0,0.0,0.0,0.0,0.0,0.0,0.0,0.0,0.4,normal,0,8.22704443402111
0.0,0.0,0.0,0.0,0.0,0.0,0.0,0.0,0.3333333333333333,1.0,1.0,0.3333333333333333,0.0,1.0,0.0,0.47390293333333333,0.0,0.0,0.0,0.8,medium,0,52.367809468365934
0.0,0.0,0.0,0.0,0.0,0.0,0.0,0.0,0.0,0.0,1.0,0.3333333333333333,0.0,0.0,0.0,0.15334053333333333,0.0,0.0,0.0,0.6,normal,0,15.930434362133504
0.0,0.0,0.0,0.0,0.0,0.0,0.0,0.0,0.0,0.0,1.0,0.3333333333333333,1.0,0.0,0.0,1.0,0.0,0.0,0.0,0.7,normal,0,40.507493191695495
1.0,1.0,1.0,0.0,1.0,0.0,1.0,0.0,0.0,0.0,0.0,1.0,1.0,1.0,1.0,1.0,1.6666666666666667,0.8888888888888888,0.0,1.0,compromised,1,96.13764038378052
1.0,1.0,0.0,0.0,0.0,0.0,0.0,0.0,0.0,0.0,0.0,0.0,0.0,0.0,0.0,0.0,0.6666666666666666,0.7666666666666666,0.0,0.5,compromised,1,75.73939898499067
0.0,0.0,0.0,0.0,0.0,0.0,0.0,0.0,0.0,0.0,0.0,0.0,0.0,0.0,0.0,0.0,0.0,0.0,0.0,0.5,normal,0,1.5897402574458037
0.0,0.0,0.0,0.0,0.0,0.0,0.0,0.0,0.0,0.0,0.0,0.3333333333333333,0.0,0.0,0.0,0.13434680000000002,0.0,0.0,0.0,0.6,normal,0,11.356072036292062
1.0,1.0,1.0,0.0,1.0,0.0,1.0,0.0,0.0,0.0,1.0,1.0,1.0,1.0,1.0,1.0,1.6666666666666667,0.9166666666666666,0.0,1.0,compromised,1,99.29869611476703
0.0,0.0,0.0,0.0,0.0,0.0,0.0,0.0,0.0,0.0,0.0,0.3333333333333333,1.0,0.0,0.0,0.16992933333333335,0.0,0.0,1.0,0.7,normal,0,33.27002197331029
1.0,1.0,1.0,0.0,1.0,0.0,0.0,0.0,0.0,0.0,1.0,0.0,0.0,0.0,0.0,0.0,1.3333333333333333,0.8777777777777778,0.0,0.6,compromised,1,89.63167836468949
0.0,0.0,0.0,0.0,0.0,0.0,0.0,0.0,0.0,0.0,0.0,0.3333333333333333,0.0,0.0,0.0,0.07809773333333334,0.0,0.0,0.0,0.6,normal,0,10.080785035475033
1.0,1.0,1.0,0.0,1.0,0.0,1.0,0.0,0.0,0.0,0.0,0.0,0.0,0.0,0.0,0.0,1.6666666666666667,0.9,0.0,0.7,compromised,1,93.42906520776702
1.0,1.0,0.0,0.0,0.0,0.0,0.0,0.0,0.0,0.0,1.0,0.0,0.0,0.0,0.0,0.0,0.6666666666666666,0.8666666666666667,0.0,0.4,compromised,1,75.21331755369424
1.0,0.0,0.0,0.0,0.0,0.0,0.0,0.0,0.3333333333333333,1.0,1.0,0.3333333333333333,0.0,1.0,0.0,0.7944898666666667,0.3333333333333333,0.0,0.0,0.8,medium,0,81.29781830844229
0.0,0.0,0.0,0.0,0.0,0.0,0.0,0.0,0.0,0.0,0.0,0.0,0.0,0.0,0.0,0.0,0.0,0.0,0.0,0.4,normal,0,3.879638488110185
0.0,0.0,0.0,0.0,0.0,1.0,0.0,0.0,0.0,0.0,0.0,0.3333333333333333,0.0,0.0,0.0,0.0,0.3333333333333333,0.0,0.0,0.8,innocent_security_change,0,26.741068828558042
1.0,1.0,1.0,0.0,1.0,0.0,1.0,0.0,0.0,0.0,1.0,1.0,1.0,1.0,1.0,1.0,1.6666666666666667,0.9222222222222223,0.0,1.0,compromised,1,100.0
0.0,0.0,0.0,0.0,0.0,0.0,0.0,0.0,0.0,0.0,0.0,0.3333333333333333,0.0,0.0,0.0,0.1500556,0.0,0.0,0.0,0.7,normal,0,17.78876636190633
0.0,0.0,0.0,0.0,0.0,0.0,0.0,0.0,0.0,0.0,1.0,0.0,0.0,0.0,0.0,0.0,0.0,0.0,0.0,0.6,normal,0,16.74478424068923
0.0,0.0,0.0,0.0,0.0,0.0,0.0,0.0,0.3333333333333333,1.0,0.0,0.3333333333333333,0.0,1.0,0.0,0.5940562666666667,0.0,0.0,0.0,0.5,medium,0,41.07283974987821
0.0,0.0,0.0,0.0,0.0,0.0,0.0,0.0,0.0,0.0,0.0,0.3333333333333333,0.0,0.0,0.0,0.0328776,0.0,0.0,0.0,0.6,normal,0,9.118580845467479
1.0,0.0,0.0,0.0,0.0,0.0,0.0,0.0,0.3333333333333333,1.0,0.0,0.3333333333333333,0.0,1.0,0.0,1.0,0.3333333333333333,0.0,0.0,0.7,medium,0,77.96363940344379
1.0,1.0,1.0,0.0,1.0,0.0,1.0,0.0,0.0,0.0,1.0,1.0,1.0,1.0,1.0,1.0,1.6666666666666667,0.8666666666666667,0.0,1.0,compromised,1,96.23828154694222
0.0,0.0,0.0,0.0,0.0,0.0,0.0,0.0,0.0,0.0,0.0,0.3333333333333333,0.0,0.0,0.0,0.12113480000000001,0.0,0.0,0.0,0.7,normal,0,13.223996164355167
1.0,1.0,1.0,0.0,1.0,0.0,1.0,0.0,0.0,0.0,0.0,1.0,1.0,1.0,1.0,1.0,1.6666666666666667,0.8722222222222222,0.0,0.9,compromised,1,99.70176648101635
0.0,0.0,0.0,0.0,0.0,0.0,0.0,0.0,0.3333333333333333,1.0,1.0,0.3333333333333333,0.0,1.0,0.0,0.7350577333333334,0.0,0.0,0.0,0.9,medium,0,50.6435362143971
0.0,0.0,0.0,0.0,0.0,0.0,0.0,0.0,0.0,0.0,0.0,0.3333333333333333,0.0,0.0,0.0,0.1142548771198945,0.0,0.0,0.0,0.6,normal,0,11.235501877223044
0.0,0.0,0.0,0.0,0.0,0.0,0.0,0.0,0.0,0.0,0.0,0.3333333333333333,0.0,0.0,0.0,0.13242306666666667,0.0,0.0,0.0,0.7,normal,0,4.15546274027219
0.0,0.0,0.0,0.0,0.0,0.0,0.0,0.0,0.0,0.0,1.0,0.3333333333333333,0.0,0.0,0.0,0.19115386666666667,0.0,0.0,1.0,0.7,normal,0,26.213535503621404
1.0,0.0,0.0,0.0,0.0,0.0,0.0,0.0,0.0,1.0,1.0,0.3333333333333333,0.0,1.0,0.0,0.6929792,0.3333333333333333,0.0,0.0,0.6,medium,0,74.3826561442133
0.0,0.0,0.0,0.0,0.0,0.0,0.0,0.0,0.0,0.0,0.0,0.0,0.0,0.0,0.0,0.0,0.0,0.0,0.0,0.5,normal,0,0.4515841486154315
1.0,0.0,0.0,0.0,0.0,0.0,0.0,0.0,0.0,0.0,1.0,0.0,0.0,0.0,0.0,0.0,0.3333333333333333,0.0,0.0,0.4,compromised,1,61.2228082556727
0.0,0.0,0.0,1.0,0.0,0.0,0.0,0.0,0.0,0.0,1.0,0.3333333333333333,0.0,0.0,0.0,0.0,0.3333333333333333,0.0,0.0,0.5,innocent_security_change,0,32.17694539255933
0.0,0.0,0.0,0.0,0.0,0.0,0.0,0.0,0.0,0.0,1.0,0.3333333333333333,0.0,0.0,0.0,0.0,0.0,0.0,0.0,0.6,normal,0,18.11120911025842
0.0,0.0,0.0,0.0,0.0,0.0,0.0,0.0,0.0,0.0,0.0,0.3333333333333333,0.0,0.0,0.0,0.1457192,0.0,0.0,0.0,0.7,normal,0,12.75500886881924
1.0,1.0,0.0,0.0,0.0,0.0,0.0,0.0,0.0,0.0,0.0,0.0,0.0,0.0,0.0,0.0,0.6666666666666666,0.9,0.0,0.4,compromised,1,78.03026723135523
0.0,0.0,0.0,0.0,0.0,0.0,0.0,0.0,0.0,0.0,0.0,0.0,0.0,0.0,0.0,0.0,0.0,0.0,0.0,0.5,normal,0,0.0
0.0,0.0,0.0,0.0,0.0,0.0,0.0,0.0,0.0,0.0,0.0,0.3333333333333333,0.0,0.0,0.0,0.09982933333333333,0.0,0.0,0.0,0.6,normal,0,14.106090609489232
0.0,0.0,0.0,0.0,0.0,0.0,0.0,0.0,0.0,0.0,0.0,0.3333333333333333,1.0,0.0,0.0,0.6734127674031631,0.0,0.0,0.0,0.6,normal,0,29.390830161281862
0.0,0.0,0.0,0.0,0.0,0.0,0.0,0.0,0.0,0.0,0.0,0.3333333333333333,0.0,0.0,0.0,0.09658973333333333,0.0,0.0,0.0,0.5,normal,0,8.054063935154637
0.0,0.0,0.0,0.0,0.0,0.0,0.0,0.0,0.3333333333333333,1.0,0.0,0.3333333333333333,0.0,1.0,0.0,1.0,0.0,0.0,0.0,0.4,medium,0,48.808110562746194
1.0,0.0,0.0,0.0,0.0,0.0,0.0,0.0,0.3333333333333333,1.0,0.0,0.3333333333333333,0.0,1.0,0.0,1.0,0.3333333333333333,0.0,0.0,0.7,medium,0,75.29401076941092
0.0,0.0,0.0,0.0,0.0,0.0,0.0,0.0,0.0,0.0,1.0,0.3333333333333333,0.0,0.0,0.0,0.18360946666666667,0.0,0.0,1.0,0.7,normal,0,27.1957589853382
1.0,0.0,0.0,0.0,0.0,0.0,0.0,0.0,0.3333333333333333,1.0,0.0,0.3333333333333333,0.0,1.0,0.0,0.5675888,0.3333333333333333,0.0,0.0,0.6,medium,0,73.13883076758167
1.0,1.0,0.0,0.0,0.0,0.0,0.0,0.0,0.0,0.0,0.0,0.0,0.0,0.0,0.0,0.0,0.6666666666666666,0.9333333333333333,0.0,0.4,compromised,1,73.71058135860895
1.0,1.0,1.0,0.0,0.0,0.0,0.0,0.0,0.0,0.0,0.0,0.0,0.0,0.0,0.0,0.0,1.0,0.9166666666666666,0.0,0.6,compromised,1,86.0088823849003
0.0,0.0,0.0,0.0,0.0,0.0,0.0,0.0,0.0,0.0,0.0,0.3333333333333333,1.0,0.0,0.0,1.0,0.0,0.0,0.0,0.7,normal,0,34.785627099239115
0.0,0.0,0.0,0.0,0.0,0.0,0.0,0.0,0.0,0.0,0.0,0.3333333333333333,0.0,0.0,0.0,0.0530164,0.0,0.0,1.0,0.5,innocent_security_change,0,21.73013089092091
0.0,0.0,0.0,0.0,0.0,0.0,0.0,0.0,0.0,0.0,1.0,0.3333333333333333,0.0,0.0,0.0,0.0,0.0,0.0,0.0,0.7,normal,0,16.70220422393165
0.0,0.0,0.0,0.0,0.0,0.0,0.0,0.0,0.0,0.0,0.0,0.3333333333333333,0.0,0.0,0.0,0.0793304,0.0,0.0,0.0,0.6,normal,0,16.265592435026498
0.0,0.0,0.0,0.0,0.0,0.0,0.0,0.0,0.0,0.0,0.0,0.3333333333333333,0.0,0.0,0.0,0.17780231060487908,0.0,0.0,0.0,0.7,normal,0,7.955651623156851
1.0,0.0,0.0,0.0,0.0,0.0,0.0,0.0,0.3333333333333333,1.0,0.0,0.3333333333333333,0.0,1.0,0.0,1.0,0.3333333333333333,0.0,0.0,0.6,medium,0,74.23293144271123
0.0,0.0,0.0,0.0,0.0,0.0,0.0,0.0,0.3333333333333333,1.0,0.0,0.3333333333333333,0.0,1.0,0.0,1.0,0.0,0.0,0.0,0.6,medium,0,49.87954715872867
0.0,0.0,0.0,0.0,0.0,0.0,0.0,0.0,0.3333333333333333,1.0,0.0,0.3333333333333333,0.0,1.0,0.0,0.4015434666666666,0.0,0.0,0.0,0.6,medium,0,44.419046768631354
0.0,0.0,0.0,1.0,0.0,0.0,0.0,0.0,0.0,0.0,0.0,0.3333333333333333,0.0,0.0,0.0,0.5570596559149107,0.3333333333333333,0.0,0.0,0.7,innocent_security_change,0,33.32111409806168
0.0,0.0,0.0,0.0,0.0,0.0,0.0,0.0,0.0,0.0,0.0,0.3333333333333333,1.0,0.0,0.0,0.1895048,0.0,0.0,0.0,0.7,normal,0,24.243219282517362
1.0,1.0,1.0,0.0,1.0,0.0,1.0,0.0,0.0,0.0,0.0,1.0,1.0,1.0,1.0,1.0,1.6666666666666667,0.8944444444444445,0.0,1.0,compromised,1,96.56316963977561
0.0,0.0,0.0,0.0,0.0,0.0,0.0,0.0,0.0,0.0,0.0,0.0,0.0,0.0,0.0,0.0,0.0,0.0,0.0,0.3,normal,0,0.6847767994026233
0.0,0.0,0.0,0.0,0.0,0.0,0.0,0.0,0.0,0.0,0.0,0.0,0.0,0.0,0.0,0.0,0.0,0.0,0.0,0.6,normal,0,6.393804841786309
1.0,1.0,1.0,0.0,1.0,0.0,1.0,0.0,0.0,0.0,1.0,1.0,1.0,1.0,1.0,1.0,1.6666666666666667,0.8555555555555556,0.0,1.0,compromised,1,98.89354295689691
0.0,0.0,0.0,0.0,0.0,0.0,0.0,0.0,0.0,0.0,0.0,0.3333333333333333,0.0,0.0,0.0,0.02546093333333333,0.0,0.0,0.0,0.6,normal,0,8.500104033233999
0.0,0.0,0.0,0.0,0.0,0.0,0.0,0.0,0.0,0.0,1.0,0.0,0.0,0.0,0.0,0.0,0.0,0.0,0.0,0.4,normal,0,15.154967232289746
1.0,1.0,1.0,0.0,1.0,0.0,1.0,0.0,0.0,0.0,1.0,0.6666666666666666,1.0,1.0,0.0,1.0,1.6666666666666667,0.8277777777777777,0.0,0.9,compromised,1,98.08564913988148
0.0,0.0,0.0,0.0,0.0,0.0,0.0,0.0,0.0,0.0,0.0,0.0,0.0,0.0,0.0,0.0,0.0,0.0,0.0,0.4,normal,0,4.8993395078051964
0.0,0.0,0.0,0.0,0.0,0.0,0.0,0.0,0.0,0.0,0.0,0.3333333333333333,0.0,0.0,0.0,0.1263870666666667,0.0,0.0,0.0,0.6,normal,0,13.11462798816577
0.0,0.0,0.0,0.0,0.0,0.0,0.0,0.0,0.0,0.0,0.0,0.0,0.0,0.0,0.0,0.0,0.0,0.0,0.0,0.5,normal,0,1.4985545762223746
1.0,0.0,0.0,0.0,0.0,0.0,0.0,0.0,0.0,0.0,1.0,0.0,0.0,0.0,0.0,0.0,0.3333333333333333,0.0,0.0,0.3,compromised,1,55.42849505659961
0.0,0.0,0.0,0.0,0.0,0.0,0.0,0.0,0.0,0.0,0.0,0.3333333333333333,0.0,0.0,0.0,0.7640188489668951,0.0,0.0,1.0,0.7,normal,0,28.78376155104809
0.0,0.0,0.0,0.0,0.0,0.0,0.0,0.0,0.0,0.0,0.0,0.3333333333333333,0.0,0.0,0.0,0.028763866666666665,0.0,0.0,0.0,0.6,normal,0,11.801420086407257
1.0,0.0,0.0,0.0,0.0,0.0,0.0,0.0,0.3333333333333333,1.0,0.0,0.3333333333333333,0.0,1.0,0.0,0.5737337333333333,0.3333333333333333,0.0,0.0,0.9,medium,0,73.51918507077234
1.0,0.0,0.0,0.0,0.0,0.0,0.0,0.0,0.3333333333333333,1.0,0.0,0.3333333333333333,0.0,1.0,0.0,0.6537605333333334,0.3333333333333333,0.0,0.0,0.7,medium,0,73.78786581238228
0.0,0.0,0.0,0.0,0.0,0.0,0.0,0.0,0.3333333333333333,1.0,1.0,0.3333333333333333,0.0,1.0,0.0,0.5040085333333333,0.0,0.0,0.0,0.7,medium,0,53.8345471698336
0.0,0.0,0.0,0.0,0.0,0.0,0.0,0.0,0.0,0.0,0.0,0.3333333333333333,0.0,0.0,0.0,0.11616720000000001,0.0,0.0,0.0,0.6,normal,0,9.93003235677486
0.0,0.0,0.0,0.0,0.0,0.0,0.0,0.0,0.0,0.0,0.0,0.3333333333333333,0.0,0.0,0.0,0.06422515064965016,0.0,0.0,0.0,0.5,normal,0,11.453294692519865
0.0,0.0,0.0,0.0,0.0,0.0,0.0,0.0,0.0,0.0,0.0,0.3333333333333333,0.0,0.0,0.0,0.1961468,0.0,0.0,1.0,0.7,normal,0,20.116974937692536
0.0,0.0,0.0,0.0,0.0,0.0,0.0,0.0,0.0,0.0,1.0,0.3333333333333333,0.0,0.0,0.0,0.16155160000000002,0.0,0.0,1.0,0.8,normal,0,28.441310405682877
0.0,0.0,0.0,0.0,0.0,0.0,0.0,0.0,0.0,0.0,0.0,0.3333333333333333,0.0,0.0,0.0,0.060505945598460904,0.0,0.0,0.0,0.6,normal,0,13.43574239964281
0.0,0.0,0.0,0.0,0.0,0.0,0.0,0.0,0.0,0.0,1.0,0.3333333333333333,0.0,0.0,0.0,0.19041373333333333,0.0,0.0,1.0,0.8,normal,0,31.346557310296124
1.0,1.0,1.0,0.0,1.0,0.0,1.0,0.0,0.0,0.0,0.0,1.0,1.0,1.0,1.0,1.0,1.6666666666666667,0.8777777777777778,0.0,1.0,compromised,1,99.81873246401918
0.0,0.0,0.0,0.0,0.0,0.0,0.0,0.0,0.3333333333333333,1.0,0.0,0.0,0.0,0.0,0.0,0.0,0.0,0.0,0.0,0.6,medium,0,27.225881278972814
0.0,0.0,0.0,0.0,0.0,0.0,0.0,0.0,0.0,0.0,0.0,0.0,0.0,0.0,0.0,0.0,0.0,0.0,0.0,0.5,normal,0,3.6235517076094528
0.0,0.0,0.0,0.0,0.0,0.0,0.0,0.0,0.0,0.0,0.0,0.3333333333333333,0.0,0.0,0.0,0.14777786666666667,0.0,0.0,0.0,0.6,normal,0,13.520242328204647
0.0,0.0,0.0,0.0,0.0,0.0,0.0,0.0,0.0,0.0,0.0,0.0,0.0,0.0,0.0,0.0,0.0,0.0,0.0,0.5,normal,0,2.7953752120439153
1.0,1.0,1.0,0.0,1.0,0.0,1.0,0.0,0.0,0.0,0.0,1.0,1.0,1.0,1.0,1.0,1.6666666666666667,0.8777777777777778,0.0,1.0,compromised,1,98.59537425523868
0.0,0.0,0.0,0.0,0.0,0.0,0.0,0.0,0.0,0.0,0.0,0.3333333333333333,0.0,0.0,0.0,0.14353666666666667,0.0,0.0,0.0,0.6,normal,0,11.43558421566393
0.0,0.0,0.0,0.0,0.0,0.0,0.0,0.0,0.0,0.0,0.0,0.0,0.0,0.0,0.0,0.0,0.0,0.0,0.0,0.5,normal,0,3.8135320160093507
0.0,0.0,0.0,0.0,0.0,0.0,0.0,0.0,0.0,0.0,1.0,0.3333333333333333,0.0,0.0,0.0,0.147972,0.0,0.0,0.0,0.6,normal,0,22.419464730620295
0.0,0.0,0.0,0.0,0.0,0.0,0.0,0.0,0.0,0.0,0.0,0.0,0.0,0.0,0.0,0.0,0.0,0.0,0.0,0.5,normal,0,1.525490395443874
0.0,0.0,0.0,0.0,0.0,0.0,0.0,0.0,0.0,0.0,0.0,0.3333333333333333,0.0,0.0,0.0,0.06560973333333332,0.0,0.0,0.0,0.6,normal,0,15.986045731947002
0.0,0.0,0.0,0.0,0.0,0.0,0.0,0.0,0.0,0.0,0.0,0.0,0.0,0.0,0.0,0.0,0.0,0.0,0.0,0.5,normal,0,1.0559986497783003
0.0,0.0,0.0,0.0,0.0,0.0,0.0,0.0,0.3333333333333333,1.0,0.0,0.3333333333333333,0.0,1.0,0.0,0.49696053333333334,0.0,0.0,0.0,0.7,medium,0,41.859076730632545
1.0,1.0,1.0,0.0,1.0,0.0,1.0,0.0,0.0,0.0,0.0,0.0,0.0,0.0,0.0,0.0,1.6666666666666667,0.8555555555555556,0.0,0.7,compromised,1,97.44164797401166
0.0,1.0,0.0,0.0,0.0,0.0,0.0,0.0,0.0,0.0,0.0,0.3333333333333333,0.0,0.0,0.0,0.19676066666666667,0.3333333333333333,0.0,1.0,0.7,innocent_security_change,0,46.805266047402284
0.0,0.0,0.0,0.0,0.0,0.0,0.0,0.0,0.0,0.0,0.0,0.3333333333333333,0.0,0.0,0.0,0.0,0.0,0.0,0.0,0.5,normal,0,10.801948717917913
0.0,0.0,0.0,0.0,0.0,0.0,0.0,0.0,0.0,0.0,0.0,0.3333333333333333,0.0,0.0,0.0,0.1982056,0.0,0.0,1.0,0.6,normal,0,21.637865243351847
0.0,0.0,0.0,0.0,0.0,0.0,0.0,0.0,0.0,0.0,0.0,0.0,0.0,0.0,0.0,0.0,0.0,0.0,0.0,0.4,normal,0,2.8365672785905094
0.0,1.0,0.0,0.0,0.0,0.0,0.0,0.0,0.0,0.0,0.0,0.0,0.0,0.0,0.0,0.0,0.3333333333333333,0.0,0.0,0.5,innocent_security_change,0,30.724859467721487
0.0,0.0,0.0,0.0,0.0,0.0,0.0,0.0,0.0,0.0,0.0,0.3333333333333333,0.0,0.0,0.0,0.0974492,0.0,0.0,0.0,0.6,normal,0,11.356944004991515
0.0,0.0,0.0,0.0,0.0,0.0,0.0,0.0,0.3333333333333333,1.0,0.0,0.3333333333333333,0.0,1.0,0.0,0.7293982666666667,0.0,0.0,0.0,0.5,medium,0,44.25301806359343
1.0,1.0,1.0,0.0,0.0,0.0,1.0,0.0,0.0,0.0,1.0,1.0,1.0,1.0,1.0,1.0,1.3333333333333333,0.8833333333333333,0.0,0.9,compromised,1,99.08425206804692
1.0,1.0,1.0,0.0,1.0,0.0,1.0,0.0,0.0,0.0,1.0,1.0,1.0,1.0,1.0,1.0,1.6666666666666667,0.85,0.0,1.0,compromised,1,97.63012747594013
0.0,0.0,0.0,0.0,0.0,0.0,0.0,0.0,0.3333333333333333,1.0,1.0,0.3333333333333333,0.0,1.0,0.0,0.6487652,0.0,0.0,0.0,0.6,medium,0,49.25228820235435
1.0,1.0,1.0,0.0,1.0,0.0,1.0,0.0,0.0,0.0,1.0,1.0,1.0,1.0,1.0,1.0,1.6666666666666667,0.8444444444444444,0.0,1.0,compromised,1,97.19106778349403
0.0,0.0,0.0,0.0,0.0,0.0,0.0,0.0,0.0,0.0,0.0,0.0,0.0,0.0,0.0,0.0,0.0,0.0,0.0,0.4,normal,0,3.899512846396857
0.0,0.0,0.0,0.0,0.0,0.0,0.0,0.0,0.0,0.0,0.0,0.0,0.0,0.0,0.0,0.0,0.0,0.0,1.0,0.6,innocent_security_change,0,11.179374062205882
0.0,0.0,0.0,0.0,0.0,0.0,0.0,0.0,0.0,0.0,0.0,0.3333333333333333,1.0,0.0,0.0,0.5869071142536157,0.0,0.0,0.0,0.6,normal,0,26.415309751929126
1.0,0.0,0.0,0.0,0.0,0.0,0.0,0.0,0.0,0.0,0.0,0.0,0.0,0.0,0.0,0.0,0.3333333333333333,0.0,0.0,0.3,compromised,1,52.46210902033797
0.0,0.0,0.0,0.0,0.0,0.0,0.0,0.0,0.0,0.0,1.0,0.0,0.0,0.0,0.0,0.0,0.0,0.0,0.0,0.5,normal,0,14.149497377012173
0.0,0.0,0.0,0.0,0.0,0.0,0.0,0.0,0.0,0.0,0.0,0.0,0.0,0.0,0.0,0.0,0.0,0.0,0.0,0.5,normal,0,2.303684165099731
0.0,0.0,0.0,0.0,0.0,0.0,0.0,0.0,0.0,0.0,0.0,0.3333333333333333,0.0,0.0,0.0,0.170824,0.0,0.0,1.0,0.6,normal,0,18.570415491625873
0.0,0.0,0.0,0.0,0.0,0.0,0.0,0.0,0.3333333333333333,1.0,0.0,0.3333333333333333,0.0,1.0,0.0,1.0,0.0,0.0,0.0,0.5,medium,0,48.61230221489425
0.0,0.0,0.0,0.0,0.0,0.0,0.0,0.0,0.3333333333333333,1.0,0.0,0.3333333333333333,0.0,1.0,0.0,0.6704438666666667,0.0,0.0,0.0,0.7,medium,0,42.647467437185206
0.0,0.0,0.0,0.0,0.0,0.0,0.0,0.0,0.0,0.0,0.0,0.0,0.0,0.0,0.0,0.0,0.0,0.0,0.0,0.5,normal,0,0.05238266758616694
0.0,0.0,0.0,0.0,0.0,0.0,0.0,0.0,0.0,0.0,0.0,0.3333333333333333,1.0,0.0,0.0,0.1641764,0.0,0.0,0.0,0.7,normal,0,22.68972211871636
1.0,1.0,1.0,0.0,1.0,0.0,1.0,0.0,0.0,0.0,1.0,1.0,1.0,1.0,1.0,1.0,1.6666666666666667,0.8944444444444445,0.0,1.1,compromised,1,97.50419628357413
0.0,0.0,0.0,0.0,0.0,0.0,0.0,0.0,0.0,0.0,1.0,0.3333333333333333,0.0,0.0,0.0,0.17191959999999998,0.0,0.0,1.0,0.6,normal,0,28.830877753495056
1.0,1.0,0.0,0.0,1.0,0.0,1.0,0.0,0.0,0.0,1.0,1.0,1.0,1.0,1.0,1.0,1.3333333333333333,0.9222222222222223,0.0,0.9,compromised,1,100.0
0.0,0.0,0.0,0.0,0.0,0.0,0.0,0.0,0.0,0.0,0.0,0.0,0.0,0.0,0.0,0.0,0.0,0.0,0.0,0.5,normal,0,5.715191161532603
0.0,0.0,0.0,0.0,0.0,0.0,0.0,0.0,0.0,0.0,0.0,0.3333333333333333,0.0,0.0,0.0,0.0335384,0.0,0.0,0.0,0.5,normal,0,9.28347229158392
0.0,0.0,0.0,0.0,0.0,0.0,0.0,0.0,0.0,0.0,0.0,0.3333333333333333,0.0,0.0,0.0,0.07811946666666666,0.0,0.0,0.0,0.6,normal,0,10.869779215014436
1.0,1.0,1.0,0.0,1.0,0.0,1.0,0.0,0.0,0.0,1.0,1.0,1.0,1.0,1.0,1.0,1.6666666666666667,0.8833333333333333,0.0,1.0,compromised,1,95.51076924024153
0.0,0.0,0.0,0.0,0.0,0.0,0.0,0.0,0.0,0.0,1.0,0.0,0.0,0.0,0.0,0.0,0.0,0.0,0.0,0.4,normal,0,12.859684703725645
0.0,0.0,0.0,0.0,0.0,0.0,0.0,0.0,0.0,0.0,0.0,0.0,0.0,0.0,0.0,0.0,0.0,0.0,0.0,0.5,normal,0,2.8493955062272094
1.0,1.0,0.0,0.0,0.0,0.0,0.0,0.0,0.0,0.0,1.0,0.0,0.0,0.0,0.0,0.0,0.6666666666666666,0.9,0.0,0.4,compromised,1,77.87686940088327
0.0,0.0,0.0,0.0,0.0,0.0,0.0,0.0,0.0,0.0,0.0,0.3333333333333333,0.0,0.0,0.0,0.5796813246381229,0.0,0.0,1.0,0.6,normal,0,22.31339050256814
0.0,0.0,0.0,0.0,0.0,0.0,0.0,0.0,0.0,0.0,0.0,0.3333333333333333,0.0,0.0,0.0,0.021300666666666666,0.0,0.0,0.0,0.6,normal,0,11.476406814145784
1.0,0.0,0.0,0.0,0.0,0.0,0.0,0.0,0.3333333333333333,1.0,0.0,0.3333333333333333,0.0,1.0,0.0,1.0,0.3333333333333333,0.0,0.0,0.8,medium,0,78.81084307227492
0.0,0.0,0.0,0.0,0.0,0.0,0.0,0.0,0.0,0.0,0.0,0.0,0.0,0.0,0.0,0.0,0.0,0.0,0.0,0.4,normal,0,2.595283839565652
0.0,0.0,0.0,0.0,0.0,0.0,0.0,0.0,0.0,0.0,0.0,0.3333333333333333,0.0,0.0,0.0,0.10824253333333332,0.0,0.0,0.0,0.6,normal,0,12.31106424578669
0.0,0.0,0.0,0.0,0.0,0.0,0.0,0.0,0.0,0.0,0.0,0.0,0.0,0.0,0.0,0.0,0.0,0.0,0.0,0.5,normal,0,5.296402082805336
1.0,1.0,0.0,0.0,0.0,0.0,0.0,0.0,0.0,0.0,0.0,0.0,0.0,0.0,0.0,0.0,0.6666666666666666,0.8,0.0,0.4,compromised,1,72.66916682044639
1.0,1.0,1.0,0.0,1.0,0.0,1.0,0.0,0.0,0.0,0.0,1.0,1.0,1.0,1.0,1.0,1.6666666666666667,0.8277777777777777,0.0,1.0,compromised,1,98.31273533257087
1.0,1.0,1.0,0.0,1.0,0.0,1.0,0.0,0.0,0.0,0.0,0.3333333333333333,1.0,0.0,0.0,1.0,1.6666666666666667,0.8333333333333334,0.0,0.8,compromised,1,96.19729152040767
0.0,0.0,0.0,0.0,0.0,0.0,0.0,0.0,0.0,0.0,0.0,0.0,0.0,0.0,0.0,0.0,0.0,0.0,0.0,0.4,normal,0,3.1113744570798754
1.0,0.0,0.0,0.0,0.0,0.0,0.0,0.0,0.3333333333333333,1.0,0.0,0.3333333333333333,0.0,1.0,0.0,0.6424217333333333,0.3333333333333333,0.0,0.0,0.8,medium,0,71.71065660127027
0.0,0.0,0.0,0.0,0.0,0.0,0.0,0.0,0.0,0.0,0.0,0.3333333333333333,0.0,0.0,0.0,0.165654,0.0,0.0,1.0,0.5,normal,0,19.162695479318803
0.0,0.0,0.0,0.0,0.0,0.0,0.0,0.0,0.0,0.0,1.0,0.0,0.0,0.0,0.0,0.0,0.0,0.0,0.0,0.5,normal,0,14.78207667735399
0.0,0.0,0.0,0.0,0.0,0.0,0.0,0.0,0.0,0.0,1.0,0.0,0.0,0.0,0.0,0.0,0.0,0.0,0.0,0.6,normal,0,17.791480108798968
1.0,0.0,0.0,0.0,0.0,0.0,0.0,0.0,0.3333333333333333,1.0,0.0,0.3333333333333333,0.0,1.0,0.0,1.0,0.3333333333333333,0.0,0.0,0.5,medium,0,76.82526107390295
0.0,0.0,0.0,0.0,0.0,0.0,0.0,0.0,0.0,0.0,0.0,0.3333333333333333,0.0,0.0,0.0,0.13849253333333333,0.0,0.0,0.0,0.8,normal,0,18.354257065985365
0.0,0.0,0.0,0.0,0.0,0.0,0.0,0.0,0.0,0.0,0.0,0.3333333333333333,0.0,0.0,0.0,0.083892,0.0,0.0,0.0,0.5,normal,0,8.42402699439473
1.0,1.0,1.0,0.0,1.0,0.0,1.0,0.0,0.0,0.0,1.0,0.3333333333333333,1.0,0.0,0.0,1.0,1.6666666666666667,0.85,0.0,0.8,compromised,1,98.75950817769814
1.0,1.0,1.0,0.0,1.0,0.0,1.0,0.0,0.0,0.0,1.0,1.0,1.0,1.0,1.0,1.0,1.6666666666666667,0.8833333333333333,0.0,1.0,compromised,1,98.47544766618194
0.0,0.0,0.0,0.0,0.0,0.0,0.0,0.0,0.0,0.0,0.0,0.3333333333333333,0.0,0.0,0.0,0.0,0.0,0.0,0.0,0.6,normal,0,15.373822828907173
0.0,0.0,0.0,0.0,0.0,0.0,0.0,0.0,0.0,0.0,0.0,0.0,0.0,0.0,0.0,0.0,0.0,0.0,0.0,0.5,normal,0,1.5502963901396765
1.0,0.0,0.0,0.0,0.0,0.0,0.0,0.0,0.0,0.0,0.0,0.0,0.0,0.0,0.0,0.0,0.3333333333333333,0.0,0.0,0.3,compromised,1,49.75358638615625
0.0,0.0,0.0,0.0,0.0,0.0,0.0,0.0,0.0,0.0,0.0,0.0,0.0,0.0,0.0,0.0,0.0,0.0,0.0,0.4,normal,0,1.3687025970977407
0.0,0.0,0.0,0.0,0.0,0.0,0.0,0.0,0.0,0.0,0.0,0.0,0.0,0.0,0.0,0.0,0.0,0.0,0.0,0.5,normal,0,0.0
0.0,0.0,0.0,0.0,0.0,0.0,0.0,0.0,0.3333333333333333,1.0,1.0,0.3333333333333333,0.0,1.0,0.0,1.0,0.0,0.0,0.0,0.5,medium,0,52.08872143722494
0.0,0.0,0.0,0.0,0.0,0.0,0.0,0.0,0.0,0.0,1.0,0.3333333333333333,0.0,0.0,0.0,0.0,0.0,0.0,0.0,0.8,normal,0,18.4800917866705
0.0,0.0,0.0,0.0,0.0,0.0,0.0,0.0,0.0,0.0,0.0,0.0,0.0,0.0,0.0,0.0,0.0,0.0,0.0,0.5,normal,0,3.947026569718074
0.0,0.0,0.0,0.0,0.0,0.0,0.0,0.0,0.0,0.0,1.0,0.3333333333333333,0.0,0.0,0.0,0.013435599999999999,0.0,0.0,0.0,0.5,normal,0,19.634894429536462
0.0,0.0,0.0,0.0,0.0,0.0,0.0,0.0,0.3333333333333333,1.0,1.0,0.3333333333333333,0.0,1.0,0.0,0.5829961333333333,0.0,0.0,0.0,0.6,medium,0,55.538492694653705
0.0,0.0,0.0,0.0,0.0,0.0,0.0,0.0,0.0,0.0,0.0,0.3333333333333333,0.0,0.0,0.0,0.08002813333333333,0.0,0.0,0.0,0.6,normal,0,13.31810740914213
0.0,0.0,0.0,0.0,0.0,0.0,0.0,0.0,0.0,0.0,0.0,0.3333333333333333,0.0,0.0,0.0,0.0996512,0.0,0.0,0.0,0.7,normal,0,10.397126465638653
0.0,0.0,0.0,0.0,0.0,0.0,0.0,0.0,0.0,0.0,0.0,0.3333333333333333,0.0,0.0,0.0,0.4859949365005551,0.0,0.0,1.0,0.8,normal,0,22.204843096976273
0.0,0.0,0.0,0.0,0.0,0.0,0.0,0.0,0.0,0.0,0.0,0.0,0.0,0.0,0.0,0.0,0.0,0.0,0.0,0.4,normal,0,4.09698213947406
0.0,0.0,0.0,0.0,0.0,0.0,0.0,0.0,0.0,0.0,0.0,0.3333333333333333,0.0,0.0,0.0,0.0243688,0.0,0.0,0.0,0.5,normal,0,6.26219445336903
0.0,0.0,0.0,0.0,0.0,0.0,0.0,0.0,0.0,0.0,0.0,0.3333333333333333,1.0,0.0,0.0,1.0,0.0,0.0,0.0,0.5,normal,0,36.729188909912445
0.0,0.0,0.0,0.0,0.0,0.0,0.0,0.0,0.0,0.0,0.0,0.3333333333333333,0.0,0.0,0.0,0.023279333333333332,0.0,0.0,0.0,0.6,normal,0,13.152488414933305
1.0,1.0,1.0,0.0,1.0,0.0,1.0,0.0,0.0,0.0,0.0,1.0,1.0,1.0,1.0,1.0,1.6666666666666667,0.8777777777777778,0.0,1.0,compromised,1,96.61201924375581
0.0,0.0,0.0,0.0,0.0,0.0,0.0,0.0,0.0,0.0,1.0,0.3333333333333333,0.0,0.0,0.0,0.15693493333333333,0.0,0.0,0.0,0.5,normal,0,16.17536281131313
0.0,0.0,0.0,0.0,0.0,0.0,0.0,0.0,0.0,0.0,0.0,0.3333333333333333,0.0,0.0,0.0,0.11658226666666667,0.0,0.0,0.0,0.6,normal,0,14.79899013916496
0.0,0.0,0.0,0.0,0.0,0.0,0.0,0.0,0.0,0.0,0.0,0.0,0.0,0.0,0.0,0.0,0.0,0.0,0.0,0.5,normal,0,3.2846924903960106
0.0,0.0,0.0,0.0,0.0,0.0,0.0,0.0,0.3333333333333333,1.0,1.0,0.3333333333333333,0.0,1.0,0.0,1.0,0.0,0.0,0.0,0.9,medium,0,57.83366847303903
0.0,1.0,0.0,0.0,0.0,0.0,0.0,0.0,0.0,0.0,1.0,0.3333333333333333,0.0,0.0,0.0,0.0,0.3333333333333333,0.0,0.0,0.7,innocent_security_change,0,40.26112369148918
0.0,0.0,0.0,0.0,0.0,0.0,0.0,0.0,0.0,0.0,0.0,0.0,0.0,0.0,0.0,0.0,0.0,0.0,0.0,0.5,normal,0,2.072604546143123
1.0,0.0,0.0,0.0,0.0,0.0,0.0,0.0,0.0,0.0,0.0,0.0,0.0,0.0,0.0,0.0,0.3333333333333333,0.0,0.0,0.3,compromised,1,51.86600024090365
1.0,1.0,1.0,0.0,1.0,0.0,1.0,0.0,0.0,0.0,0.0,1.0,1.0,1.0,1.0,1.0,1.6666666666666667,0.9,0.0,1.0,compromised,1,97.9166831338974
1.0,0.0,0.0,0.0,0.0,0.0,0.0,0.0,0.3333333333333333,1.0,0.0,0.3333333333333333,0.0,1.0,0.0,0.7424756,0.3333333333333333,0.0,0.0,0.9,medium,0,73.08704932007272
0.0,0.0,0.0,0.0,0.0,0.0,0.0,0.0,0.0,0.0,0.0,0.3333333333333333,0.0,0.0,0.0,0.17917106666666666,0.0,0.0,1.0,0.7,normal,0,21.98334038262004
0.0,0.0,0.0,0.0,0.0,0.0,0.0,0.0,0.0,0.0,0.0,0.3333333333333333,0.0,0.0,0.0,0.15967626666666665,0.0,0.0,0.0,0.7,normal,0,9.936707258581755
0.0,0.0,0.0,0.0,0.0,0.0,0.0,0.0,0.0,0.0,1.0,0.0,0.0,0.0,0.0,0.0,0.0,0.0,0.0,0.5,normal,0,13.181132236687132
1.0,0.0,0.0,0.0,0.0,0.0,0.0,0.0,0.3333333333333333,1.0,0.0,0.3333333333333333,0.0,1.0,0.0,0.5967217333333333,0.3333333333333333,0.0,0.0,0.7,medium,0,73.5744677978555
1.0,1.0,1.0,0.0,1.0,0.0,1.0,0.0,0.0,0.0,1.0,1.0,1.0,1.0,1.0,1.0,1.6666666666666667,0.8777777777777778,0.0,1.0,compromised,1,99.2999824471872
0.0,0.0,0.0,0.0,0.0,0.0,0.0,0.0,0.0,0.0,0.0,0.0,0.0,0.0,0.0,0.0,0.0,0.0,0.0,0.5,normal,0,5.35007929874978
0.0,0.0,0.0,0.0,0.0,0.0,0.0,0.0,0.0,0.0,0.0,0.0,0.0,0.0,0.0,0.0,0.0,0.0,0.0,0.4,normal,0,0.05557898111312287
0.0,0.0,0.0,0.0,0.0,0.0,0.0,0.0,0.0,0.0,0.0,0.3333333333333333,0.0,0.0,0.0,0.02921853333333333,0.0,0.0,0.0,0.7,normal,0,7.096274304862336
0.0,1.0,0.0,0.0,0.0,0.0,0.0,0.0,0.0,0.0,0.0,0.0,0.0,0.0,0.0,0.0,0.3333333333333333,0.0,0.0,0.6,innocent_security_change,0,36.647924481745704
0.0,0.0,0.0,0.0,0.0,0.0,0.0,0.0,0.0,0.0,0.0,0.3333333333333333,1.0,0.0,0.0,0.1916388,0.0,0.0,0.0,0.7,normal,0,25.617659716154975
1.0,0.0,0.0,0.0,0.0,0.0,0.0,0.0,0.3333333333333333,1.0,0.0,0.3333333333333333,0.0,1.0,0.0,1.0,0.3333333333333333,0.0,0.0,0.5,medium,0,72.55586766729854
0.0,0.0,0.0,1.0,0.0,0.0,0.0,0.0,0.0,0.0,0.0,0.3333333333333333,0.0,0.0,0.0,0.16106506666666665,0.3333333333333333,0.0,1.0,0.7,innocent_security_change,0,40.88922302839886
1.0,1.0,1.0,0.0,1.0,0.0,1.0,0.0,0.0,0.0,0.0,1.0,1.0,1.0,1.0,1.0,1.6666666666666667,0.8666666666666667,0.0,1.0,compromised,1,98.06697364548243
0.0,0.0,0.0,0.0,0.0,0.0,0.0,0.0,0.3333333333333333,1.0,1.0,0.3333333333333333,0.0,1.0,0.0,0.7342469333333332,0.0,0.0,0.0,0.7,medium,0,55.21427030791154
1.0,1.0,0.0,0.0,0.0,0.0,0.0,0.0,0.0,0.0,0.0,0.0,0.0,0.0,0.0,0.0,0.6666666666666666,0.8333333333333334,0.0,0.4,compromised,1,74.09508008252244
0.0,1.0,1.0,0.0,1.0,0.0,1.0,0.0,0.0,0.0,1.0,1.0,1.0,1.0,1.0,1.0,1.3333333333333333,0.9,0.0,0.9,compromised,1,100.0
0.0,0.0,0.0,0.0,0.0,0.0,0.0,0.0,0.0,0.0,0.0,0.0,0.0,0.0,0.0,0.0,0.0,0.0,0.0,0.4,normal,0,7.255536316815807
0.0,0.0,0.0,0.0,0.0,0.0,0.0,0.0,0.0,0.0,1.0,0.3333333333333333,0.0,0.0,0.0,0.12366506666666666,0.0,0.0,0.0,0.7,normal,0,20.60410274982875
0.0,0.0,0.0,0.0,0.0,0.0,0.0,0.0,0.0,0.0,0.0,0.3333333333333333,0.0,0.0,0.0,0.07243533333333332,0.0,0.0,0.0,0.7,normal,0,13.918622370753727
0.0,0.0,0.0,0.0,0.0,0.0,0.0,0.0,0.0,0.0,0.0,0.3333333333333333,1.0,0.0,0.0,0.1965044,0.0,0.0,0.0,0.5,normal,0,25.3523012310161
0.0,0.0,0.0,0.0,0.0,0.0,0.0,0.0,0.0,0.0,0.0,0.0,0.0,0.0,0.0,0.0,0.0,0.0,0.0,0.4,normal,0,6.288763104538668
0.0,0.0,0.0,0.0,0.0,0.0,0.0,0.0,0.0,0.0,0.0,0.3333333333333333,0.0,0.0,0.0,0.0,0.0,0.0,1.0,0.6,innocent_security_change,0,15.316691790300105
1.0,0.0,0.0,0.0,0.0,0.0,0.0,0.0,0.3333333333333333,1.0,0.0,0.3333333333333333,0.0,1.0,0.0,1.0,0.3333333333333333,0.0,0.0,0.5,medium,0,76.14221265868603
0.0,0.0,0.0,0.0,0.0,0.0,0.0,0.0,0.3333333333333333,1.0,1.0,0.3333333333333333,0.0,1.0,0.0,0.5819082666666667,0.0,0.0,0.0,0.7,medium,0,53.84257687143706
1.0,1.0,0.0,0.0,0.0,0.0,0.0,0.0,0.0,0.0,1.0,0.0,0.0,0.0,0.0,0.0,0.6666666666666666,0.9333333333333333,0.0,0.4,compromised,1,72.8945005029542
0.0,0.0,0.0,0.0,0.0,0.0,0.0,0.0,0.0,0.0,0.0,0.0,0.0,0.0,0.0,0.0,0.0,0.0,0.0,0.4,normal,0,0.0
0.0,0.0,0.0,0.0,0.0,0.0,0.0,0.0,0.0,0.0,0.0,0.3333333333333333,0.0,0.0,0.0,0.1878124,0.0,0.0,1.0,0.6,normal,0,14.84799187635039
0.0,0.0,0.0,1.0,0.0,0.0,0.0,0.0,0.0,0.0,0.0,0.3333333333333333,0.0,0.0,0.0,0.19612853333333333,0.3333333333333333,0.0,1.0,0.7,innocent_security_change,0,36.658259188584786
0.0,0.0,0.0,0.0,0.0,0.0,0.0,0.0,0.0,0.0,0.0,0.3333333333333333,0.0,0.0,0.0,0.039824000000000005,0.0,0.0,0.0,0.6,normal,0,12.213578017352189
0.0,0.0,0.0,0.0,0.0,0.0,0.0,0.0,0.0,0.0,0.0,0.3333333333333333,0.0,0.0,0.0,0.23510001257012114,0.0,0.0,0.0,0.5,normal,0,16.048681273577785
0.0,0.0,0.0,0.0,0.0,0.0,0.0,0.0,0.0,0.0,0.0,0.3333333333333333,0.0,0.0,0.0,0.12299133333333334,0.0,0.0,0.0,0.7,normal,0,12.323414062020731
0.0,0.0,0.0,0.0,0.0,0.0,0.0,0.0,0.0,0.0,0.0,0.0,0.0,0.0,0.0,0.0,0.0,0.0,0.0,0.5,normal,0,7.642580967455785
0.0,0.0,0.0,0.0,0.0,0.0,0.0,0.0,0.3333333333333333,1.0,1.0,0.3333333333333333,0.0,1.0,0.0,1.0,0.0,0.0,0.0,0.8,medium,0,50.95850417834985
0.0,0.0,0.0,0.0,0.0,0.0,0.0,0.0,0.0,0.0,0.0,0.3333333333333333,0.0,0.0,0.0,0.0292096,0.0,0.0,0.0,0.7,normal,0,6.67298789824684
0.0,0.0,0.0,0.0,0.0,0.0,0.0,0.0,0.0,0.0,0.0,0.3333333333333333,0.0,0.0,0.0,0.0,0.0,0.0,0.0,0.5,normal,0,9.102779928045978
0.0,0.0,0.0,0.0,0.0,0.0,0.0,0.0,0.0,0.0,0.0,0.0,0.0,0.0,0.0,0.0,0.0,0.0,0.0,0.4,normal,0,3.827347833056064
1.0,1.0,1.0,0.0,0.0,0.0,1.0,0.0,0.0,0.0,1.0,1.0,1.0,1.0,1.0,1.0,1.3333333333333333,0.9166666666666666,0.0,0.9,compromised,1,96.59707794980997
0.0,0.0,0.0,0.0,0.0,0.0,0.0,0.0,0.0,0.0,0.0,0.3333333333333333,0.0,0.0,0.0,0.01807179172918549,0.0,0.0,0.0,0.6,normal,0,4.967240079904965
0.0,0.0,0.0,0.0,0.0,0.0,0.0,0.0,0.3333333333333333,1.0,0.0,0.3333333333333333,0.0,1.0,0.0,1.0,0.0,0.0,0.0,0.4,medium,0,47.430051778306044
1.0,1.0,1.0,0.0,1.0,0.0,1.0,0.0,0.0,0.0,0.0,1.0,1.0,1.0,1.0,1.0,1.6666666666666667,0.9055555555555556,0.0,1.0,compromised,1,94.54161182292565
1.0,1.0,1.0,0.0,1.0,0.0,1.0,0.0,0.0,0.0,1.0,1.0,1.0,1.0,1.0,1.0,1.6666666666666667,0.8555555555555556,0.0,1.0,compromised,1,99.67518561405939
0.0,0.0,0.0,0.0,0.0,0.0,0.0,0.0,0.3333333333333333,1.0,1.0,0.3333333333333333,0.0,1.0,0.0,1.0,0.0,0.0,0.0,0.6,medium,0,54.65726175426359
0.0,0.0,0.0,0.0,0.0,0.0,0.0,0.0,0.0,0.0,0.0,0.3333333333333333,0.0,0.0,0.0,0.08120586666666667,0.0,0.0,0.0,0.7,normal,0,9.252837365170153
0.0,0.0,0.0,0.0,0.0,0.0,0.0,0.0,0.3333333333333333,1.0,0.0,0.3333333333333333,0.0,1.0,0.0,0.6821412,0.0,0.0,0.0,0.5,medium,0,44.28842063602699
1.0,1.0,1.0,0.0,1.0,0.0,1.0,0.0,0.0,0.0,1.0,1.0,1.0,1.0,1.0,1.0,1.6666666666666667,0.8333333333333334,0.0,1.0,compromised,1,95.34000577557605
0.0,0.0,0.0,0.0,0.0,0.0,0.0,0.0,0.0,0.0,1.0,0.3333333333333333,0.0,0.0,0.0,0.12298866666666666,0.0,0.0,0.0,0.8,normal,0,21.63294085619685
0.0,0.0,0.0,0.0,0.0,0.0,0.0,0.0,0.0,0.0,1.0,0.3333333333333333,0.0,0.0,0.0,0.1834936,0.0,0.0,1.0,0.7,normal,0,31.082955264357707
0.0,0.0,0.0,0.0,0.0,0.0,0.0,0.0,0.0,0.0,0.0,0.3333333333333333,1.0,0.0,0.0,0.1892112,0.0,0.0,0.0,0.5,normal,0,21.193603281103506
0.0,0.0,0.0,0.0,0.0,0.0,0.0,0.0,0.0,0.0,0.0,0.3333333333333333,0.0,0.0,0.0,0.07183946666666667,0.0,0.0,0.0,0.5,normal,0,11.445195970121569
0.0,0.0,0.0,0.0,0.0,0.0,0.0,0.0,0.0,0.0,1.0,0.3333333333333333,0.0,0.0,0.0,0.19704573333333333,0.0,0.0,1.0,0.8,normal,0,28.025556958965275
1.0,1.0,0.0,0.0,0.0,0.0,0.0,0.0,0.0,0.0,1.0,0.0,0.0,0.0,0.0,0.0,0.6666666666666666,0.8666666666666667,0.0,0.4,compromised,1,74.86445855447266
0.0,0.0,0.0,0.0,0.0,0.0,0.0,0.0,0.0,0.0,0.0,0.3333333333333333,0.0,0.0,0.0,0.0130656,0.0,0.0,0.0,0.7,normal,0,10.454469934047186
0.0,0.0,0.0,0.0,0.0,0.0,0.0,0.0,0.3333333333333333,1.0,0.0,0.3333333333333333,0.0,1.0,0.0,1.0,0.0,0.0,0.0,0.7,medium,0,46.19449630228878
0.0,0.0,0.0,0.0,0.0,0.0,0.0,0.0,0.3333333333333333,1.0,0.0,0.3333333333333333,0.0,1.0,0.0,0.5952759999999999,0.0,0.0,0.0,0.7,medium,0,44.29284890426659
1.0,0.0,0.0,0.0,0.0,0.0,0.0,0.0,0.3333333333333333,1.0,0.0,0.3333333333333333,0.0,1.0,0.0,1.0,0.3333333333333333,0.0,0.0,0.8,medium,0,71.98430105829635
0.0,0.0,0.0,0.0,0.0,0.0,0.0,0.0,0.0,0.0,0.0,0.3333333333333333,0.0,0.0,0.0,0.097108,0.0,0.0,0.0,0.7,normal,0,16.718580029879924
0.0,0.0,0.0,0.0,0.0,0.0,0.0,0.0,0.0,0.0,0.0,0.3333333333333333,0.0,0.0,0.0,0.15032346666666668,0.0,0.0,0.0,0.5,normal,0,11.292722416208033
0.0,0.0,0.0,0.0,0.0,0.0,0.0,0.0,0.0,0.0,0.0,0.3333333333333333,0.0,0.0,0.0,0.05255013333333334,0.0,0.0,0.0,0.6,normal,0,8.836074947644457
0.0,0.0,0.0,0.0,0.0,0.0,0.0,0.0,0.0,0.0,0.0,0.0,0.0,0.0,0.0,0.0,0.0,0.0,0.0,0.4,normal,0,3.402133987543351
0.0,0.0,0.0,0.0,0.0,0.0,0.0,0.0,0.3333333333333333,1.0,0.0,0.3333333333333333,0.0,1.0,0.0,1.0,0.0,0.0,0.0,0.7,medium,0,48.50178198411014
0.0,0.0,0.0,0.0,0.0,0.0,0.0,0.0,0.3333333333333333,1.0,0.0,0.3333333333333333,0.0,1.0,0.0,1.0,0.0,0.0,0.0,0.8,medium,0,48.601317043990925
0.0,0.0,0.0,0.0,0.0,0.0,0.0,0.0,0.0,0.0,0.0,0.3333333333333333,1.0,0.0,0.0,0.17978333333333332,0.0,0.0,0.0,0.6,normal,0,25.642533646007735
0.0,0.0,0.0,0.0,0.0,0.0,0.0,0.0,0.3333333333333333,1.0,0.0,0.3333333333333333,0.0,1.0,0.0,0.6771393333333333,0.0,0.0,0.0,0.5,medium,0,47.427244809839536
0.0,0.0,0.0,0.0,0.0,0.0,0.0,0.0,0.3333333333333333,1.0,0.0,0.3333333333333333,0.0,1.0,0.0,1.0,0.0,0.0,0.0,0.7,medium,0,47.456349239310896
0.0,0.0,0.0,0.0,0.0,0.0,0.0,0.0,0.3333333333333333,1.0,1.0,0.3333333333333333,0.0,1.0,0.0,0.48340079999999996,0.0,0.0,0.0,0.6,medium,0,48.69129333742821
0.0,0.0,0.0,0.0,0.0,0.0,0.0,0.0,0.0,0.0,0.0,0.3333333333333333,0.0,0.0,0.0,0.15201013333333332,0.0,0.0,0.0,0.5,normal,0,10.538716101800956
1.0,1.0,1.0,0.0,1.0,0.0,1.0,0.0,0.0,0.0,1.0,1.0,1.0,1.0,1.0,1.0,1.6666666666666667,0.8611111111111112,0.0,1.0,compromised,1,92.24942942109931
0.0,0.0,0.0,0.0,0.0,0.0,0.0,0.0,0.3333333333333333,1.0,0.0,0.3333333333333333,0.0,1.0,0.0,0.7089622666666666,0.0,0.0,0.0,0.7,medium,0,42.7799036886792
1.0,1.0,1.0,0.0,1.0,0.0,1.0,0.0,0.0,0.0,0.0,0.0,0.0,0.0,0.0,0.0,1.6666666666666667,0.8611111111111112,0.0,0.8,compromised,1,98.01181834790145
0.0,0.0,0.0,0.0,0.0,0.0,0.0,0.0,0.3333333333333333,1.0,1.0,0.3333333333333333,0.0,1.0,0.0,0.40178213333333335,0.0,0.0,0.0,0.6,medium,0,53.64769299169854
0.0,0.0,0.0,0.0,0.0,0.0,0.0,0.0,0.0,0.0,0.0,0.0,0.0,0.0,0.0,0.0,0.0,0.0,0.0,0.4,normal,0,2.24459411181685
1.0,1.0,1.0,0.0,1.0,0.0,1.0,0.0,0.0,0.0,1.0,1.0,1.0,1.0,1.0,1.0,1.6666666666666667,0.8777777777777778,0.0,1.0,compromised,1,99.45527776967974
1.0,1.0,1.0,0.0,1.0,0.0,1.0,0.0,0.0,0.0,1.0,1.0,1.0,1.0,1.0,1.0,1.6666666666666667,0.8888888888888888,0.0,1.1,compromised,1,98.81276577580424
0.0,0.0,0.0,0.0,0.0,0.0,0.0,0.0,0.0,0.0,0.0,0.3333333333333333,1.0,0.0,0.0,0.17497333333333334,0.0,0.0,0.0,0.6,normal,0,31.7512029175007
1.0,1.0,1.0,0.0,1.0,0.0,1.0,0.0,0.0,0.0,1.0,1.0,1.0,1.0,1.0,1.0,1.6666666666666667,0.8722222222222222,0.0,1.0,compromised,1,100.0
0.0,0.0,0.0,0.0,0.0,1.0,0.0,0.0,0.0,0.0,0.0,0.0,0.0,0.0,0.0,0.0,0.3333333333333333,0.0,0.0,0.5,innocent_security_change,0,23.55016735161071
0.0,0.0,0.0,0.0,0.0,0.0,0.0,0.0,0.0,0.0,1.0,0.3333333333333333,0.0,0.0,0.0,0.0,0.0,0.0,0.0,0.6,normal,0,16.822469225499816
0.0,0.0,0.0,0.0,0.0,0.0,0.0,0.0,0.0,0.0,0.0,0.0,0.0,0.0,0.0,0.0,0.0,0.0,0.0,0.4,normal,0,0.0
0.0,0.0,0.0,0.0,0.0,0.0,0.0,0.0,0.0,0.0,0.0,0.0,0.0,0.0,0.0,0.0,0.0,0.0,0.0,0.6,normal,0,4.7784586889018055
0.0,0.0,0.0,0.0,0.0,0.0,0.0,0.0,0.0,0.0,0.0,0.3333333333333333,1.0,0.0,0.0,0.1618412,0.0,0.0,0.0,0.6,normal,0,22.017918780758883
0.0,0.0,0.0,0.0,0.0,0.0,0.0,0.0,0.3333333333333333,1.0,0.0,0.3333333333333333,0.0,1.0,0.0,1.0,0.0,0.0,0.0,0.5,medium,0,44.476543097505974
1.0,1.0,1.0,0.0,1.0,0.0,1.0,0.0,0.0,0.0,0.0,0.6666666666666666,1.0,0.0,1.0,1.0,1.6666666666666667,0.8666666666666667,0.0,0.9,compromised,1,95.53105442179344
1.0,1.0,1.0,0.0,1.0,0.0,1.0,0.0,0.0,0.0,0.0,1.0,1.0,1.0,1.0,1.0,1.6666666666666667,0.8888888888888888,0.0,1.0,compromised,1,95.0882365366655
0.0,0.0,0.0,0.0,0.0,0.0,0.0,0.0,0.0,0.0,0.0,0.3333333333333333,0.0,0.0,0.0,0.0823872,0.0,0.0,0.0,0.6,normal,0,15.190455734824344
0.0,0.0,0.0,0.0,0.0,0.0,0.0,0.0,0.0,0.0,0.0,0.0,0.0,0.0,0.0,0.0,0.0,0.0,0.0,0.4,normal,0,5.071283603081422
0.0,0.0,0.0,0.0,0.0,0.0,0.0,0.0,0.0,0.0,0.0,0.0,0.0,0.0,0.0,0.0,0.0,0.0,0.0,0.4,normal,0,2.8472526074162525
0.0,0.0,0.0,0.0,0.0,0.0,0.0,0.0,0.0,0.0,1.0,0.3333333333333333,0.0,0.0,0.0,0.1459864,0.0,0.0,0.0,0.7,normal,0,25.181715712134775
0.0,0.0,0.0,0.0,0.0,0.0,0.0,0.0,0.3333333333333333,1.0,1.0,0.3333333333333333,0.0,1.0,0.0,1.0,0.0,0.0,0.0,0.7,medium,0,54.26939727555616
1.0,1.0,1.0,0.0,1.0,0.0,1.0,0.0,0.0,0.0,0.0,1.0,1.0,1.0,1.0,1.0,1.6666666666666667,0.8388888888888889,0.0,1.0,compromised,1,95.60654652966426
0.0,0.0,0.0,0.0,0.0,0.0,0.0,0.0,0.3333333333333333,1.0,0.0,0.0,0.0,0.0,0.0,0.0,0.0,0.0,0.0,0.6,medium,0,27.769994454261138
1.0,1.0,1.0,0.0,1.0,0.0,1.0,0.0,0.0,0.0,0.0,1.0,1.0,1.0,1.0,1.0,1.6666666666666667,0.85,0.0,1.0,compromised,1,99.11426164125159
0.0,0.0,0.0,0.0,0.0,0.0,0.0,0.0,0.0,0.0,1.0,0.0,0.0,0.0,0.0,0.0,0.0,0.0,0.0,0.3,compromised,1,9.677132105541915
1.0,0.0,0.0,0.0,0.0,0.0,0.0,0.0,0.3333333333333333,1.0,0.0,0.3333333333333333,0.0,1.0,0.0,0.7313183999999999,0.3333333333333333,0.0,0.0,0.7,medium,0,73.3160322199971
1.0,0.0,0.0,0.0,0.0,0.0,0.0,0.0,0.3333333333333333,1.0,0.0,0.3333333333333333,0.0,1.0,0.0,1.0,0.3333333333333333,0.0,0.0,0.6,medium,0,72.4233485468383
0.0,0.0,0.0,0.0,0.0,0.0,0.0,0.0,0.0,0.0,0.0,0.3333333333333333,0.0,0.0,0.0,0.1353926666666667,0.0,0.0,0.0,0.6,normal,0,8.199354205756155
0.0,0.0,0.0,0.0,0.0,0.0,0.0,0.0,0.0,0.0,1.0,0.3333333333333333,1.0,0.0,0.0,0.16762173333333333,0.0,0.0,0.0,0.6,normal,0,34.145690725912296
1.0,0.0,0.0,0.0,0.0,0.0,0.0,0.0,0.3333333333333333,1.0,0.0,0.3333333333333333,0.0,1.0,0.0,0.6751889333333333,0.3333333333333333,0.0,0.0,0.9,medium,0,78.73212649753918
0.0,0.0,0.0,0.0,0.0,1.0,0.0,0.0,0.0,0.0,0.0,0.3333333333333333,0.0,0.0,0.0,0.0674088,0.3333333333333333,0.0,0.0,0.4,innocent_security_change,0,25.031659759362388
0.0,0.0,0.0,0.0,0.0,0.0,0.0,0.0,0.0,0.0,0.0,0.0,0.0,0.0,0.0,0.0,0.0,0.0,0.0,0.4,normal,0,4.274607302434223
0.0,0.0,0.0,0.0,0.0,0.0,0.0,0.0,0.0,0.0,0.0,0.0,0.0,0.0,0.0,0.0,0.0,0.0,0.0,0.4,normal,0,1.2405777879032287
0.0,0.0,0.0,0.0,0.0,0.0,0.0,0.0,0.0,0.0,1.0,0.3333333333333333,0.0,0.0,0.0,0.05979186666666667,0.0,0.0,0.0,0.6,normal,0,18.693079416470262
0.0,0.0,0.0,0.0,0.0,0.0,0.0,0.0,0.0,0.0,0.0,0.3333333333333333,0.0,0.0,0.0,0.19280853333333334,0.0,0.0,1.0,0.4,normal,0,17.351163971676442
0.0,0.0,0.0,0.0,0.0,0.0,0.0,0.0,0.0,0.0,0.0,0.3333333333333333,0.0,0.0,0.0,0.18793333333333334,0.0,0.0,1.0,0.5,normal,0,17.203181181944643
0.0,0.0,0.0,0.0,0.0,0.0,0.0,0.0,0.0,0.0,0.0,0.3333333333333333,0.0,0.0,0.0,0.03547951071481536,0.0,0.0,0.0,0.5,normal,0,9.830119403564748
0.0,0.0,0.0,0.0,0.0,0.0,0.0,0.0,0.3333333333333333,1.0,0.0,0.3333333333333333,0.0,1.0,0.0,0.40181320000000004,0.0,0.0,0.0,0.7,medium,0,42.049233156408874
0.0,0.0,0.0,0.0,0.0,0.0,0.0,0.0,0.0,0.0,1.0,0.3333333333333333,0.0,0.0,0.0,0.0,0.0,0.0,0.0,0.6,normal,0,19.887462391450477
0.0,0.0,0.0,0.0,0.0,0.0,0.0,0.0,0.0,0.0,0.0,0.0,0.0,0.0,0.0,0.0,0.0,0.0,0.0,0.4,normal,0,2.7415889370849538
0.0,0.0,0.0,0.0,0.0,0.0,0.0,0.0,0.0,0.0,1.0,0.3333333333333333,0.0,0.0,0.0,0.1038404,0.0,0.0,0.0,0.8,normal,0,20.974133159537804
0.0,0.0,0.0,0.0,0.0,0.0,0.0,0.0,0.0,0.0,0.0,0.0,0.0,0.0,0.0,0.0,0.0,0.0,0.0,0.4,normal,0,0.5982750556038012
0.0,0.0,0.0,0.0,0.0,0.0,0.0,0.0,0.0,0.0,0.0,0.0,0.0,0.0,0.0,0.0,0.0,0.0,0.0,0.5,normal,0,2.1291137771067232
0.0,0.0,0.0,0.0,0.0,0.0,0.0,0.0,0.0,0.0,0.0,0.3333333333333333,0.0,0.0,0.0,0.03180586666666667,0.0,0.0,0.0,0.6,normal,0,12.203664352142516
0.0,0.0,0.0,0.0,0.0,0.0,0.0,0.0,0.0,0.0,0.0,0.0,0.0,0.0,0.0,0.0,0.0,0.0,0.0,0.4,normal,0,4.119477179768748
1.0,1.0,1.0,0.0,1.0,0.0,1.0,0.0,0.0,0.0,1.0,1.0,1.0,1.0,1.0,1.0,1.6666666666666667,0.8277777777777777,0.0,1.0,compromised,1,95.54089718608382
1.0,0.0,0.0,0.0,0.0,0.0,0.0,0.0,0.3333333333333333,1.0,1.0,0.3333333333333333,0.0,1.0,0.0,1.0,0.3333333333333333,0.0,0.0,0.6,medium,0,77.4845619251918
1.0,1.0,1.0,0.0,1.0,0.0,1.0,0.0,0.0,0.0,0.0,1.0,1.0,1.0,1.0,1.0,1.6666666666666667,0.8722222222222222,0.0,0.9,compromised,1,99.64364915587248
0.0,0.0,0.0,0.0,0.0,0.0,0.0,0.0,0.0,0.0,0.0,0.0,0.0,0.0,0.0,0.0,0.0,0.0,0.0,0.5,normal,0,0.0
0.0,0.0,0.0,0.0,0.0,0.0,0.0,0.0,0.0,0.0,0.0,0.3333333333333333,0.0,0.0,0.0,0.15506586666666666,0.0,0.0,0.0,0.7,normal,0,13.905532261336015
0.0,0.0,0.0,0.0,0.0,0.0,0.0,0.0,0.0,0.0,0.0,0.0,0.0,0.0,0.0,0.0,0.0,0.0,0.0,0.5,normal,0,1.9144827061629386
0.0,0.0,0.0,0.0,0.0,0.0,0.0,0.0,0.0,0.0,0.0,0.3333333333333333,0.0,0.0,0.0,0.14164079999999998,0.0,0.0,0.0,0.5,normal,0,12.51884664699558
0.0,0.0,0.0,0.0,0.0,0.0,0.0,0.0,0.3333333333333333,1.0,0.0,0.3333333333333333,0.0,1.0,0.0,1.0,0.0,0.0,0.0,0.5,medium,0,46.12402948014387
0.0,0.0,0.0,0.0,0.0,0.0,0.0,0.0,0.3333333333333333,1.0,0.0,0.3333333333333333,0.0,1.0,0.0,1.0,0.0,0.0,0.0,0.4,medium,0,43.14064662542672
1.0,1.0,1.0,0.0,1.0,0.0,1.0,0.0,0.0,0.0,1.0,1.0,1.0,1.0,1.0,1.0,1.6666666666666667,0.8833333333333333,0.0,1.0,compromised,1,93.94823655712814
0.0,0.0,0.0,0.0,0.0,0.0,0.0,0.0,0.0,0.0,0.0,0.3333333333333333,0.0,0.0,0.0,0.16309959999999998,0.0,0.0,1.0,0.6,normal,0,19.778005900798927
0.0,0.0,0.0,0.0,0.0,0.0,0.0,0.0,0.0,0.0,0.0,0.3333333333333333,1.0,0.0,0.0,0.17935013333333333,0.0,0.0,0.0,0.6,normal,0,24.7516409199802
0.0,0.0,0.0,0.0,0.0,0.0,0.0,0.0,0.0,0.0,0.0,0.3333333333333333,0.0,0.0,0.0,0.08096133333333334,0.0,0.0,0.0,0.6,normal,0,8.693343995019443
0.0,0.0,0.0,0.0,0.0,0.0,0.0,0.0,0.0,0.0,0.0,0.0,0.0,0.0,0.0,0.0,0.0,0.0,0.0,0.5,normal,0,5.16752325047099
1.0,0.0,0.0,0.0,0.0,0.0,0.0,0.0,0.3333333333333333,1.0,0.0,0.3333333333333333,0.0,1.0,0.0,1.0,0.3333333333333333,0.0,0.0,0.6,medium,0,70.45859402462779
0.0,0.0,0.0,0.0,0.0,0.0,0.0,0.0,0.3333333333333333,1.0,1.0,0.3333333333333333,0.0,1.0,0.0,0.5113070666666667,0.0,0.0,0.0,0.4,medium,0,49.43994189631077
1.0,1.0,1.0,0.0,1.0,0.0,1.0,0.0,0.0,0.0,1.0,1.0,1.0,1.0,1.0,1.0,1.6666666666666667,0.8277777777777777,0.0,1.0,compromised,1,94.95724479867405
1.0,1.0,1.0,0.0,1.0,0.0,1.0,0.0,0.0,0.0,0.0,1.0,1.0,1.0,1.0,1.0,1.6666666666666667,0.8777777777777778,0.0,1.0,compromised,1,96.15536810451218
1.0,1.0,1.0,0.0,1.0,0.0,1.0,0.0,0.0,0.0,0.0,1.0,1.0,1.0,1.0,1.0,1.6666666666666667,0.8944444444444445,0.0,1.0,compromised,1,97.91416865471373
0.0,0.0,0.0,0.0,0.0,0.0,0.0,0.0,0.3333333333333333,1.0,0.0,0.3333333333333333,0.0,1.0,0.0,0.6484008,0.0,0.0,0.0,0.6,medium,0,43.550623849182024
1.0,1.0,1.0,0.0,0.0,0.0,0.0,0.0,0.0,0.0,0.0,0.0,0.0,0.0,0.0,0.0,1.0,0.7333333333333334,0.0,0.6,compromised,1,83.98170368979433
0.0,0.0,0.0,0.0,0.0,0.0,0.0,0.0,0.0,0.0,0.0,0.0,0.0,0.0,0.0,0.0,0.0,0.0,0.0,0.4,normal,0,5.382916233743897
0.0,0.0,0.0,1.0,0.0,0.0,0.0,0.0,0.0,0.0,0.0,0.3333333333333333,0.0,0.0,0.0,0.0,0.3333333333333333,0.0,0.0,0.7,innocent_security_change,0,27.939323411761993
0.0,0.0,0.0,0.0,0.0,0.0,0.0,0.0,0.0,0.0,0.0,0.0,0.0,0.0,0.0,0.0,0.0,0.0,0.0,0.5,normal,0,5.66027238369041
0.0,0.0,0.0,0.0,0.0,0.0,0.0,0.0,0.0,0.0,0.0,0.0,0.0,0.0,0.0,0.0,0.0,0.0,0.0,0.4,normal,0,0.04291707406375078
0.0,0.0,0.0,0.0,0.0,0.0,0.0,0.0,0.0,0.0,0.0,0.0,0.0,0.0,0.0,0.0,0.0,0.0,0.0,0.5,normal,0,4.895552548315762
0.0,0.0,0.0,0.0,0.0,0.0,0.0,0.0,0.0,0.0,0.0,0.0,0.0,0.0,0.0,0.0,0.0,0.0,0.0,0.5,normal,0,7.174963655172306
0.0,0.0,0.0,0.0,0.0,0.0,0.0,0.0,0.0,0.0,0.0,0.3333333333333333,0.0,0.0,0.0,0.0,0.0,0.0,0.0,0.7,normal,0,4.373104889074666
0.0,0.0,0.0,0.0,0.0,0.0,0.0,0.0,0.0,0.0,0.0,0.3333333333333333,0.0,0.0,0.0,0.12998933333333335,0.0,0.0,0.0,0.6,normal,0,9.594655350411253
0.0,0.0,0.0,0.0,0.0,0.0,0.0,0.0,0.0,0.0,0.0,0.3333333333333333,0.0,0.0,0.0,0.0,0.0,0.0,0.0,0.5,normal,0,10.684329493238875
1.0,1.0,1.0,0.0,0.0,0.0,0.0,0.0,0.0,0.0,0.0,0.0,0.0,0.0,0.0,0.0,1.0,0.9444444444444444,0.0,0.4,compromised,1,85.12489437399505
0.0,0.0,0.0,0.0,0.0,0.0,0.0,0.0,0.0,0.0,0.0,0.3333333333333333,0.0,0.0,0.0,0.023848533333333335,0.0,0.0,0.0,0.6,normal,0,11.139186953808634
0.0,0.0,0.0,0.0,0.0,0.0,0.0,0.0,0.0,0.0,1.0,0.3333333333333333,0.0,0.0,0.0,0.0,0.0,0.0,0.0,0.7,normal,0,18.28678000420922
0.0,0.0,0.0,0.0,0.0,0.0,0.0,0.0,0.0,0.0,0.0,0.3333333333333333,0.0,0.0,0.0,0.0,0.0,0.0,0.0,0.5,normal,0,9.458123643969776
0.0,0.0,0.0,0.0,0.0,0.0,0.0,0.0,0.3333333333333333,1.0,1.0,0.3333333333333333,0.0,1.0,0.0,0.762474,0.0,0.0,0.0,0.8,medium,0,52.41689605948579
0.0,0.0,0.0,0.0,0.0,0.0,0.0,0.0,0.0,0.0,0.0,0.0,0.0,0.0,0.0,0.0,0.0,0.0,0.0,0.6,normal,0,7.189254753383266
1.0,0.0,0.0,0.0,0.0,0.0,0.0,0.0,0.0,0.0,0.0,0.0,0.0,0.0,0.0,0.0,0.3333333333333333,0.0,0.0,0.3,compromised,1,52.488943099861224
1.0,1.0,1.0,0.0,1.0,0.0,1.0,0.0,0.0,0.0,0.0,1.0,1.0,1.0,1.0,1.0,1.6666666666666667,0.9222222222222223,0.0,1.1,compromised,1,98.67326437017509
0.0,0.0,0.0,1.0,0.0,0.0,0.0,0.0,0.0,0.0,0.0,0.3333333333333333,0.0,0.0,0.0,1.0,0.3333333333333333,0.0,0.0,0.7,innocent_security_change,0,37.91153699416645
0.0,0.0,0.0,0.0,0.0,0.0,0.0,0.0,0.0,0.0,0.0,0.3333333333333333,0.0,0.0,0.0,0.12986786666666666,0.0,0.0,0.0,0.5,normal,0,9.720956153495589
0.0,0.0,0.0,0.0,0.0,0.0,0.0,0.0,0.0,0.0,0.0,0.3333333333333333,0.0,0.0,0.0,0.07831733333333334,0.0,0.0,0.0,0.6,normal,0,9.838488081855367
0.0,0.0,0.0,0.0,0.0,0.0,0.0,0.0,0.0,0.0,0.0,0.3333333333333333,1.0,0.0,0.0,0.18176733333333334,0.0,0.0,0.0,0.8,normal,0,26.210736112604412
0.0,0.0,0.0,0.0,0.0,0.0,0.0,0.0,0.0,0.0,0.0,0.0,0.0,0.0,0.0,0.0,0.0,0.0,0.0,0.4,normal,0,1.8147230086571386
0.0,0.0,0.0,0.0,0.0,0.0,0.0,0.0,0.3333333333333333,1.0,0.0,0.3333333333333333,0.0,1.0,0.0,0.6159818666666667,0.0,0.0,0.0,0.8,medium,0,46.95723086029254
0.0,0.0,0.0,0.0,0.0,0.0,0.0,0.0,0.0,0.0,0.0,0.3333333333333333,0.0,0.0,0.0,0.041646133333333335,0.0,0.0,0.0,0.5,normal,0,14.97826889765001
0.0,0.0,0.0,0.0,0.0,0.0,0.0,0.0,0.0,0.0,0.0,0.3333333333333333,1.0,0.0,0.0,0.16991946666666666,0.0,0.0,0.0,0.6,normal,0,26.175963627623325
1.0,1.0,0.0,0.0,1.0,0.0,1.0,0.0,0.0,0.0,0.0,1.0,1.0,1.0,1.0,1.0,1.3333333333333333,0.8555555555555556,0.0,0.9,compromised,1,95.41450613719506
0.0,0.0,0.0,0.0,0.0,0.0,0.0,0.0,0.0,0.0,0.0,0.3333333333333333,0.0,0.0,0.0,0.2755192673424109,0.0,0.0,0.0,0.6,normal,0,16.441786873684713
0.0,0.0,0.0,0.0,0.0,0.0,0.0,0.0,0.0,0.0,1.0,0.3333333333333333,0.0,0.0,0.0,0.09384946666666667,0.0,0.0,0.0,0.5,normal,0,18.704770752675138
1.0,1.0,1.0,0.0,1.0,0.0,1.0,0.0,0.0,0.0,0.0,1.0,1.0,1.0,1.0,1.0,1.6666666666666667,0.8722222222222222,0.0,1.0,compromised,1,92.68606427643938
0.0,0.0,0.0,0.0,0.0,0.0,0.0,0.0,0.0,0.0,0.0,0.3333333333333333,0.0,0.0,0.0,0.12565093333333333,0.0,0.0,0.0,0.5,normal,0,8.365112241171692
0.0,0.0,0.0,0.0,0.0,0.0,0.0,0.0,0.0,0.0,0.0,0.3333333333333333,0.0,0.0,0.0,0.12228598531334672,0.0,0.0,0.0,0.6,normal,0,6.8107924297296085
1.0,0.0,0.0,0.0,0.0,0.0,0.0,0.0,0.0,0.0,1.0,0.0,0.0,0.0,0.0,0.0,0.3333333333333333,0.0,0.0,0.3,compromised,1,55.95016394698876
0.0,0.0,0.0,0.0,0.0,1.0,0.0,0.0,0.0,0.0,0.0,0.0,0.0,0.0,0.0,0.0,0.3333333333333333,0.0,0.0,0.6,innocent_security_change,0,24.467671802401334
0.0,0.0,0.0,0.0,0.0,0.0,0.0,0.0,0.0,0.0,0.0,0.0,0.0,0.0,0.0,0.0,0.0,0.0,0.0,0.4,normal,0,7.0582774913960025
0.0,0.0,0.0,0.0,0.0,0.0,0.0,0.0,0.0,0.0,0.0,0.3333333333333333,0.0,0.0,0.0,0.1402356,0.0,0.0,0.0,0.6,normal,0,12.535881674318581
1.0,0.0,0.0,0.0,0.0,0.0,0.0,0.0,0.3333333333333333,1.0,0.0,0.3333333333333333,0.0,1.0,0.0,1.0,0.3333333333333333,0.0,0.0,0.6,medium,0,74.06464285827802
0.0,0.0,0.0,0.0,0.0,0.0,0.0,0.0,0.0,0.0,0.0,0.3333333333333333,0.0,0.0,0.0,0.13040759999999998,0.0,0.0,0.0,0.6,normal,0,13.665786224657921
0.0,0.0,0.0,0.0,0.0,0.0,0.0,0.0,0.3333333333333333,1.0,0.0,0.3333333333333333,0.0,1.0,0.0,0.4106256,0.0,0.0,0.0,0.6,medium,0,38.26303226690449
0.0,0.0,0.0,0.0,0.0,0.0,0.0,0.0,0.0,0.0,0.0,0.0,0.0,0.0,0.0,0.0,0.0,0.0,0.0,0.4,normal,0,3.456220605979211
0.0,0.0,0.0,0.0,0.0,0.0,0.0,0.0,0.0,0.0,0.0,0.0,0.0,0.0,0.0,0.0,0.0,0.0,0.0,0.4,normal,0,4.794347195425213
0.0,0.0,0.0,0.0,0.0,0.0,0.0,0.0,0.0,0.0,1.0,0.3333333333333333,0.0,0.0,0.0,0.07069786666666666,0.0,0.0,0.0,0.7,normal,0,16.92080747961217
0.0,0.0,0.0,0.0,0.0,0.0,0.0,0.0,0.0,0.0,1.0,0.0,0.0,0.0,0.0,0.0,0.0,0.0,0.0,0.2,compromised,1,14.489272275201527
0.0,0.0,0.0,0.0,0.0,0.0,0.0,0.0,0.0,0.0,0.0,0.0,0.0,0.0,0.0,0.0,0.0,0.0,0.0,0.5,normal,0,4.417283122263591
0.0,0.0,0.0,0.0,0.0,0.0,0.0,0.0,0.0,0.0,1.0,0.3333333333333333,0.0,0.0,0.0,0.06852973333333333,0.0,0.0,0.0,0.6,normal,0,18.97439867848283
1.0,1.0,1.0,0.0,1.0,0.0,1.0,0.0,0.0,0.0,1.0,0.0,0.0,0.0,0.0,0.0,1.6666666666666667,0.8444444444444444,0.0,0.7,compromised,1,96.6761324289715
1.0,1.0,1.0,0.0,1.0,0.0,1.0,0.0,0.0,0.0,1.0,1.0,1.0,1.0,1.0,1.0,1.6666666666666667,0.8722222222222222,0.0,1.0,compromised,1,100.0
0.0,0.0,0.0,0.0,0.0,0.0,0.0,0.0,0.0,0.0,0.0,0.0,0.0,0.0,0.0,0.0,0.0,0.0,0.0,0.4,normal,0,3.321849848354034
0.0,0.0,0.0,0.0,0.0,0.0,0.0,0.0,0.0,0.0,0.0,0.0,0.0,0.0,0.0,0.0,0.0,0.0,0.0,0.5,normal,0,4.191593569278395
1.0,1.0,0.0,0.0,0.0,0.0,0.0,0.0,0.0,0.0,0.0,0.0,0.0,0.0,0.0,0.0,0.6666666666666666,0.8,0.0,0.4,compromised,1,72.52381575131037
1.0,1.0,0.0,0.0,0.0,0.0,0.0,0.0,0.0,0.0,0.0,0.0,0.0,0.0,0.0,0.0,0.6666666666666666,0.8,0.0,0.4,compromised,1,71.547607076499
0.0,0.0,0.0,0.0,0.0,0.0,0.0,0.0,0.0,0.0,0.0,0.3333333333333333,0.0,0.0,0.0,0.0,0.0,0.0,0.0,0.5,normal,0,11.317488716648139
0.0,0.0,0.0,0.0,0.0,0.0,0.0,0.0,0.0,0.0,0.0,0.3333333333333333,0.0,0.0,0.0,0.16098426666666665,0.0,0.0,1.0,0.7,normal,0,18.075226589259827
0.0,0.0,0.0,0.0,0.0,0.0,0.0,0.0,0.3333333333333333,1.0,0.0,0.3333333333333333,0.0,1.0,0.0,0.40599213333333334,0.0,0.0,0.0,0.4,medium,0,43.107773131001956
0.0,0.0,0.0,0.0,0.0,0.0,0.0,0.0,0.0,0.0,0.0,0.0,0.0,0.0,0.0,0.0,0.0,0.0,0.0,0.3,normal,0,0.9640450748503604
0.0,0.0,0.0,0.0,0.0,0.0,0.0,0.0,0.3333333333333333,1.0,0.0,0.3333333333333333,0.0,1.0,0.0,0.5320437333333333,0.0,0.0,0.0,0.5,medium,0,45.569203360585874
0.0,0.0,0.0,0.0,0.0,0.0,0.0,0.0,0.0,0.0,0.0,0.3333333333333333,0.0,0.0,0.0,0.15145720000000001,0.0,0.0,0.0,0.6,normal,0,12.696696818391537
0.0,0.0,0.0,0.0,0.0,0.0,0.0,0.0,0.3333333333333333,1.0,0.0,0.3333333333333333,0.0,1.0,0.0,0.45055546666666674,0.0,0.0,0.0,0.6,medium,0,46.71023572547067
0.0,0.0,0.0,0.0,0.0,0.0,0.0,0.0,0.0,0.0,0.0,0.3333333333333333,0.0,0.0,0.0,0.13789946666666666,0.0,0.0,0.0,0.6,normal,0,10.413519006273052
0.0,0.0,0.0,0.0,0.0,0.0,0.0,0.0,0.3333333333333333,1.0,0.0,0.3333333333333333,0.0,1.0,0.0,0.5249936,0.0,0.0,0.0,0.6,medium,0,44.04350692707867
0.0,0.0,0.0,0.0,0.0,0.0,0.0,0.0,0.0,0.0,0.0,0.3333333333333333,0.0,0.0,0.0,0.19948333333333335,0.0,0.0,1.0,0.6,normal,0,17.634946517669224
1.0,1.0,1.0,0.0,0.0,0.0,0.0,0.0,0.0,0.0,1.0,0.0,0.0,0.0,0.0,0.0,1.0,0.9555555555555556,0.0,0.5,compromised,1,86.14129477255187
0.0,0.0,0.0,0.0,0.0,0.0,0.0,0.0,0.0,0.0,0.0,0.3333333333333333,0.0,0.0,0.0,0.08394120000000001,0.0,0.0,0.0,0.6,normal,0,11.935974035000697
0.0,0.0,0.0,1.0,0.0,0.0,0.0,0.0,0.0,0.0,0.0,0.3333333333333333,1.0,0.0,0.0,1.0,0.3333333333333333,0.0,0.0,0.8,innocent_security_change,0,49.48183385932017
0.0,0.0,0.0,0.0,0.0,0.0,0.0,0.0,0.3333333333333333,1.0,0.0,0.3333333333333333,0.0,1.0,0.0,0.5931869333333333,0.0,0.0,0.0,0.6,medium,0,42.95841232054527
0.0,0.0,0.0,0.0,0.0,0.0,0.0,0.0,0.0,0.0,0.0,0.3333333333333333,0.0,0.0,0.0,0.0,0.0,0.0,0.0,0.6,normal,0,12.073330296127143
0.0,0.0,0.0,0.0,0.0,0.0,0.0,0.0,0.0,0.0,0.0,0.0,0.0,0.0,0.0,0.0,0.0,0.0,0.0,0.5,normal,0,6.960136750539933
0.0,0.0,0.0,0.0,0.0,0.0,0.0,0.0,0.0,0.0,1.0,0.0,0.0,0.0,0.0,0.0,0.0,0.0,0.0,0.2,compromised,1,12.663474425243457
1.0,1.0,1.0,0.0,1.0,0.0,1.0,0.0,0.0,0.0,1.0,1.0,1.0,1.0,1.0,1.0,1.6666666666666667,0.9166666666666666,0.0,1.0,compromised,1,100.0
0.0,0.0,0.0,0.0,0.0,0.0,0.0,0.0,0.0,0.0,0.0,0.3333333333333333,0.0,0.0,0.0,0.023697466666666667,0.0,0.0,0.0,0.5,normal,0,7.6194729842240925
0.0,0.0,0.0,0.0,0.0,0.0,0.0,0.0,0.0,0.0,0.0,0.3333333333333333,0.0,0.0,0.0,0.072416,0.0,0.0,0.0,0.5,normal,0,7.0809744320347505
0.0,0.0,0.0,0.0,0.0,0.0,0.0,0.0,0.3333333333333333,1.0,0.0,0.3333333333333333,0.0,1.0,0.0,0.6364540000000001,0.0,0.0,0.0,0.4,medium,0,40.36346983866442
0.0,0.0,0.0,0.0,0.0,0.0,0.0,0.0,0.0,0.0,0.0,0.3333333333333333,0.0,0.0,0.0,0.127946,0.0,0.0,0.0,0.6,normal,0,15.30072291550658
0.0,1.0,0.0,0.0,0.0,0.0,0.0,0.0,0.0,0.0,1.0,0.3333333333333333,0.0,0.0,0.0,0.040465600000000004,0.3333333333333333,0.0,0.0,0.8,innocent_security_change,0,46.611932005607734
1.0,0.0,0.0,0.0,0.0,0.0,0.0,0.0,0.3333333333333333,1.0,1.0,0.3333333333333333,0.0,1.0,0.0,0.47753920000000005,0.3333333333333333,0.0,0.0,0.8,medium,0,75.6545906695701
0.0,0.0,0.0,0.0,0.0,0.0,0.0,0.0,0.0,0.0,0.0,0.3333333333333333,1.0,0.0,0.0,1.0,0.0,0.0,0.0,0.5,normal,0,32.85046356107611
0.0,0.0,0.0,0.0,0.0,0.0,0.0,0.0,0.0,0.0,0.0,0.3333333333333333,0.0,0.0,0.0,0.0418248,0.0,0.0,0.0,0.7,normal,0,8.281006817440293
0.0,0.0,0.0,0.0,0.0,0.0,0.0,0.0,0.0,0.0,0.0,0.3333333333333333,0.0,0.0,0.0,0.15880106666666666,0.0,0.0,0.0,0.5,normal,0,17.42837014119411
1.0,0.0,0.0,0.0,0.0,0.0,0.0,0.0,0.3333333333333333,1.0,0.0,0.3333333333333333,0.0,1.0,0.0,1.0,0.3333333333333333,0.0,0.0,0.7,medium,0,75.1194144854153
0.0,0.0,0.0,0.0,0.0,0.0,0.0,0.0,0.0,0.0,0.0,0.0,0.0,0.0,0.0,0.0,0.0,0.0,0.0,0.4,normal,0,3.140671197220028
0.0,0.0,0.0,0.0,0.0,0.0,0.0,0.0,0.0,0.0,0.0,0.0,0.0,0.0,0.0,0.0,0.0,0.0,0.0,0.4,normal,0,4.681600770454526
0.0,0.0,0.0,1.0,0.0,0.0,0.0,0.0,0.0,0.0,0.0,0.3333333333333333,0.0,0.0,0.0,0.10457413333333333,0.3333333333333333,0.0,0.0,0.6,innocent_security_change,0,31.142430279038287
1.0,1.0,0.0,0.0,0.0,0.0,0.0,0.0,0.0,0.0,0.0,0.0,0.0,0.0,0.0,0.0,0.6666666666666666,0.8333333333333334,0.0,0.4,compromised,1,74.48599393969499
0.0,0.0,0.0,0.0,0.0,0.0,0.0,0.0,0.0,0.0,0.0,0.3333333333333333,0.0,0.0,0.0,0.09966520000000001,0.0,0.0,0.0,0.6,normal,0,9.21987501594198
0.0,0.0,0.0,0.0,0.0,0.0,0.0,0.0,0.0,0.0,0.0,0.3333333333333333,0.0,0.0,0.0,0.03790466666666666,0.0,0.0,0.0,0.6,normal,0,11.573381137605114
0.0,0.0,0.0,0.0,0.0,0.0,0.0,0.0,0.0,0.0,0.0,0.3333333333333333,0.0,0.0,0.0,0.02836786666666667,0.0,0.0,0.0,0.6,normal,0,14.975387383644893
0.0,0.0,0.0,0.0,0.0,0.0,0.0,0.0,0.0,0.0,0.0,0.3333333333333333,0.0,0.0,0.0,0.0,0.0,0.0,0.0,0.6,normal,0,13.262865611250437
0.0,0.0,0.0,0.0,0.0,0.0,0.0,0.0,0.0,0.0,0.0,0.0,0.0,0.0,0.0,0.0,0.0,0.0,0.0,0.5,normal,0,7.5540086701260485
0.0,0.0,0.0,0.0,0.0,0.0,0.0,0.0,0.0,0.0,0.0,0.3333333333333333,0.0,0.0,0.0,0.0169088,0.0,0.0,0.0,0.5,normal,0,8.186552411170045
0.0,0.0,0.0,0.0,0.0,0.0,0.0,0.0,0.0,0.0,0.0,0.3333333333333333,0.0,0.0,0.0,0.3729703860764262,0.0,0.0,0.0,0.6,normal,0,12.183065344726167
0.0,0.0,0.0,0.0,0.0,0.0,0.0,0.0,0.3333333333333333,1.0,0.0,0.3333333333333333,0.0,1.0,0.0,0.41591426666666664,0.0,0.0,0.0,0.8,medium,0,44.33067190846046
1.0,1.0,0.0,0.0,1.0,0.0,0.0,0.0,0.0,0.0,0.0,0.0,0.0,0.0,0.0,0.0,1.0,0.8833333333333333,0.0,0.5,compromised,1,85.62009333560613
0.0,0.0,0.0,0.0,0.0,0.0,0.0,0.0,0.0,0.0,0.0,0.3333333333333333,0.0,0.0,0.0,0.16736026666666667,0.0,0.0,1.0,0.5,normal,0,21.856974101343653
0.0,0.0,0.0,0.0,0.0,0.0,0.0,0.0,0.0,0.0,0.0,0.3333333333333333,0.0,0.0,0.0,0.10375773333333334,0.0,0.0,0.0,0.5,normal,0,6.369931521812076
0.0,0.0,0.0,0.0,0.0,0.0,0.0,0.0,0.0,0.0,0.0,0.3333333333333333,0.0,0.0,0.0,0.18639826666666667,0.0,0.0,1.0,0.6,normal,0,23.753479963579586
0.0,0.0,0.0,0.0,0.0,0.0,0.0,0.0,0.0,0.0,0.0,0.3333333333333333,0.0,0.0,0.0,0.0,0.0,0.0,0.0,0.5,normal,0,8.846629428840052
0.0,0.0,0.0,0.0,0.0,0.0,0.0,0.0,0.0,0.0,1.0,0.0,0.0,0.0,0.0,0.0,0.0,0.0,0.0,0.6,normal,0,13.096418414442812
0.0,0.0,0.0,0.0,0.0,0.0,0.0,0.0,0.3333333333333333,1.0,1.0,0.3333333333333333,0.0,1.0,0.0,0.6997359999999999,0.0,0.0,0.0,0.8,medium,0,49.84318785590277
1.0,1.0,1.0,0.0,1.0,0.0,1.0,0.0,0.0,0.0,0.0,1.0,1.0,1.0,1.0,1.0,1.6666666666666667,0.85,0.0,1.0,compromised,1,93.62984485237551
0.0,0.0,0.0,0.0,0.0,0.0,0.0,0.0,0.0,0.0,0.0,0.0,0.0,0.0,0.0,0.0,0.0,0.0,0.0,0.6,normal,0,6.327726059138534
0.0,0.0,0.0,0.0,0.0,0.0,0.0,0.0,0.0,0.0,0.0,0.0,0.0,0.0,0.0,0.0,0.0,0.0,0.0,0.4,normal,0,3.0504791286788056
1.0,1.0,1.0,0.0,1.0,0.0,1.0,0.0,0.0,0.0,0.0,1.0,1.0,1.0,1.0,1.0,1.6666666666666667,0.9055555555555556,0.0,1.0,compromised,1,94.57788332483514
1.0,0.0,0.0,0.0,0.0,0.0,0.0,0.0,0.3333333333333333,1.0,0.0,0.3333333333333333,0.0,1.0,0.0,1.0,0.3333333333333333,0.0,0.0,0.5,medium,0,71.18938707853088
0.0,0.0,0.0,0.0,0.0,0.0,0.0,0.0,0.0,0.0,0.0,0.3333333333333333,0.0,0.0,0.0,0.09822613333333334,0.0,0.0,0.0,0.5,normal,0,9.689672367380878
0.0,0.0,0.0,0.0,0.0,0.0,0.0,0.0,0.3333333333333333,1.0,1.0,0.3333333333333333,0.0,1.0,0.0,0.5630853333333333,0.0,0.0,0.0,0.7,medium,0,55.2352682423112
1.0,1.0,1.0,0.0,1.0,0.0,1.0,0.0,0.0,0.0,1.0,1.0,1.0,1.0,1.0,1.0,1.6666666666666667,0.8777777777777778,0.0,1.0,compromised,1,97.36490698363131
1.0,1.0,1.0,0.0,1.0,0.0,1.0,0.0,0.0,0.0,0.0,1.0,1.0,1.0,1.0,1.0,1.6666666666666667,0.8777777777777778,0.0,1.0,compromised,1,94.02710099122231
0.0,0.0,0.0,0.0,0.0,0.0,0.0,0.0,0.0,0.0,0.0,0.3333333333333333,0.0,0.0,0.0,0.0,0.0,0.0,0.0,0.7,normal,0,9.93785847917803
1.0,1.0,1.0,0.0,1.0,0.0,1.0,0.0,0.0,0.0,0.0,1.0,1.0,1.0,1.0,1.0,1.6666666666666667,0.8888888888888888,0.0,1.1,compromised,1,97.12629677899787
0.0,0.0,0.0,0.0,0.0,0.0,0.0,0.0,0.0,0.0,0.0,0.3333333333333333,0.0,0.0,0.0,0.07286213333333333,0.0,0.0,0.0,0.6,normal,0,4.106955278758611
0.0,1.0,0.0,0.0,0.0,0.0,0.0,0.0,0.0,0.0,0.0,0.3333333333333333,0.0,0.0,0.0,0.08540253333333332,0.3333333333333333,0.0,0.0,0.6,innocent_security_change,0,38.00454465573527
0.0,0.0,0.0,0.0,0.0,0.0,0.0,0.0,0.3333333333333333,1.0,0.0,0.3333333333333333,0.0,1.0,0.0,1.0,0.0,0.0,0.0,0.7,medium,0,48.20526578281552
0.0,0.0,0.0,0.0,0.0,0.0,0.0,0.0,0.3333333333333333,1.0,0.0,0.3333333333333333,0.0,1.0,0.0,1.0,0.0,0.0,0.0,0.5,medium,0,49.772693283533705
1.0,0.0,0.0,0.0,0.0,0.0,0.0,0.0,0.3333333333333333,1.0,1.0,0.3333333333333333,0.0,1.0,0.0,0.6880234666666667,0.3333333333333333,0.0,0.0,0.8,medium,0,81.14581474915273
0.0,0.0,0.0,0.0,0.0,0.0,0.0,0.0,0.0,0.0,0.0,0.0,0.0,0.0,0.0,0.0,0.0,0.0,0.0,0.5,normal,0,6.387454677396949
0.0,0.0,0.0,0.0,0.0,0.0,0.0,0.0,0.0,0.0,0.0,0.0,0.0,0.0,0.0,0.0,0.0,0.0,0.0,0.5,normal,0,2.8988203771404786
0.0,1.0,0.0,0.0,0.0,0.0,0.0,0.0,0.0,0.0,0.0,0.3333333333333333,0.0,0.0,0.0,0.07182986666666666,0.3333333333333333,0.0,0.0,0.6,innocent_security_change,0,35.251722591469544
0.0,0.0,0.0,0.0,0.0,0.0,0.0,0.0,0.0,0.0,0.0,0.3333333333333333,0.0,0.0,0.0,0.0,0.0,0.0,0.0,0.6,normal,0,16.332715003987644
0.0,0.0,0.0,0.0,0.0,0.0,0.0,0.0,0.0,0.0,0.0,0.3333333333333333,0.0,0.0,0.0,0.0,0.0,0.0,0.0,0.6,normal,0,10.047361580899214
0.0,0.0,0.0,0.0,0.0,0.0,0.0,0.0,0.3333333333333333,1.0,0.0,0.3333333333333333,0.0,1.0,0.0,0.4141668,0.0,0.0,0.0,0.7,medium,0,44.261739715275695
0.0,0.0,0.0,0.0,0.0,0.0,0.0,0.0,0.0,0.0,0.0,0.3333333333333333,0.0,0.0,0.0,0.14345752544563886,0.0,0.0,1.0,0.6,innocent_security_change,0,19.36761258673583
0.0,0.0,0.0,0.0,0.0,0.0,0.0,0.0,0.0,0.0,0.0,0.0,0.0,0.0,0.0,0.0,0.0,0.0,0.0,0.5,normal,0,4.066254005447193
0.0,0.0,0.0,0.0,0.0,0.0,0.0,0.0,0.0,0.0,0.0,0.3333333333333333,0.0,0.0,0.0,0.0,0.0,0.0,0.0,0.6,normal,0,9.538414466053137
0.0,0.0,0.0,0.0,0.0,0.0,0.0,0.0,0.0,0.0,0.0,0.3333333333333333,0.0,0.0,0.0,0.13113360000000002,0.0,0.0,0.0,0.7,normal,0,10.808017865052243
0.0,0.0,0.0,0.0,0.0,0.0,0.0,0.0,0.0,0.0,0.0,0.3333333333333333,0.0,0.0,0.0,0.0999968,0.0,0.0,0.0,0.5,normal,0,9.185027152404638
0.0,0.0,0.0,0.0,0.0,0.0,0.0,0.0,0.0,0.0,0.0,0.3333333333333333,0.0,0.0,0.0,0.1592008,0.0,0.0,0.0,0.5,normal,0,11.237263340064166
1.0,1.0,1.0,0.0,1.0,0.0,1.0,0.0,0.0,0.0,0.0,1.0,1.0,1.0,1.0,1.0,1.6666666666666667,0.9222222222222223,0.0,1.0,compromised,1,96.45485102304949
0.0,0.0,0.0,0.0,0.0,0.0,0.0,0.0,0.3333333333333333,1.0,1.0,0.3333333333333333,0.0,1.0,0.0,0.7353756,0.0,0.0,0.0,0.7,medium,0,50.49174871966414
0.0,0.0,0.0,0.0,0.0,0.0,0.0,0.0,0.0,0.0,1.0,0.3333333333333333,0.0,0.0,0.0,0.068606,0.0,0.0,0.0,0.6,normal,0,20.27958135422874
0.0,0.0,0.0,0.0,0.0,0.0,0.0,0.0,0.0,0.0,0.0,0.3333333333333333,0.0,0.0,0.0,0.0647296,0.0,0.0,0.0,0.6,normal,0,10.106208686948886
1.0,0.0,0.0,0.0,0.0,0.0,0.0,0.0,0.3333333333333333,1.0,0.0,0.3333333333333333,1.0,1.0,0.0,1.0,0.3333333333333333,0.0,0.0,0.9,medium,0,82.28285849030303
0.0,0.0,0.0,0.0,0.0,0.0,0.0,0.0,0.0,0.0,1.0,0.3333333333333333,0.0,0.0,0.0,0.10646346666666667,0.0,0.0,1.0,0.9,innocent_security_change,0,22.305512177347417
0.0,0.0,0.0,0.0,0.0,0.0,0.0,0.0,0.0,0.0,0.0,0.0,0.0,0.0,0.0,0.0,0.0,0.0,0.0,0.4,normal,0,5.595951340513951
0.0,0.0,0.0,0.0,0.0,0.0,0.0,0.0,0.0,0.0,1.0,0.0,0.0,0.0,0.0,0.0,0.0,0.0,0.0,0.4,normal,0,16.021180524950694
0.0,0.0,0.0,0.0,0.0,0.0,0.0,0.0,0.0,0.0,0.0,0.3333333333333333,0.0,0.0,0.0,0.08109106666666667,0.0,0.0,0.0,0.6,normal,0,5.772340283351714
0.0,0.0,0.0,0.0,0.0,0.0,0.0,0.0,0.0,0.0,0.0,0.3333333333333333,0.0,0.0,0.0,0.10311826666666667,0.0,0.0,0.0,0.5,normal,0,9.736058433842338
0.0,0.0,0.0,0.0,0.0,1.0,0.0,0.0,0.0,0.0,0.0,0.3333333333333333,0.0,0.0,0.0,0.0912124,0.3333333333333333,0.0,0.0,0.7,innocent_security_change,0,29.38367634875556
1.0,1.0,1.0,0.0,1.0,0.0,1.0,0.0,0.0,0.0,1.0,1.0,1.0,1.0,1.0,1.0,1.6666666666666667,0.8333333333333334,0.0,0.9,compromised,1,94.45457456599117
0.0,0.0,0.0,0.0,0.0,0.0,0.0,0.0,0.0,0.0,0.0,0.0,0.0,0.0,0.0,0.0,0.0,0.0,0.0,0.5,normal,0,1.626500384550367
0.0,0.0,0.0,0.0,0.0,0.0,0.0,0.0,0.0,0.0,1.0,0.3333333333333333,0.0,0.0,0.0,0.1303132,0.0,0.0,0.0,0.8,normal,0,19.096478891418812
0.0,0.0,0.0,0.0,0.0,1.0,0.0,0.0,0.0,0.0,0.0,0.3333333333333333,0.0,0.0,0.0,0.030256266666666663,0.3333333333333333,0.0,0.0,0.4,innocent_security_change,0,32.52147470392212
0.0,0.0,0.0,0.0,0.0,0.0,0.0,0.0,0.0,0.0,0.0,0.0,0.0,0.0,0.0,0.0,0.0,0.0,0.0,0.5,normal,0,5.910238086396208
0.0,0.0,0.0,0.0,0.0,0.0,0.0,0.0,0.0,0.0,0.0,0.3333333333333333,0.0,0.0,0.0,0.4288504239400419,0.0,0.0,0.0,0.8,normal,0,19.749212546191945
0.0,0.0,0.0,0.0,0.0,0.0,0.0,0.0,0.0,0.0,0.0,0.0,0.0,0.0,0.0,0.0,0.0,0.0,0.0,0.4,normal,0,4.671364370815883
0.0,0.0,0.0,0.0,0.0,0.0,0.0,0.0,0.3333333333333333,1.0,0.0,0.3333333333333333,0.0,1.0,0.0,0.5838453333333333,0.0,0.0,0.0,0.7,medium,0,42.76394784253251
0.0,0.0,0.0,1.0,0.0,0.0,0.0,0.0,0.0,0.0,1.0,0.3333333333333333,0.0,0.0,0.0,0.022589333333333333,0.3333333333333333,0.0,0.0,0.7,innocent_security_change,0,35.57645685667971
0.0,0.0,0.0,0.0,0.0,0.0,0.0,0.0,0.0,0.0,1.0,0.3333333333333333,0.0,0.0,0.0,0.1930388,0.0,0.0,1.0,1.0,innocent_security_change,0,31.55422557133764
1.0,1.0,1.0,0.0,1.0,0.0,1.0,0.0,0.0,0.0,0.0,1.0,1.0,1.0,1.0,1.0,1.6666666666666667,0.9166666666666666,0.0,1.0,compromised,1,94.75455669339681
0.0,1.0,0.0,0.0,0.0,0.0,0.0,0.0,0.0,0.0,0.0,0.3333333333333333,0.0,0.0,0.0,0.6484824283038263,0.3333333333333333,0.0,0.0,0.8,innocent_security_change,0,45.61033797272646
0.0,0.0,0.0,0.0,0.0,0.0,0.0,0.0,0.0,0.0,0.0,0.0,0.0,0.0,0.0,0.0,0.0,0.0,0.0,0.4,normal,0,2.2663707153124584
0.0,0.0,0.0,0.0,0.0,0.0,0.0,0.0,0.0,0.0,0.0,0.0,0.0,0.0,0.0,0.0,0.0,0.0,0.0,0.4,normal,0,1.9301321918338021
0.0,0.0,0.0,0.0,0.0,1.0,0.0,0.0,0.0,0.0,1.0,0.3333333333333333,0.0,0.0,0.0,0.0817728,0.3333333333333333,0.0,0.0,0.8,innocent_security_change,0,39.65954066240073
1.0,1.0,1.0,0.0,1.0,0.0,0.0,0.0,0.0,0.0,1.0,0.0,0.0,0.0,0.0,0.0,1.3333333333333333,0.9055555555555556,0.0,0.6,compromised,1,93.80237376315814
0.0,0.0,0.0,0.0,0.0,0.0,0.0,0.0,0.0,0.0,1.0,0.0,0.0,0.0,0.0,0.0,0.0,0.0,0.0,0.2,compromised,1,10.727471752636504
1.0,1.0,1.0,0.0,1.0,0.0,1.0,0.0,0.0,0.0,1.0,1.0,1.0,1.0,1.0,1.0,1.6666666666666667,0.8722222222222222,0.0,1.0,compromised,1,100.0
0.0,0.0,0.0,0.0,0.0,0.0,0.0,0.0,0.3333333333333333,1.0,1.0,0.3333333333333333,0.0,1.0,0.0,0.6171126666666666,0.0,0.0,0.0,0.7,medium,0,48.743123663162216
1.0,1.0,1.0,0.0,1.0,0.0,1.0,0.0,0.0,0.0,1.0,1.0,1.0,1.0,1.0,1.0,1.6666666666666667,0.8611111111111112,0.0,1.1,compromised,1,99.55853337132943
1.0,1.0,1.0,0.0,1.0,0.0,1.0,0.0,0.0,0.0,1.0,1.0,1.0,1.0,1.0,1.0,1.6666666666666667,0.8833333333333333,0.0,1.1,compromised,1,99.51421462748013
0.0,0.0,0.0,0.0,0.0,0.0,0.0,0.0,0.0,0.0,0.0,0.0,0.0,0.0,0.0,0.0,0.0,0.0,0.0,0.5,normal,0,2.7971760052425796
0.0,0.0,0.0,0.0,0.0,0.0,0.0,0.0,0.0,0.0,0.0,0.3333333333333333,0.0,0.0,0.0,0.14380853333333332,0.0,0.0,0.0,0.6,normal,0,12.579763684904265
0.0,0.0,0.0,0.0,0.0,0.0,0.0,0.0,0.0,0.0,0.0,0.3333333333333333,0.0,0.0,0.0,0.010732133333333333,0.0,0.0,0.0,0.5,normal,0,6.255431906080456
0.0,0.0,0.0,0.0,0.0,0.0,0.0,0.0,0.0,0.0,1.0,0.3333333333333333,0.0,0.0,0.0,0.0442144,0.0,0.0,1.0,0.6,innocent_security_change,0,29.014760987437864
1.0,0.0,0.0,0.0,0.0,0.0,0.0,0.0,0.0,0.0,0.0,0.0,0.0,0.0,0.0,0.0,0.3333333333333333,0.0,0.0,0.3,compromised,1,51.39063565050072
1.0,1.0,0.0,0.0,0.0,0.0,0.0,0.0,0.0,0.0,1.0,0.0,0.0,0.0,0.0,0.0,0.6666666666666666,0.9,0.0,0.4,compromised,1,75.76326544874044
0.0,0.0,0.0,0.0,0.0,1.0,0.0,0.0,0.0,0.0,0.0,0.3333333333333333,0.0,0.0,0.0,0.04710226666666667,0.3333333333333333,0.0,0.0,0.7,innocent_security_change,0,32.486246375061846
0.0,0.0,0.0,0.0,0.0,1.0,0.0,0.0,0.0,0.0,0.0,0.3333333333333333,0.0,0.0,0.0,0.03532133333333333,0.3333333333333333,0.0,0.0,0.4,innocent_security_change,0,26.43286120216462
0.0,0.0,0.0,0.0,0.0,0.0,0.0,0.0,0.0,0.0,0.0,0.3333333333333333,0.0,0.0,0.0,0.11424279999999999,0.0,0.0,0.0,0.6,normal,0,7.863006357641148
1.0,1.0,1.0,0.0,1.0,0.0,1.0,0.0,0.0,0.0,1.0,1.0,1.0,1.0,1.0,1.0,1.6666666666666667,0.8833333333333333,0.0,1.0,compromised,1,94.1255197180263
0.0,0.0,0.0,0.0,0.0,0.0,0.0,0.0,0.0,0.0,0.0,0.3333333333333333,0.0,0.0,0.0,0.11534813333333334,0.0,0.0,0.0,0.6,normal,0,12.91343061054075
0.0,0.0,0.0,0.0,0.0,0.0,0.0,0.0,0.0,0.0,1.0,0.3333333333333333,0.0,0.0,0.0,0.38225945641043574,0.0,0.0,1.0,0.6,normal,0,27.02039543677129
0.0,0.0,0.0,0.0,0.0,0.0,0.0,0.0,0.0,0.0,1.0,0.3333333333333333,0.0,0.0,0.0,0.13169533333333333,0.0,0.0,0.0,0.6,normal,0,25.131140151779253
0.0,0.0,0.0,0.0,0.0,0.0,0.0,0.0,0.0,0.0,1.0,0.3333333333333333,0.0,0.0,0.0,0.3075163559566036,0.0,0.0,0.0,0.6,normal,0,17.540519315830355
0.0,0.0,0.0,0.0,0.0,0.0,0.0,0.0,0.0,0.0,0.0,0.3333333333333333,0.0,0.0,0.0,0.11731946666666665,0.0,0.0,0.0,0.5,normal,0,15.018409888514462
0.0,0.0,0.0,0.0,0.0,0.0,0.0,0.0,0.0,0.0,0.0,0.0,0.0,0.0,0.0,0.0,0.0,0.0,0.0,0.4,normal,0,3.3947278787143422
0.0,0.0,0.0,0.0,0.0,0.0,0.0,0.0,0.0,0.0,1.0,0.3333333333333333,0.0,0.0,0.0,0.0930584,0.0,0.0,0.0,0.7,normal,0,20.63325855165551
0.0,0.0,0.0,0.0,0.0,0.0,0.0,0.0,0.0,0.0,0.0,0.0,0.0,0.0,0.0,0.0,0.0,0.0,0.0,0.5,normal,0,2.208744386505181
1.0,0.0,0.0,0.0,0.0,0.0,0.0,0.0,0.3333333333333333,1.0,1.0,0.3333333333333333,0.0,1.0,0.0,1.0,0.3333333333333333,0.0,0.0,0.8,medium,0,78.56278437746094
0.0,0.0,0.0,0.0,0.0,0.0,0.0,0.0,0.0,0.0,0.0,0.0,0.0,0.0,0.0,0.0,0.0,0.0,0.0,0.4,normal,0,2.7730974546456753
1.0,1.0,0.0,0.0,1.0,0.0,1.0,0.0,0.0,0.0,0.0,1.0,1.0,1.0,1.0,1.0,1.3333333333333333,0.8833333333333333,0.0,1.0,compromised,1,99.04526704161252
1.0,0.0,0.0,0.0,0.0,0.0,0.0,0.0,0.0,0.0,0.0,0.0,0.0,0.0,0.0,0.0,0.3333333333333333,0.0,0.0,0.4,compromised,1,52.4873506752905
0.0,0.0,0.0,0.0,0.0,0.0,0.0,0.0,0.0,0.0,0.0,0.3333333333333333,0.0,0.0,0.0,0.05320586666666667,0.0,0.0,0.0,0.6,normal,0,10.969671026014394
0.0,0.0,0.0,1.0,0.0,0.0,0.0,0.0,0.0,0.0,0.0,0.0,0.0,0.0,0.0,0.0,0.3333333333333333,0.0,0.0,0.2,innocent_security_change,0,21.281659061412505
0.0,0.0,0.0,0.0,0.0,0.0,0.0,0.0,0.0,0.0,0.0,0.0,0.0,0.0,0.0,0.0,0.0,0.0,0.0,0.6,normal,0,4.12743553993108
0.0,0.0,0.0,0.0,0.0,0.0,0.0,0.0,0.0,0.0,1.0,0.3333333333333333,0.0,0.0,0.0,0.0987872,0.0,0.0,0.0,0.6,normal,0,21.133380710436676
0.0,0.0,0.0,0.0,0.0,0.0,0.0,0.0,0.0,0.0,1.0,0.3333333333333333,0.0,0.0,0.0,0.1197344,0.0,0.0,0.0,0.7,normal,0,16.906041833999808
0.0,0.0,0.0,0.0,0.0,0.0,0.0,0.0,0.0,0.0,0.0,0.3333333333333333,0.0,0.0,0.0,1.0,0.0,0.0,0.0,0.5,normal,0,18.157217039360127
0.0,0.0,0.0,0.0,0.0,0.0,0.0,0.0,0.0,0.0,0.0,0.0,0.0,0.0,0.0,0.0,0.0,0.0,0.0,0.5,normal,0,5.429202338584343
0.0,0.0,0.0,0.0,0.0,0.0,0.0,0.0,0.0,0.0,0.0,0.3333333333333333,1.0,0.0,0.0,0.1693116,0.0,0.0,0.0,0.6,normal,0,24.41859531417756
0.0,0.0,0.0,0.0,0.0,0.0,0.0,0.0,0.0,0.0,1.0,0.3333333333333333,0.0,0.0,0.0,0.0,0.0,0.0,0.0,0.7,normal,0,19.336784630117073
1.0,0.0,0.0,0.0,0.0,0.0,0.0,0.0,0.3333333333333333,1.0,0.0,0.3333333333333333,0.0,1.0,0.0,1.0,0.3333333333333333,0.0,0.0,0.9,medium,0,75.20639145087382
0.0,0.0,0.0,0.0,0.0,0.0,0.0,0.0,0.0,0.0,0.0,0.3333333333333333,0.0,0.0,0.0,0.1603252,0.0,0.0,1.0,0.6,normal,0,20.4943192303494
0.0,0.0,0.0,0.0,0.0,0.0,0.0,0.0,0.0,0.0,0.0,0.3333333333333333,0.0,0.0,0.0,0.13003106666666667,0.0,0.0,0.0,0.6,normal,0,10.238030981033464
0.0,0.0,0.0,0.0,0.0,0.0,0.0,0.0,0.0,0.0,1.0,0.3333333333333333,0.0,0.0,0.0,0.10345954995877076,0.0,0.0,0.0,0.7,normal,0,19.04889672880219
0.0,0.0,0.0,1.0,0.0,0.0,0.0,0.0,0.0,0.0,1.0,0.3333333333333333,0.0,0.0,0.0,0.10471946666666666,0.3333333333333333,0.0,0.0,0.8,innocent_security_change,0,38.578738851534496
0.0,0.0,0.0,0.0,0.0,0.0,0.0,0.0,0.0,0.0,0.0,0.0,0.0,0.0,0.0,0.0,0.0,0.0,0.0,0.5,normal,0,1.1251101594899753
1.0,0.0,0.0,0.0,0.0,0.0,0.0,0.0,0.3333333333333333,1.0,1.0,0.3333333333333333,0.0,1.0,0.0,0.7179914666666667,0.3333333333333333,0.0,0.0,0.8,medium,0,77.64616765455094
0.0,0.0,0.0,0.0,0.0,0.0,0.0,0.0,0.0,0.0,1.0,0.3333333333333333,0.0,0.0,0.0,0.0,0.0,0.0,0.0,0.5,normal,0,14.36516553332649
1.0,1.0,1.0,0.0,1.0,0.0,1.0,0.0,0.0,0.0,1.0,1.0,1.0,1.0,1.0,1.0,1.6666666666666667,0.8833333333333333,0.0,1.0,compromised,1,100.0
0.0,0.0,0.0,0.0,0.0,0.0,0.0,0.0,0.0,0.0,0.0,0.0,0.0,0.0,0.0,0.0,0.0,0.0,0.0,0.5,normal,0,4.752535809560163
0.0,0.0,0.0,0.0,0.0,0.0,0.0,0.0,0.0,0.0,0.0,0.0,0.0,0.0,0.0,0.0,0.0,0.0,0.0,0.5,normal,0,4.211116439312244
1.0,1.0,1.0,0.0,1.0,0.0,1.0,0.0,0.0,0.0,1.0,1.0,1.0,1.0,1.0,1.0,1.6666666666666667,0.9111111111111111,0.0,1.0,compromised,1,100.0
0.0,0.0,0.0,0.0,0.0,0.0,0.0,0.0,0.3333333333333333,1.0,0.0,0.3333333333333333,0.0,1.0,0.0,0.6540062666666667,0.0,0.0,0.0,0.6,medium,0,49.90959697389388
0.0,0.0,0.0,0.0,0.0,0.0,0.0,0.0,0.0,0.0,0.0,0.3333333333333333,0.0,0.0,0.0,0.3454248724350042,0.0,0.0,0.0,0.5,normal,0,16.224940793272147
0.0,0.0,0.0,0.0,0.0,0.0,0.0,0.0,0.0,0.0,0.0,0.3333333333333333,0.0,0.0,0.0,0.08997693333333334,0.0,0.0,0.0,0.5,normal,0,5.819529477072624
0.0,0.0,0.0,0.0,0.0,0.0,0.0,0.0,0.0,0.0,0.0,0.3333333333333333,1.0,0.0,0.0,0.1685088,0.0,0.0,0.0,0.5,normal,0,20.228743791951278
0.0,0.0,0.0,0.0,0.0,0.0,0.0,0.0,0.0,0.0,0.0,0.3333333333333333,0.0,0.0,0.0,0.07173360000000001,0.0,0.0,0.0,0.6,normal,0,9.272490105258434
0.0,0.0,0.0,0.0,0.0,0.0,0.0,0.0,0.0,0.0,0.0,0.3333333333333333,0.0,0.0,0.0,0.026265066666666666,0.0,0.0,0.0,0.7,normal,0,10.95851576708001
0.0,0.0,0.0,0.0,0.0,0.0,0.0,0.0,0.0,0.0,0.0,0.3333333333333333,0.0,0.0,0.0,0.016843066666666667,0.0,0.0,0.0,0.6,normal,0,11.413930596546628
1.0,1.0,1.0,0.0,1.0,0.0,1.0,0.0,0.0,0.0,0.0,0.6666666666666666,0.0,1.0,1.0,0.86906,1.6666666666666667,0.8666666666666667,0.0,0.9,compromised,1,95.38210112180639
0.0,0.0,0.0,0.0,0.0,0.0,0.0,0.0,0.0,0.0,0.0,0.0,0.0,0.0,0.0,0.0,0.0,0.0,0.0,0.4,normal,0,3.334101121900492
0.0,0.0,0.0,0.0,0.0,0.0,0.0,0.0,0.0,0.0,0.0,0.3333333333333333,0.0,0.0,0.0,0.039826933333333335,0.0,0.0,0.0,0.5,normal,0,7.877435799872759
0.0,0.0,0.0,0.0,0.0,0.0,0.0,0.0,0.0,0.0,1.0,0.3333333333333333,0.0,0.0,0.0,0.10056786666666667,0.0,0.0,0.0,0.6,normal,0,18.855705348481365
1.0,1.0,1.0,0.0,1.0,0.0,1.0,0.0,0.0,0.0,0.0,0.0,0.0,0.0,0.0,0.0,1.6666666666666667,0.85,0.0,0.7,compromised,1,91.0208969757241
0.0,0.0,0.0,0.0,0.0,0.0,0.0,0.0,0.0,0.0,0.0,0.3333333333333333,0.0,0.0,0.0,0.0456956,0.0,0.0,0.0,0.5,normal,0,7.534803170308922
0.0,0.0,0.0,0.0,0.0,0.0,0.0,0.0,0.0,0.0,0.0,0.3333333333333333,0.0,0.0,0.0,0.18098706666666667,0.0,0.0,1.0,0.6,normal,0,16.4873457442288
1.0,0.0,0.0,0.0,0.0,0.0,0.0,0.0,0.3333333333333333,1.0,0.0,0.3333333333333333,0.0,1.0,0.0,0.7204016000000001,0.3333333333333333,0.0,0.0,0.8,medium,0,71.50076178565222
1.0,0.0,0.0,0.0,0.0,0.0,0.0,0.0,0.3333333333333333,1.0,0.0,0.3333333333333333,0.0,1.0,0.0,0.6559958666666666,0.3333333333333333,0.0,0.0,0.6,medium,0,75.94386170453535
1.0,0.0,0.0,0.0,0.0,0.0,0.0,0.0,0.3333333333333333,1.0,0.0,0.3333333333333333,0.0,1.0,0.0,0.6707233333333333,0.3333333333333333,0.0,0.0,0.9,medium,0,71.5681671914839
0.0,0.0,0.0,0.0,0.0,0.0,0.0,0.0,0.0,0.0,1.0,0.3333333333333333,0.0,0.0,0.0,0.17594373333333335,0.0,0.0,1.0,0.7,normal,0,35.197707251566904
0.0,0.0,0.0,0.0,0.0,0.0,0.0,0.0,0.0,0.0,1.0,0.0,0.0,0.0,0.0,0.0,0.0,0.0,0.0,0.4,normal,0,14.139262295908843
0.0,0.0,0.0,0.0,0.0,0.0,0.0,0.0,0.0,0.0,0.0,0.3333333333333333,0.0,0.0,0.0,0.233459971671892,0.0,0.0,0.0,0.6,normal,0,13.369662120869242
1.0,1.0,1.0,0.0,1.0,0.0,1.0,0.0,0.0,0.0,0.0,1.0,1.0,1.0,1.0,1.0,1.6666666666666667,0.9055555555555556,0.0,1.0,compromised,1,95.65689112373475
1.0,1.0,1.0,0.0,1.0,0.0,1.0,0.0,0.0,0.0,0.0,0.0,0.0,0.0,0.0,0.0,1.6666666666666667,0.8055555555555556,0.0,0.7,compromised,1,96.21724025280963
1.0,1.0,1.0,0.0,0.0,0.0,0.0,0.0,0.0,0.0,0.0,0.0,0.0,0.0,0.0,0.0,1.0,0.95,0.0,0.5,compromised,1,84.32055838837053
0.0,0.0,0.0,0.0,0.0,0.0,0.0,0.0,0.0,0.0,0.0,0.0,0.0,0.0,0.0,0.0,0.0,0.0,0.0,0.5,normal,0,3.8760666401409587
0.0,0.0,0.0,0.0,0.0,0.0,0.0,0.0,0.0,0.0,0.0,0.3333333333333333,0.0,0.0,0.0,0.03048653333333333,0.0,0.0,0.0,0.6,normal,0,16.698185194219757
0.0,0.0,0.0,0.0,0.0,0.0,0.0,0.0,0.0,0.0,0.0,0.0,0.0,0.0,0.0,0.0,0.0,0.0,0.0,0.5,normal,0,3.3308923542159308
0.0,0.0,0.0,0.0,0.0,0.0,0.0,0.0,0.0,0.0,0.0,0.0,0.0,0.0,0.0,0.0,0.0,0.0,0.0,0.5,normal,0,6.444225419241745
0.0,0.0,0.0,0.0,0.0,0.0,0.0,0.0,0.0,0.0,0.0,0.3333333333333333,1.0,0.0,0.0,1.0,0.0,0.0,1.0,0.5,innocent_security_change,0,36.288670233709034
0.0,0.0,0.0,0.0,0.0,0.0,0.0,0.0,0.0,0.0,0.0,0.3333333333333333,0.0,0.0,0.0,0.5746778197236104,0.0,0.0,1.0,0.7,normal,0,24.78729966786825
0.0,0.0,0.0,0.0,0.0,0.0,0.0,0.0,0.3333333333333333,1.0,0.0,0.3333333333333333,0.0,1.0,0.0,0.5302353333333334,0.0,0.0,0.0,0.6,medium,0,49.18732851559755
0.0,0.0,0.0,0.0,0.0,0.0,0.0,0.0,0.0,0.0,0.0,0.0,0.0,0.0,0.0,0.0,0.0,0.0,0.0,0.6,normal,0,2.7023819547643293
1.0,1.0,1.0,0.0,1.0,0.0,1.0,0.0,0.0,0.0,1.0,1.0,1.0,1.0,1.0,1.0,1.6666666666666667,0.8555555555555556,0.0,1.0,compromised,1,100.0
0.0,0.0,0.0,0.0,0.0,0.0,0.0,0.0,0.0,0.0,0.0,0.3333333333333333,0.0,0.0,0.0,0.18739906666666667,0.0,0.0,1.0,0.7,normal,0,22.290772330376356
1.0,0.0,0.0,0.0,0.0,0.0,0.0,0.0,0.3333333333333333,1.0,1.0,0.3333333333333333,0.0,1.0,0.0,1.0,0.3333333333333333,0.0,0.0,0.9,medium,0,76.3213493067721
1.0,1.0,1.0,0.0,1.0,0.0,1.0,0.0,0.0,0.0,1.0,1.0,1.0,1.0,1.0,1.0,1.6666666666666667,0.8722222222222222,0.0,1.0,compromised,1,99.59169223219381
0.0,0.0,0.0,0.0,0.0,0.0,0.0,0.0,0.0,0.0,0.0,0.3333333333333333,0.0,0.0,0.0,0.03468093333333334,0.0,0.0,0.0,0.6,normal,0,12.784069998644586
0.0,0.0,0.0,0.0,0.0,0.0,0.0,0.0,0.3333333333333333,1.0,0.0,0.3333333333333333,0.0,1.0,0.0,1.0,0.0,0.0,0.0,0.4,medium,0,49.20737678263101
1.0,1.0,1.0,0.0,1.0,0.0,1.0,0.0,0.0,0.0,1.0,1.0,1.0,1.0,1.0,1.0,1.6666666666666667,0.9222222222222223,0.0,1.0,compromised,1,94.11383732736864
0.0,0.0,0.0,0.0,0.0,1.0,0.0,0.0,0.0,0.0,0.0,0.3333333333333333,0.0,0.0,0.0,0.037094133333333335,0.3333333333333333,0.0,0.0,0.7,innocent_security_change,0,27.943706644550783
0.0,0.0,0.0,0.0,0.0,0.0,0.0,0.0,0.0,0.0,0.0,0.3333333333333333,0.0,0.0,0.0,0.1550236,0.0,0.0,0.0,0.6,normal,0,11.289454335866704
1.0,1.0,1.0,0.0,1.0,0.0,1.0,0.0,0.0,0.0,0.0,1.0,1.0,1.0,1.0,1.0,1.6666666666666667,0.8833333333333333,0.0,1.0,compromised,1,97.60245177525897
0.0,0.0,0.0,0.0,0.0,0.0,0.0,0.0,0.3333333333333333,1.0,1.0,0.3333333333333333,0.0,1.0,0.0,0.6326421333333334,0.0,0.0,0.0,0.7,medium,0,53.107014247530756
1.0,1.0,1.0,0.0,1.0,0.0,1.0,0.0,0.0,0.0,1.0,1.0,1.0,1.0,1.0,1.0,1.6666666666666667,0.85,0.0,1.1,compromised,1,98.45653227461611
0.0,0.0,0.0,0.0,0.0,0.0,0.0,0.0,0.0,0.0,0.0,0.3333333333333333,0.0,0.0,0.0,0.39659953785293384,0.0,0.0,0.0,0.6,normal,0,11.611533862466958
0.0,0.0,0.0,0.0,0.0,0.0,0.0,0.0,0.0,0.0,0.0,0.3333333333333333,0.0,0.0,0.0,0.14747293333333333,0.0,0.0,0.0,0.8,normal,0,14.035401703000439
0.0,0.0,0.0,0.0,0.0,0.0,0.0,0.0,0.0,0.0,0.0,0.3333333333333333,0.0,0.0,0.0,0.0,0.0,0.0,0.0,0.5,normal,0,10.768113538497083
1.0,0.0,0.0,0.0,0.0,0.0,0.0,0.0,0.0,0.0,0.0,0.0,0.0,0.0,0.0,0.0,0.3333333333333333,0.0,0.0,0.3,compromised,1,53.25236711143579
1.0,0.0,0.0,0.0,0.0,0.0,0.0,0.0,0.3333333333333333,1.0,0.0,0.0,0.0,0.0,0.0,0.0,0.3333333333333333,0.0,0.0,0.7,medium,0,65.55554090553682
0.0,0.0,0.0,0.0,0.0,0.0,0.0,0.0,0.0,0.0,1.0,0.0,0.0,0.0,0.0,0.0,0.0,0.0,0.0,0.4,normal,0,14.99077293007888
0.0,1.0,0.0,0.0,0.0,0.0,0.0,0.0,0.0,0.0,0.0,0.3333333333333333,0.0,0.0,0.0,0.0,0.3333333333333333,0.0,0.0,0.6,innocent_security_change,0,38.51500642043732
0.0,0.0,0.0,0.0,0.0,0.0,0.0,0.0,0.0,0.0,1.0,0.3333333333333333,0.0,0.0,0.0,0.13490671393731807,0.0,0.0,0.0,0.9,normal,0,22.3154448538147
0.0,0.0,0.0,0.0,0.0,0.0,0.0,0.0,0.0,0.0,0.0,0.3333333333333333,0.0,0.0,0.0,0.1027136,0.0,0.0,0.0,0.6,normal,0,7.083026081734439
0.0,0.0,0.0,0.0,0.0,0.0,0.0,0.0,0.0,0.0,1.0,0.0,0.0,0.0,0.0,0.0,0.0,0.0,0.0,0.4,normal,0,13.980013091538083
0.0,0.0,0.0,0.0,0.0,0.0,0.0,0.0,0.0,0.0,0.0,0.0,0.0,0.0,0.0,0.0,0.0,0.0,0.0,0.5,normal,0,4.090261321435333
0.0,0.0,0.0,0.0,0.0,0.0,0.0,0.0,0.0,0.0,0.0,0.3333333333333333,0.0,0.0,0.0,0.0653196,0.0,0.0,0.0,0.5,normal,0,10.778810911147406
0.0,0.0,0.0,0.0,0.0,0.0,0.0,0.0,0.0,0.0,0.0,0.0,0.0,0.0,0.0,0.0,0.0,0.0,0.0,0.4,normal,0,0.0
1.0,1.0,1.0,0.0,1.0,0.0,1.0,0.0,0.0,0.0,0.0,1.0,1.0,1.0,1.0,1.0,1.6666666666666667,0.8444444444444444,0.0,1.0,compromised,1,95.06073335250085
1.0,0.0,0.0,0.0,0.0,0.0,0.0,0.0,0.3333333333333333,1.0,1.0,0.3333333333333333,0.0,1.0,0.0,0.6522633333333333,0.3333333333333333,0.0,0.0,0.8,medium,0,79.03387571492108
0.0,1.0,0.0,0.0,0.0,0.0,0.0,0.0,0.0,0.0,0.0,0.3333333333333333,0.0,0.0,0.0,0.054830399999999994,0.3333333333333333,0.0,0.0,0.5,innocent_security_change,0,37.31215901596399
1.0,1.0,1.0,0.0,1.0,0.0,1.0,0.0,0.0,0.0,1.0,1.0,1.0,1.0,1.0,1.0,1.6666666666666667,0.9111111111111111,0.0,1.0,compromised,1,99.73680332163724
0.0,0.0,0.0,0.0,0.0,0.0,0.0,0.0,0.0,0.0,1.0,0.0,0.0,0.0,0.0,0.0,0.0,0.0,0.0,0.5,normal,0,13.60787688956652
0.0,0.0,0.0,0.0,0.0,0.0,0.0,0.0,0.3333333333333333,1.0,1.0,0.3333333333333333,0.0,1.0,0.0,0.6780883999999999,0.0,0.0,0.0,0.4,medium,0,50.88735620619671
0.0,0.0,0.0,0.0,0.0,0.0,0.0,0.0,0.0,0.0,0.0,0.3333333333333333,0.0,0.0,0.0,0.1512652,0.0,0.0,0.0,0.6,normal,0,14.205789596903724
0.0,0.0,0.0,0.0,0.0,0.0,0.0,0.0,0.0,0.0,0.0,0.3333333333333333,0.0,0.0,0.0,0.2870232324589627,0.0,0.0,1.0,0.5,normal,0,19.22693571178085
0.0,0.0,0.0,1.0,0.0,0.0,0.0,0.0,0.0,0.0,0.0,0.0,0.0,0.0,0.0,0.0,0.3333333333333333,0.0,0.0,0.5,innocent_security_change,0,24.110263272665087
0.0,0.0,0.0,0.0,0.0,0.0,0.0,0.0,0.0,0.0,0.0,0.3333333333333333,0.0,0.0,0.0,0.04899653333333333,0.0,0.0,0.0,0.6,normal,0,9.383471274676836
0.0,0.0,0.0,0.0,0.0,0.0,0.0,0.0,0.3333333333333333,1.0,0.0,0.3333333333333333,0.0,1.0,0.0,0.7584765333333333,0.0,0.0,0.0,0.7,medium,0,45.86508047149271
0.0,0.0,0.0,0.0,0.0,0.0,0.0,0.0,0.3333333333333333,1.0,0.0,0.3333333333333333,0.0,1.0,0.0,0.49321186666666667,0.0,0.0,0.0,0.7,medium,0,44.09156292875271
0.0,0.0,0.0,0.0,0.0,0.0,0.0,0.0,0.0,0.0,0.0,0.3333333333333333,0.0,0.0,0.0,0.07028546666666667,0.0,0.0,0.0,0.6,normal,0,11.371087403325472
0.0,0.0,0.0,0.0,0.0,0.0,0.0,0.0,0.0,0.0,0.0,0.3333333333333333,0.0,0.0,0.0,0.0988296,0.0,0.0,0.0,0.6,normal,0,9.988395552256748
0.0,0.0,0.0,0.0,0.0,0.0,0.0,0.0,0.3333333333333333,1.0,1.0,0.3333333333333333,0.0,1.0,0.0,0.672512,0.0,0.0,0.0,0.4,medium,0,53.91244375743607
1.0,1.0,1.0,0.0,1.0,0.0,1.0,0.0,0.0,0.0,0.0,1.0,1.0,1.0,1.0,1.0,1.6666666666666667,0.85,0.0,1.1,compromised,1,95.54664946244182
0.0,0.0,0.0,0.0,0.0,0.0,0.0,0.0,0.0,0.0,0.0,0.0,0.0,0.0,0.0,0.0,0.0,0.0,0.0,0.5,normal,0,3.1038629931241575
0.0,0.0,0.0,0.0,0.0,1.0,0.0,0.0,0.0,0.0,0.0,0.3333333333333333,0.0,0.0,0.0,0.08501080000000001,0.3333333333333333,0.0,0.0,0.7,innocent_security_change,0,29.150060634708826
0.0,0.0,0.0,0.0,0.0,0.0,0.0,0.0,0.0,0.0,1.0,0.3333333333333333,0.0,0.0,0.0,0.038319599999999995,0.0,0.0,0.0,0.6,normal,0,23.277809154501938
1.0,1.0,1.0,0.0,1.0,0.0,1.0,0.0,0.0,0.0,0.0,1.0,1.0,1.0,1.0,1.0,1.6666666666666667,0.8555555555555556,0.0,1.0,compromised,1,98.26197946925315
1.0,1.0,1.0,0.0,1.0,0.0,1.0,0.0,0.0,0.0,1.0,1.0,1.0,1.0,1.0,1.0,1.6666666666666667,0.8666666666666667,0.0,1.0,compromised,1,100.0
0.0,0.0,0.0,0.0,0.0,0.0,0.0,0.0,0.0,0.0,0.0,0.3333333333333333,0.0,0.0,0.0,0.0,0.0,0.0,0.0,0.7,normal,0,6.83831520680046
0.0,0.0,0.0,0.0,0.0,0.0,0.0,0.0,0.3333333333333333,1.0,1.0,0.3333333333333333,0.0,1.0,0.0,1.0,0.0,0.0,0.0,0.7,medium,0,54.74360217111026
1.0,1.0,1.0,0.0,1.0,0.0,1.0,0.0,0.0,0.0,0.0,1.0,1.0,1.0,1.0,1.0,1.6666666666666667,0.8277777777777777,0.0,1.0,compromised,1,99.97658111710341
0.0,0.0,0.0,0.0,0.0,0.0,0.0,0.0,0.0,0.0,0.0,0.0,0.0,0.0,0.0,0.0,0.0,0.0,0.0,0.5,normal,0,3.776752076716116
1.0,1.0,1.0,0.0,1.0,0.0,1.0,0.0,0.0,0.0,0.0,1.0,1.0,1.0,1.0,1.0,1.6666666666666667,0.8666666666666667,0.0,1.0,compromised,1,100.0
0.0,0.0,0.0,0.0,0.0,0.0,0.0,0.0,0.0,0.0,0.0,0.3333333333333333,0.0,0.0,0.0,0.07043266666666666,0.0,0.0,0.0,0.7,normal,0,10.170687328893493
0.0,0.0,0.0,0.0,0.0,0.0,0.0,0.0,0.0,0.0,0.0,0.0,0.0,0.0,0.0,0.0,0.0,0.0,0.0,0.4,normal,0,6.390552811171746
1.0,0.0,0.0,0.0,0.0,0.0,0.0,0.0,0.0,0.0,0.0,0.0,0.0,0.0,0.0,0.0,0.3333333333333333,0.0,0.0,0.3,compromised,1,57.60013630065632
0.0,0.0,0.0,1.0,0.0,0.0,0.0,0.0,0.0,0.0,0.0,0.0,0.0,0.0,0.0,0.0,0.3333333333333333,0.0,0.0,0.3,innocent_security_change,0,21.847426297306832
0.0,0.0,0.0,0.0,0.0,0.0,0.0,0.0,0.0,0.0,0.0,0.0,0.0,0.0,0.0,0.0,0.0,0.0,0.0,0.4,normal,0,1.7534279072058665
1.0,0.0,0.0,0.0,0.0,0.0,0.0,0.0,0.3333333333333333,1.0,0.0,0.3333333333333333,0.0,1.0,0.0,0.46230733333333335,0.3333333333333333,0.0,0.0,1.0,medium,0,76.96770964625017
0.0,0.0,0.0,0.0,0.0,0.0,0.0,0.0,0.0,0.0,1.0,0.3333333333333333,0.0,0.0,0.0,0.0,0.0,0.0,0.0,0.6,normal,0,23.16025069132766
1.0,1.0,1.0,0.0,1.0,0.0,1.0,0.0,0.0,0.0,0.0,0.0,0.0,0.0,0.0,0.0,1.6666666666666667,0.8777777777777778,0.0,0.7,compromised,1,93.2743627942462
0.0,0.0,0.0,0.0,0.0,0.0,0.0,0.0,0.3333333333333333,1.0,1.0,0.3333333333333333,0.0,1.0,0.0,1.0,0.0,0.0,0.0,0.5,medium,0,52.3526419486872
0.0,0.0,0.0,0.0,0.0,0.0,0.0,0.0,0.0,0.0,0.0,0.3333333333333333,0.0,0.0,0.0,0.056461066666666664,0.0,0.0,0.0,0.5,normal,0,9.279490056152705
0.0,0.0,0.0,0.0,0.0,0.0,0.0,0.0,0.0,0.0,0.0,0.3333333333333333,0.0,0.0,0.0,0.05183149137695466,0.0,0.0,0.0,0.5,normal,0,6.562188730757467
0.0,0.0,0.0,0.0,0.0,0.0,0.0,0.0,0.0,0.0,0.0,0.0,0.0,0.0,0.0,0.0,0.0,0.0,0.0,0.4,normal,0,0.5705543444973005
0.0,0.0,0.0,0.0,0.0,0.0,0.0,0.0,0.0,0.0,0.0,0.0,0.0,0.0,0.0,0.0,0.0,0.0,0.0,0.4,normal,0,0.3568322938276265
0.0,0.0,0.0,0.0,0.0,0.0,0.0,0.0,0.0,0.0,0.0,0.0,0.0,0.0,0.0,0.0,0.0,0.0,0.0,0.5,normal,0,1.651548190767234
1.0,0.0,0.0,0.0,0.0,0.0,0.0,0.0,0.3333333333333333,1.0,1.0,0.3333333333333333,0.0,1.0,0.0,0.7943209333333333,0.3333333333333333,0.0,0.0,0.6,medium,0,76.45820687667383
0.0,0.0,0.0,0.0,0.0,1.0,0.0,0.0,0.0,0.0,0.0,0.3333333333333333,0.0,0.0,0.0,0.0,0.3333333333333333,0.0,0.0,0.4,innocent_security_change,0,28.409392532502984
0.0,0.0,0.0,0.0,0.0,0.0,0.0,0.0,0.3333333333333333,1.0,0.0,0.3333333333333333,0.0,1.0,0.0,0.6905245333333333,0.0,0.0,0.0,0.4,medium,0,49.11887572676692
0.0,0.0,0.0,0.0,0.0,0.0,0.0,0.0,0.3333333333333333,1.0,0.0,0.3333333333333333,0.0,1.0,0.0,0.7142078666666666,0.0,0.0,0.0,0.6,medium,0,43.72303293167405
1.0,1.0,1.0,0.0,1.0,0.0,1.0,0.0,0.0,0.0,1.0,1.0,1.0,1.0,1.0,1.0,1.6666666666666667,0.8888888888888888,0.0,1.0,compromised,1,100.0
0.0,0.0,0.0,0.0,0.0,0.0,0.0,0.0,0.0,0.0,0.0,0.3333333333333333,1.0,0.0,0.0,0.1653572,0.0,0.0,0.0,0.8,normal,0,24.51093694432852
1.0,1.0,1.0,0.0,1.0,0.0,1.0,0.0,0.0,0.0,1.0,0.6666666666666666,1.0,0.0,1.0,1.0,1.6666666666666667,0.8666666666666667,0.0,0.9,compromised,1,97.31863775184299
0.0,0.0,0.0,0.0,0.0,0.0,0.0,0.0,0.0,0.0,0.0,0.3333333333333333,0.0,0.0,0.0,0.09310639999999999,0.0,0.0,0.0,0.5,normal,0,12.149530107786113
1.0,1.0,1.0,0.0,1.0,0.0,0.0,0.0,0.0,0.0,0.0,0.0,0.0,0.0,0.0,0.0,1.3333333333333333,0.9166666666666666,0.0,0.6,compromised,1,89.06883332282675
0.0,0.0,0.0,0.0,0.0,0.0,0.0,0.0,0.0,0.0,1.0,0.0,0.0,0.0,0.0,0.0,0.0,0.0,0.0,0.5,normal,0,14.493105314700493
0.0,0.0,0.0,0.0,0.0,0.0,0.0,0.0,0.0,0.0,0.0,0.3333333333333333,0.0,0.0,0.0,0.13467720000000002,0.0,0.0,0.0,0.6,normal,0,12.063289839404554
0.0,0.0,0.0,0.0,0.0,0.0,0.0,0.0,0.0,0.0,0.0,0.0,0.0,0.0,0.0,0.0,0.0,0.0,0.0,0.5,normal,0,4.802170263547928
0.0,0.0,0.0,1.0,0.0,0.0,0.0,0.0,0.0,0.0,0.0,0.3333333333333333,0.0,0.0,0.0,0.06645853333333333,0.3333333333333333,0.0,0.0,0.7,innocent_security_change,0,30.783832871921113
0.0,0.0,0.0,0.0,0.0,0.0,0.0,0.0,0.0,0.0,0.0,0.0,0.0,0.0,0.0,0.0,0.0,0.0,0.0,0.4,normal,0,9.005434560485032
0.0,0.0,0.0,0.0,0.0,0.0,0.0,0.0,0.0,0.0,0.0,0.3333333333333333,1.0,0.0,0.0,0.18318306666666667,0.0,0.0,0.0,0.6,normal,0,22.55028719414475
0.0,0.0,0.0,0.0,0.0,0.0,0.0,0.0,0.3333333333333333,1.0,0.0,0.3333333333333333,0.0,1.0,0.0,0.7143781333333333,0.0,0.0,0.0,0.6,medium,0,44.89275757505855
1.0,1.0,1.0,0.0,1.0,0.0,1.0,0.0,0.0,0.0,1.0,1.0,1.0,1.0,1.0,1.0,1.6666666666666667,0.8777777777777778,0.0,1.0,compromised,1,96.45603404597841
0.0,0.0,0.0,0.0,0.0,0.0,0.0,0.0,0.0,0.0,0.0,0.3333333333333333,0.0,0.0,0.0,0.0214064,0.0,0.0,0.0,0.5,normal,0,8.135107370175643
0.0,0.0,0.0,0.0,0.0,0.0,0.0,0.0,0.3333333333333333,1.0,0.0,0.3333333333333333,0.0,1.0,0.0,1.0,0.0,0.0,0.0,0.5,medium,0,46.43870955323386
1.0,1.0,0.0,0.0,0.0,0.0,0.0,0.0,0.0,0.0,1.0,0.0,0.0,0.0,0.0,0.0,0.6666666666666666,0.9,0.0,0.4,compromised,1,80.04261432780692
1.0,1.0,1.0,0.0,1.0,0.0,1.0,0.0,0.0,0.0,1.0,1.0,1.0,1.0,1.0,1.0,1.6666666666666667,0.8944444444444445,0.0,1.0,compromised,1,100.0
1.0,0.0,0.0,0.0,0.0,0.0,0.0,0.0,0.0,0.0,1.0,0.0,0.0,0.0,0.0,0.0,0.3333333333333333,0.0,0.0,0.3,compromised,1,55.40208192271834
0.0,0.0,0.0,0.0,0.0,0.0,0.0,0.0,0.0,0.0,0.0,0.0,0.0,0.0,0.0,0.0,0.0,0.0,0.0,0.4,normal,0,0.7862952779472243
1.0,1.0,1.0,0.0,1.0,0.0,1.0,0.0,0.0,0.0,1.0,1.0,1.0,1.0,1.0,1.0,1.6666666666666667,0.8666666666666667,0.0,1.0,compromised,1,99.18599410195517
1.0,1.0,1.0,0.0,1.0,0.0,1.0,0.0,0.0,0.0,0.0,1.0,1.0,1.0,1.0,1.0,1.6666666666666667,0.8888888888888888,0.0,1.0,compromised,1,96.41154893499906
0.0,0.0,0.0,0.0,0.0,0.0,0.0,0.0,0.0,0.0,0.0,0.0,0.0,0.0,0.0,0.0,0.0,0.0,0.0,0.4,normal,0,4.449513755096573
0.0,0.0,0.0,0.0,0.0,0.0,0.0,0.0,0.3333333333333333,1.0,0.0,0.3333333333333333,0.0,1.0,0.0,1.0,0.0,0.0,0.0,0.8,medium,0,49.66104859495223
0.0,0.0,0.0,0.0,0.0,0.0,0.0,0.0,0.3333333333333333,1.0,1.0,0.3333333333333333,0.0,1.0,0.0,0.5381968,0.0,0.0,0.0,0.7,medium,0,47.09587275158334
0.0,0.0,0.0,0.0,0.0,0.0,0.0,0.0,0.0,0.0,0.0,0.3333333333333333,0.0,0.0,0.0,0.016838323908648537,0.0,0.0,0.0,0.6,normal,0,13.988484044296552
1.0,0.0,0.0,0.0,0.0,0.0,0.0,0.0,0.0,0.0,1.0,0.0,0.0,0.0,0.0,0.0,0.3333333333333333,0.0,0.0,0.3,compromised,1,61.31864183983083
0.0,0.0,0.0,0.0,0.0,1.0,0.0,0.0,0.0,0.0,1.0,0.3333333333333333,0.0,0.0,0.0,0.02775146666666667,0.3333333333333333,0.0,0.0,0.6,innocent_security_change,0,34.942830703413904
1.0,1.0,1.0,0.0,1.0,0.0,1.0,0.0,0.0,0.0,0.0,1.0,1.0,1.0,1.0,1.0,1.6666666666666667,0.8888888888888888,0.0,1.1,compromised,1,96.83885180352709
0.0,0.0,0.0,0.0,0.0,0.0,0.0,0.0,0.0,0.0,1.0,0.3333333333333333,0.0,0.0,0.0,0.045911733333333336,0.0,0.0,0.0,0.6,normal,0,20.463698838601033
0.0,0.0,0.0,0.0,0.0,0.0,0.0,0.0,0.0,0.0,1.0,0.0,0.0,0.0,0.0,0.0,0.0,0.0,0.0,0.4,normal,0,13.742109518674182
1.0,1.0,0.0,0.0,0.0,0.0,0.0,0.0,0.0,0.0,0.0,0.0,0.0,0.0,0.0,0.0,0.6666666666666666,0.7333333333333334,0.0,0.4,compromised,1,74.80299584238422
0.0,0.0,0.0,0.0,0.0,0.0,0.0,0.0,0.3333333333333333,1.0,1.0,0.3333333333333333,0.0,1.0,0.0,1.0,0.0,0.0,0.0,0.7,medium,0,59.10148785335299
1.0,0.0,0.0,0.0,0.0,0.0,0.0,0.0,0.3333333333333333,1.0,0.0,0.3333333333333333,0.0,1.0,0.0,1.0,0.3333333333333333,0.0,0.0,0.8,medium,0,74.53662772103335
0.0,0.0,0.0,1.0,0.0,0.0,0.0,0.0,0.0,0.0,0.0,0.3333333333333333,0.0,0.0,0.0,0.13566106666666666,0.3333333333333333,0.0,0.0,0.6,innocent_security_change,0,28.26024216582536
0.0,0.0,0.0,0.0,0.0,0.0,0.0,0.0,0.0,0.0,0.0,0.3333333333333333,0.0,0.0,0.0,0.011737066666666665,0.0,0.0,0.0,0.6,normal,0,6.604706960655479
0.0,0.0,0.0,0.0,0.0,0.0,0.0,0.0,0.0,0.0,0.0,0.0,0.0,0.0,0.0,0.0,0.0,0.0,0.0,0.4,normal,0,1.0398591108529984
0.0,0.0,0.0,0.0,0.0,0.0,0.0,0.0,0.0,0.0,0.0,0.0,0.0,0.0,0.0,0.0,0.0,0.0,0.0,0.4,normal,0,2.7843667785233035
0.0,0.0,0.0,0.0,0.0,0.0,0.0,0.0,0.0,0.0,0.0,0.0,0.0,0.0,0.0,0.0,0.0,0.0,0.0,0.5,normal,0,8.057436762322025
0.0,0.0,0.0,0.0,0.0,0.0,0.0,0.0,0.3333333333333333,1.0,0.0,0.3333333333333333,0.0,1.0,0.0,1.0,0.0,0.0,0.0,0.5,medium,0,46.738149123909736
0.0,0.0,0.0,0.0,0.0,0.0,0.0,0.0,0.0,0.0,0.0,0.0,0.0,0.0,0.0,0.0,0.0,0.0,0.0,0.6,normal,0,4.829269478330994
0.0,0.0,0.0,0.0,0.0,0.0,0.0,0.0,0.0,0.0,1.0,0.0,0.0,0.0,0.0,0.0,0.0,0.0,0.0,0.6,normal,0,14.122563849129483
0.0,0.0,0.0,0.0,0.0,0.0,0.0,0.0,0.3333333333333333,1.0,0.0,0.3333333333333333,0.0,1.0,0.0,1.0,0.0,0.0,0.0,0.6,medium,0,51.379737326137445
1.0,1.0,0.0,0.0,0.0,0.0,0.0,0.0,0.0,0.0,0.0,0.0,0.0,0.0,0.0,0.0,0.6666666666666666,0.9,0.0,0.4,compromised,1,80.74441507337399
0.0,0.0,0.0,0.0,0.0,0.0,0.0,0.0,0.0,0.0,0.0,0.3333333333333333,0.0,0.0,0.0,0.11673653333333334,0.0,0.0,0.0,0.7,normal,0,10.731033077342174
0.0,0.0,0.0,0.0,0.0,0.0,0.0,0.0,0.0,0.0,0.0,0.0,0.0,0.0,0.0,0.0,0.0,0.0,0.0,0.5,normal,0,2.3474434972319997
0.0,0.0,0.0,0.0,0.0,0.0,0.0,0.0,0.0,0.0,0.0,0.3333333333333333,0.0,0.0,0.0,0.1797048,0.0,0.0,1.0,0.6,normal,0,22.462012247252773
1.0,1.0,1.0,0.0,1.0,0.0,1.0,0.0,0.0,0.0,1.0,1.0,1.0,1.0,1.0,1.0,1.6666666666666667,0.8777777777777778,0.0,1.0,compromised,1,99.7186140861061
0.0,0.0,0.0,0.0,0.0,0.0,0.0,0.0,0.0,0.0,0.0,0.3333333333333333,0.0,0.0,0.0,0.18533893333333334,0.0,0.0,1.0,0.7,normal,0,25.114341015043276
0.0,0.0,0.0,0.0,0.0,0.0,0.0,0.0,0.0,0.0,0.0,0.3333333333333333,0.0,0.0,0.0,0.046915733333333334,0.0,0.0,0.0,0.6,normal,0,11.971899481204762
0.0,0.0,0.0,0.0,0.0,0.0,0.0,0.0,0.0,0.0,0.0,0.0,0.0,0.0,0.0,0.0,0.0,0.0,0.0,0.5,normal,0,2.6728118765599063
0.0,0.0,0.0,0.0,0.0,0.0,0.0,0.0,0.0,0.0,0.0,0.3333333333333333,0.0,0.0,0.0,0.042614362869708024,0.0,0.0,0.0,0.6,normal,0,11.932710110788495
0.0,0.0,0.0,0.0,0.0,0.0,0.0,0.0,0.0,0.0,1.0,0.3333333333333333,0.0,0.0,0.0,0.12171426666666667,0.0,0.0,1.0,0.7,innocent_security_change,0,30.823218959985596
0.0,0.0,0.0,0.0,0.0,0.0,0.0,0.0,0.0,0.0,0.0,0.0,0.0,0.0,0.0,0.0,0.0,0.0,0.0,0.5,normal,0,5.622247556520966
0.0,0.0,0.0,0.0,0.0,0.0,0.0,0.0,0.3333333333333333,1.0,1.0,0.3333333333333333,0.0,1.0,0.0,1.0,0.0,0.0,0.0,0.7,medium,0,55.34416158420536
0.0,0.0,0.0,0.0,0.0,0.0,0.0,0.0,0.0,0.0,0.0,0.0,0.0,0.0,0.0,0.0,0.0,0.0,0.0,0.4,normal,0,5.533870934680681
1.0,1.0,1.0,0.0,1.0,0.0,1.0,0.0,0.0,0.0,0.0,1.0,1.0,1.0,1.0,1.0,1.6666666666666667,0.85,0.0,1.0,compromised,1,100.0
0.0,0.0,0.0,0.0,0.0,0.0,0.0,0.0,0.0,0.0,0.0,0.3333333333333333,0.0,0.0,0.0,0.0,0.0,0.0,0.0,0.7,normal,0,14.007613616986708
1.0,0.0,0.0,0.0,0.0,0.0,0.0,0.0,0.3333333333333333,1.0,0.0,0.3333333333333333,0.0,1.0,0.0,0.6073721333333334,0.3333333333333333,0.0,0.0,0.7,medium,0,74.93687436326917
1.0,1.0,1.0,0.0,1.0,0.0,1.0,0.0,0.0,0.0,0.0,1.0,1.0,1.0,1.0,1.0,1.6666666666666667,0.8722222222222222,0.0,1.0,compromised,1,97.36358041359188
0.0,0.0,0.0,1.0,0.0,0.0,0.0,0.0,0.0,0.0,0.0,0.3333333333333333,0.0,0.0,0.0,0.1315268,0.3333333333333333,0.0,0.0,0.6,innocent_security_change,0,30.580816465025066
0.0,0.0,0.0,0.0,0.0,0.0,0.0,0.0,0.0,0.0,0.0,0.3333333333333333,0.0,0.0,0.0,0.07379240000000001,0.0,0.0,0.0,0.6,normal,0,13.877506619908896
0.0,0.0,0.0,0.0,0.0,0.0,0.0,0.0,0.0,0.0,1.0,0.3333333333333333,1.0,0.0,0.0,0.6352479303506836,0.0,0.0,0.0,0.5,normal,0,33.805656459675305
0.0,0.0,0.0,0.0,0.0,0.0,0.0,0.0,0.0,0.0,1.0,0.3333333333333333,0.0,0.0,0.0,0.060589733333333326,0.0,0.0,0.0,0.7,normal,0,21.422156168533437
0.0,0.0,0.0,0.0,0.0,0.0,0.0,0.0,0.0,0.0,0.0,0.3333333333333333,1.0,0.0,0.0,0.16549946666666665,0.0,0.0,0.0,0.6,normal,0,22.965926848768095
1.0,0.0,0.0,0.0,0.0,0.0,0.0,0.0,0.3333333333333333,1.0,1.0,0.3333333333333333,0.0,1.0,0.0,0.6519488,0.3333333333333333,0.0,0.0,0.9,medium,0,76.6427903181841
0.0,0.0,0.0,0.0,0.0,0.0,0.0,0.0,0.0,0.0,0.0,0.0,0.0,0.0,0.0,0.0,0.0,0.0,0.0,0.4,normal,0,6.063313867226043
0.0,0.0,0.0,0.0,0.0,0.0,0.0,0.0,0.0,0.0,0.0,0.0,0.0,0.0,0.0,0.0,0.0,0.0,0.0,0.5,normal,0,4.0487897735773135
0.0,0.0,0.0,0.0,0.0,0.0,0.0,0.0,0.0,0.0,1.0,0.3333333333333333,0.0,0.0,0.0,0.018016666666666667,0.0,0.0,0.0,0.7,normal,0,20.122740322268108
0.0,0.0,0.0,0.0,0.0,0.0,0.0,0.0,0.3333333333333333,1.0,1.0,0.3333333333333333,1.0,1.0,0.0,0.6409661333333333,0.0,0.0,0.0,0.8,medium,0,55.06752947618265
0.0,0.0,0.0,0.0,0.0,0.0,0.0,0.0,0.0,0.0,0.0,0.0,0.0,0.0,0.0,0.0,0.0,0.0,0.0,0.5,normal,0,5.436676018595607
1.0,1.0,1.0,0.0,1.0,0.0,1.0,0.0,0.0,0.0,1.0,1.0,1.0,1.0,1.0,1.0,1.6666666666666667,0.8666666666666667,0.0,1.0,compromised,1,99.62116566384185
1.0,0.0,0.0,0.0,0.0,0.0,0.0,0.0,0.0,0.0,0.0,0.0,0.0,0.0,0.0,0.0,0.3333333333333333,0.0,0.0,0.3,compromised,1,57.26102779987184
0.0,0.0,0.0,0.0,0.0,0.0,0.0,0.0,0.0,0.0,0.0,0.3333333333333333,0.0,0.0,0.0,0.0,0.0,0.0,1.0,0.6,innocent_security_change,0,16.959554854367862
0.0,0.0,0.0,0.0,0.0,0.0,0.0,0.0,0.0,0.0,0.0,0.3333333333333333,1.0,0.0,0.0,0.1980972,0.0,0.0,0.0,0.8,normal,0,25.949881312183866
0.0,0.0,0.0,0.0,0.0,0.0,0.0,0.0,0.0,0.0,0.0,0.0,0.0,0.0,0.0,0.0,0.0,0.0,0.0,0.4,normal,0,3.4906434199846843
0.0,0.0,0.0,0.0,0.0,0.0,0.0,0.0,0.0,0.0,0.0,0.3333333333333333,1.0,0.0,0.0,0.17005279999999998,0.0,0.0,0.0,0.7,normal,0,28.493983959813804
1.0,0.0,0.0,0.0,0.0,0.0,0.0,0.0,0.3333333333333333,1.0,0.0,0.3333333333333333,0.0,1.0,0.0,1.0,0.3333333333333333,0.0,0.0,0.5,medium,0,74.18884517772256
0.0,0.0,0.0,0.0,0.0,0.0,0.0,0.0,0.3333333333333333,1.0,0.0,0.3333333333333333,1.0,1.0,0.0,0.43309026666666667,0.0,0.0,0.0,0.7,medium,0,52.60706936636663
0.0,0.0,0.0,0.0,0.0,0.0,0.0,0.0,0.3333333333333333,1.0,1.0,0.3333333333333333,0.0,1.0,0.0,0.5450989333333333,0.0,0.0,0.0,0.5,medium,0,51.735362766912644
1.0,1.0,1.0,0.0,1.0,0.0,0.0,0.0,0.0,0.0,0.0,0.0,0.0,0.0,0.0,0.0,1.3333333333333333,0.9277777777777778,0.0,0.6,compromised,1,92.3683793518235
0.0,0.0,0.0,0.0,0.0,0.0,0.0,0.0,0.0,0.0,0.0,0.0,0.0,0.0,0.0,0.0,0.0,0.0,0.0,0.4,normal,0,1.7511001743314754
0.0,0.0,0.0,0.0,0.0,0.0,0.0,0.0,0.0,0.0,0.0,0.0,0.0,0.0,0.0,0.0,0.0,0.0,0.0,0.4,normal,0,3.352409192953565
1.0,0.0,0.0,0.0,0.0,0.0,0.0,0.0,0.3333333333333333,1.0,1.0,0.3333333333333333,0.0,1.0,0.0,0.5633173333333333,0.3333333333333333,0.0,0.0,0.9,medium,0,78.95100821706555
0.0,0.0,0.0,0.0,0.0,0.0,0.0,0.0,0.3333333333333333,1.0,0.0,0.3333333333333333,0.0,1.0,0.0,0.6159322666666667,0.0,0.0,0.0,0.4,medium,0,42.078995889082286
0.0,0.0,0.0,0.0,0.0,0.0,0.0,0.0,0.0,0.0,0.0,0.3333333333333333,0.0,0.0,0.0,0.8653327693995562,0.0,0.0,0.0,0.6,normal,0,20.887724584981942
0.0,0.0,0.0,0.0,0.0,0.0,0.0,0.0,0.0,0.0,0.0,0.3333333333333333,0.0,0.0,0.0,0.0,0.0,0.0,1.0,0.6,innocent_security_change,0,15.978698404402433
0.0,0.0,0.0,0.0,0.0,0.0,0.0,0.0,0.0,0.0,1.0,0.0,0.0,0.0,0.0,0.0,0.0,0.0,0.0,0.6,normal,0,17.15123766162347
1.0,0.0,0.0,0.0,0.0,0.0,0.0,0.0,0.3333333333333333,1.0,0.0,0.3333333333333333,0.0,1.0,0.0,1.0,0.3333333333333333,0.0,0.0,0.7,medium,0,70.98839426851781
0.0,0.0,0.0,0.0,0.0,0.0,0.0,0.0,0.3333333333333333,1.0,0.0,0.3333333333333333,0.0,1.0,0.0,0.7711793333333333,0.0,0.0,0.0,0.6,medium,0,45.26544277569895
0.0,0.0,0.0,0.0,0.0,0.0,0.0,0.0,0.3333333333333333,1.0,0.0,0.3333333333333333,0.0,1.0,0.0,0.7606793333333333,0.0,0.0,0.0,0.4,medium,0,46.741575533230375
0.0,0.0,0.0,0.0,0.0,0.0,0.0,0.0,0.0,0.0,0.0,0.3333333333333333,0.0,0.0,0.0,0.1274408,0.0,0.0,0.0,0.7,normal,0,16.10883253283296
1.0,0.0,0.0,0.0,0.0,0.0,0.0,0.0,0.3333333333333333,1.0,1.0,0.3333333333333333,0.0,1.0,0.0,0.4832716,0.3333333333333333,0.0,0.0,0.8,medium,0,75.64935170607241
0.0,0.0,0.0,0.0,0.0,0.0,0.0,0.0,0.0,0.0,0.0,0.3333333333333333,0.0,0.0,0.0,0.07826520000000001,0.0,0.0,0.0,0.6,normal,0,9.531209234887836
0.0,0.0,0.0,0.0,0.0,0.0,0.0,0.0,0.0,0.0,0.0,0.3333333333333333,0.0,0.0,0.0,0.07072453333333334,0.0,0.0,0.0,0.7,normal,0,16.170559700169793
0.0,0.0,0.0,0.0,0.0,0.0,0.0,0.0,0.0,0.0,0.0,0.3333333333333333,0.0,0.0,0.0,0.20411980714818156,0.0,0.0,0.0,0.5,normal,0,8.276634802565367
0.0,0.0,0.0,0.0,0.0,0.0,0.0,0.0,0.3333333333333333,1.0,1.0,0.3333333333333333,0.0,1.0,0.0,1.0,0.0,0.0,0.0,0.5,medium,0,47.90609409987664
0.0,0.0,0.0,0.0,0.0,0.0,0.0,0.0,0.3333333333333333,1.0,0.0,0.3333333333333333,0.0,1.0,0.0,0.5655453333333333,0.0,0.0,0.0,0.7,medium,0,46.54158181954195
0.0,0.0,0.0,0.0,0.0,0.0,0.0,0.0,0.3333333333333333,1.0,1.0,0.3333333333333333,0.0,1.0,0.0,1.0,0.0,0.0,0.0,0.8,medium,0,53.15362226300555
0.0,0.0,0.0,0.0,0.0,0.0,0.0,0.0,0.0,0.0,0.0,0.3333333333333333,0.0,0.0,0.0,0.0,0.0,0.0,1.0,0.6,innocent_security_change,0,15.175918398923582
0.0,0.0,0.0,0.0,0.0,0.0,0.0,0.0,0.0,0.0,1.0,0.0,0.0,0.0,0.0,0.0,0.0,0.0,0.0,0.6,normal,0,15.934512207559745
0.0,0.0,0.0,0.0,0.0,0.0,0.0,0.0,0.3333333333333333,1.0,0.0,0.3333333333333333,0.0,1.0,0.0,0.7804224,0.0,0.0,0.0,0.8,medium,0,48.11307481142553
0.0,0.0,0.0,0.0,0.0,0.0,0.0,0.0,0.0,0.0,0.0,0.3333333333333333,0.0,0.0,0.0,0.18649013333333334,0.0,0.0,1.0,0.6,normal,0,18.52047751553621
0.0,0.0,0.0,0.0,0.0,0.0,0.0,0.0,0.0,0.0,0.0,0.3333333333333333,0.0,0.0,0.0,0.0,0.0,0.0,0.0,0.8,normal,0,7.999624642939958
0.0,0.0,0.0,0.0,0.0,0.0,0.0,0.0,0.3333333333333333,1.0,0.0,0.3333333333333333,0.0,1.0,0.0,1.0,0.0,0.0,0.0,0.7,medium,0,50.96374542903758
0.0,0.0,0.0,0.0,0.0,0.0,0.0,0.0,0.0,0.0,0.0,0.0,0.0,0.0,0.0,0.0,0.0,0.0,0.0,0.5,normal,0,5.196545048424207
0.0,0.0,0.0,0.0,0.0,1.0,0.0,0.0,0.0,0.0,1.0,0.3333333333333333,0.0,0.0,0.0,0.05504386666666666,0.3333333333333333,0.0,0.0,0.7,innocent_security_change,0,36.937047152167
0.0,0.0,0.0,0.0,0.0,0.0,0.0,0.0,0.0,0.0,0.0,0.3333333333333333,0.0,0.0,0.0,0.15276253333333334,0.0,0.0,0.0,0.7,normal,0,17.134420000929808
0.0,0.0,0.0,0.0,0.0,0.0,0.0,0.0,0.0,0.0,0.0,0.3333333333333333,0.0,0.0,0.0,0.020736666666666667,0.0,0.0,0.0,0.6,normal,0,7.495459643540155
0.0,0.0,0.0,0.0,0.0,0.0,0.0,0.0,0.0,0.0,0.0,0.0,0.0,0.0,0.0,0.0,0.0,0.0,0.0,0.5,normal,0,0.0
0.0,0.0,0.0,0.0,0.0,0.0,0.0,0.0,0.0,0.0,0.0,0.0,0.0,0.0,0.0,0.0,0.0,0.0,0.0,0.3,compromised,1,0.42841851706004097
0.0,0.0,0.0,0.0,0.0,0.0,0.0,0.0,0.0,0.0,0.0,0.3333333333333333,0.0,0.0,0.0,0.1572388,0.0,0.0,0.0,0.7,normal,0,12.460802990406945
0.0,0.0,0.0,0.0,0.0,0.0,0.0,0.0,0.0,0.0,0.0,0.3333333333333333,0.0,0.0,0.0,0.1008548,0.0,0.0,0.0,0.5,normal,0,11.171685520886308
0.0,0.0,0.0,0.0,0.0,0.0,0.0,0.0,0.0,0.0,0.0,0.3333333333333333,0.0,0.0,0.0,0.17082746666666665,0.0,0.0,1.0,0.7,normal,0,19.726494880621242
0.0,0.0,0.0,0.0,0.0,0.0,0.0,0.0,0.0,0.0,1.0,0.3333333333333333,1.0,0.0,0.0,0.1821816,0.0,0.0,0.0,0.8,normal,0,33.836903420642074
0.0,0.0,0.0,0.0,0.0,0.0,0.0,0.0,0.3333333333333333,1.0,0.0,0.3333333333333333,0.0,1.0,0.0,0.5892878666666667,0.0,0.0,1.0,0.8,medium,0,47.585282524272095
0.0,0.0,0.0,0.0,0.0,0.0,0.0,0.0,0.0,0.0,0.0,0.3333333333333333,1.0,0.0,0.0,0.17477720000000002,0.0,0.0,0.0,0.7,normal,0,28.21159236161433
0.0,0.0,0.0,0.0,0.0,0.0,0.0,0.0,0.0,0.0,0.0,0.3333333333333333,1.0,0.0,0.0,0.16984546666666667,0.0,0.0,0.0,0.7,normal,0,24.342697401600578
0.0,0.0,0.0,0.0,0.0,0.0,0.0,0.0,0.0,0.0,0.0,0.0,0.0,0.0,0.0,0.0,0.0,0.0,0.0,0.4,normal,0,5.660423789678115
0.0,0.0,0.0,0.0,0.0,0.0,0.0,0.0,0.0,0.0,1.0,0.0,0.0,0.0,0.0,0.0,0.0,0.0,0.0,0.5,normal,0,14.393894315184626
0.0,0.0,0.0,0.0,0.0,0.0,0.0,0.0,0.0,0.0,0.0,0.3333333333333333,1.0,0.0,0.0,0.16251759999999998,0.0,0.0,0.0,0.6,normal,0,25.058164591323724
0.0,0.0,0.0,0.0,0.0,0.0,0.0,0.0,0.0,0.0,0.0,0.0,0.0,0.0,0.0,0.0,0.0,0.0,0.0,0.4,normal,0,4.291602411288306
1.0,1.0,1.0,0.0,1.0,0.0,1.0,0.0,0.0,0.0,0.0,1.0,1.0,1.0,1.0,1.0,1.6666666666666667,0.8666666666666667,0.0,1.0,compromised,1,98.89705845979357
0.0,0.0,0.0,0.0,0.0,0.0,0.0,0.0,0.0,0.0,0.0,0.0,0.0,0.0,0.0,0.0,0.0,0.0,0.0,0.4,normal,0,4.473991110376656
0.0,0.0,0.0,0.0,0.0,0.0,0.0,0.0,0.0,0.0,0.0,0.0,0.0,0.0,0.0,0.0,0.0,0.0,0.0,0.5,normal,0,6.893923428858633
0.0,0.0,0.0,0.0,0.0,1.0,0.0,0.0,0.0,0.0,1.0,0.3333333333333333,0.0,0.0,0.0,0.35639229091147967,0.3333333333333333,0.0,0.0,0.7,innocent_security_change,0,40.37015790056005
0.0,0.0,0.0,0.0,0.0,0.0,0.0,0.0,0.0,0.0,0.0,0.0,0.0,0.0,0.0,0.0,0.0,0.0,0.0,0.5,normal,0,5.3435514974988365
1.0,0.0,0.0,0.0,0.0,0.0,0.0,0.0,0.3333333333333333,1.0,0.0,0.3333333333333333,0.0,1.0,0.0,0.5073629333333334,0.3333333333333333,0.0,1.0,0.9,medium,0,75.40962652940479
0.0,0.0,0.0,0.0,0.0,0.0,0.0,0.0,0.0,0.0,0.0,0.3333333333333333,0.0,0.0,0.0,0.0366236,0.0,0.0,0.0,0.4,normal,0,12.665185587833527
0.0,0.0,0.0,0.0,0.0,0.0,0.0,0.0,0.3333333333333333,1.0,1.0,0.3333333333333333,0.0,1.0,0.0,0.7034229333333334,0.0,0.0,0.0,0.8,medium,0,50.70800241609955
1.0,0.0,0.0,0.0,0.0,0.0,0.0,0.0,0.3333333333333333,1.0,1.0,0.3333333333333333,0.0,1.0,0.0,0.42492559999999996,0.3333333333333333,0.0,0.0,0.7,medium,0,79.931897573955
0.0,0.0,0.0,0.0,0.0,0.0,0.0,0.0,0.0,0.0,0.0,0.3333333333333333,0.0,0.0,0.0,0.14684519999999998,0.0,0.0,0.0,0.7,normal,0,12.34210405012089
0.0,0.0,0.0,0.0,0.0,0.0,0.0,0.0,0.0,0.0,0.0,0.0,0.0,0.0,0.0,0.0,0.0,0.0,0.0,0.5,normal,0,0.0
0.0,0.0,0.0,0.0,0.0,0.0,0.0,0.0,0.0,0.0,0.0,0.3333333333333333,0.0,0.0,0.0,0.1141056,0.0,0.0,0.0,0.7,normal,0,12.344805934081307
0.0,0.0,0.0,0.0,0.0,0.0,0.0,0.0,0.0,0.0,0.0,0.0,0.0,0.0,0.0,0.0,0.0,0.0,0.0,0.4,normal,0,1.164555067020594
1.0,1.0,1.0,0.0,1.0,0.0,1.0,0.0,0.0,0.0,1.0,1.0,1.0,1.0,1.0,1.0,1.6666666666666667,0.8666666666666667,0.0,1.0,compromised,1,100.0
1.0,1.0,1.0,0.0,1.0,0.0,1.0,0.0,0.0,0.0,1.0,1.0,1.0,1.0,1.0,1.0,1.6666666666666667,0.8666666666666667,0.0,1.1,compromised,1,96.39033392967745
1.0,0.0,0.0,0.0,0.0,0.0,0.0,0.0,0.3333333333333333,1.0,1.0,0.3333333333333333,0.0,1.0,0.0,0.4050302666666667,0.3333333333333333,0.0,0.0,0.5,medium,0,73.88183775793239
1.0,0.0,0.0,0.0,0.0,0.0,0.0,0.0,0.3333333333333333,1.0,0.0,0.3333333333333333,0.0,1.0,0.0,0.5215446666666667,0.3333333333333333,0.0,0.0,0.6,medium,0,68.05879924741144
0.0,0.0,0.0,1.0,0.0,0.0,0.0,0.0,0.0,0.0,1.0,0.3333333333333333,0.0,0.0,0.0,0.020403733333333333,0.3333333333333333,0.0,0.0,0.7,innocent_security_change,0,35.736924808602254
0.0,0.0,0.0,0.0,0.0,0.0,0.0,0.0,0.0,0.0,0.0,0.3333333333333333,0.0,0.0,0.0,0.06036906666666667,0.0,0.0,0.0,0.5,normal,0,3.9754071167322556
1.0,1.0,1.0,0.0,1.0,0.0,1.0,0.0,0.0,0.0,0.0,1.0,1.0,1.0,1.0,1.0,1.6666666666666667,0.8666666666666667,0.0,1.0,compromised,1,93.81803000103598
1.0,1.0,1.0,0.0,1.0,0.0,1.0,0.0,0.0,0.0,0.0,1.0,1.0,1.0,1.0,1.0,1.6666666666666667,0.8833333333333333,0.0,1.0,compromised,1,99.68957198836983
0.0,0.0,0.0,0.0,0.0,0.0,0.0,0.0,0.0,0.0,0.0,0.0,0.0,0.0,0.0,0.0,0.0,0.0,1.0,0.5,innocent_security_change,0,13.915149871005974
0.0,0.0,0.0,0.0,0.0,0.0,0.0,0.0,0.0,0.0,0.0,0.3333333333333333,0.0,0.0,0.0,0.021388533333333334,0.0,0.0,0.0,0.6,normal,0,11.242832404748963
0.0,0.0,0.0,0.0,0.0,0.0,0.0,0.0,0.0,0.0,0.0,0.0,0.0,0.0,0.0,0.0,0.0,0.0,0.0,0.5,normal,0,1.1536017457045227
0.0,1.0,0.0,0.0,0.0,0.0,0.0,0.0,0.0,0.0,0.0,0.0,0.0,0.0,0.0,0.0,0.3333333333333333,0.0,0.0,0.4,innocent_security_change,0,32.35943446543183
0.0,0.0,0.0,0.0,0.0,0.0,0.0,0.0,0.0,0.0,0.0,0.3333333333333333,0.0,0.0,0.0,0.1595508,0.0,0.0,0.0,0.5,normal,0,11.314654714592969
0.0,0.0,0.0,0.0,0.0,0.0,0.0,0.0,0.3333333333333333,1.0,1.0,0.3333333333333333,0.0,1.0,0.0,1.0,0.0,0.0,0.0,0.7,medium,0,51.180064783455755
0.0,0.0,0.0,0.0,0.0,0.0,0.0,0.0,0.0,0.0,0.0,0.0,0.0,0.0,0.0,0.0,0.0,0.0,0.0,0.5,normal,0,7.329537857945432
0.0,0.0,0.0,1.0,0.0,0.0,0.0,0.0,0.0,0.0,0.0,0.3333333333333333,0.0,0.0,0.0,0.0130644,0.3333333333333333,0.0,0.0,0.6,innocent_security_change,0,31.194543706946753
0.0,0.0,0.0,0.0,0.0,0.0,0.0,0.0,0.3333333333333333,1.0,0.0,0.3333333333333333,0.0,1.0,0.0,0.7792109333333334,0.0,0.0,0.0,0.5,medium,0,45.78374416393329
1.0,0.0,0.0,0.0,0.0,0.0,0.0,0.0,0.3333333333333333,1.0,0.0,0.3333333333333333,0.0,1.0,0.0,0.5584853333333334,0.3333333333333333,0.0,0.0,0.9,medium,0,73.57997139737691
0.0,0.0,0.0,0.0,0.0,0.0,0.0,0.0,0.0,0.0,0.0,0.3333333333333333,0.0,0.0,0.0,0.18846226666666666,0.0,0.0,1.0,0.7,normal,0,21.054639711150454
1.0,1.0,1.0,0.0,1.0,0.0,1.0,0.0,0.0,0.0,0.0,1.0,1.0,1.0,1.0,1.0,1.6666666666666667,0.9055555555555556,0.0,1.0,compromised,1,92.69844840312706
0.0,0.0,0.0,0.0,0.0,0.0,0.0,0.0,0.0,0.0,0.0,0.0,0.0,0.0,0.0,0.0,0.0,0.0,0.0,0.5,normal,0,2.9530986472260627
0.0,0.0,0.0,0.0,0.0,0.0,0.0,0.0,0.0,0.0,0.0,0.3333333333333333,1.0,0.0,0.0,0.35806229369015047,0.0,0.0,0.0,0.6,normal,0,24.344873808639406
0.0,0.0,0.0,0.0,0.0,0.0,0.0,0.0,0.0,0.0,0.0,0.3333333333333333,1.0,0.0,0.0,0.19780013333333335,0.0,0.0,0.0,0.5,normal,0,21.249182937872447
0.0,0.0,0.0,0.0,0.0,0.0,0.0,0.0,0.0,0.0,1.0,0.0,0.0,0.0,0.0,0.0,0.0,0.0,0.0,0.5,normal,0,12.834330217025478
1.0,0.0,0.0,0.0,0.0,0.0,0.0,0.0,0.0,0.0,1.0,0.0,0.0,0.0,0.0,0.0,0.3333333333333333,0.0,0.0,0.3,compromised,1,61.32316397421584
1.0,1.0,1.0,0.0,1.0,0.0,1.0,0.0,0.0,0.0,1.0,1.0,1.0,1.0,1.0,1.0,1.6666666666666667,0.8555555555555556,0.0,1.0,compromised,1,99.60311139515181
0.0,0.0,0.0,0.0,0.0,0.0,0.0,0.0,0.0,0.0,0.0,0.3333333333333333,0.0,0.0,0.0,0.0415008,0.0,0.0,0.0,0.6,normal,0,9.013620706060031
1.0,0.0,0.0,0.0,0.0,0.0,0.0,0.0,0.3333333333333333,1.0,1.0,0.3333333333333333,0.0,1.0,0.0,1.0,0.3333333333333333,0.0,0.0,0.6,medium,0,78.66768811500913
0.0,0.0,0.0,0.0,0.0,0.0,0.0,0.0,0.0,0.0,0.0,0.0,0.0,0.0,0.0,0.0,0.0,0.0,0.0,0.5,normal,0,7.06943069499256
0.0,0.0,0.0,0.0,0.0,0.0,0.0,0.0,0.0,0.0,1.0,0.0,0.0,0.0,0.0,0.0,0.0,0.0,0.0,0.5,normal,0,15.848665156522287
0.0,0.0,0.0,0.0,0.0,0.0,0.0,0.0,0.0,0.0,0.0,0.3333333333333333,0.0,0.0,0.0,0.1391008,0.0,0.0,0.0,0.6,normal,0,11.853066067547413
0.0,0.0,0.0,0.0,0.0,0.0,0.0,0.0,0.3333333333333333,1.0,0.0,0.3333333333333333,0.0,1.0,0.0,0.5596402666666667,0.0,0.0,0.0,0.6,medium,0,43.378745008317416
1.0,0.0,0.0,0.0,0.0,0.0,0.0,0.0,0.3333333333333333,1.0,0.0,0.3333333333333333,0.0,1.0,0.0,0.7675570666666667,0.3333333333333333,0.0,0.0,0.8,medium,0,75.86413349613194
0.0,0.0,0.0,0.0,0.0,0.0,0.0,0.0,0.0,0.0,0.0,0.3333333333333333,0.0,0.0,0.0,0.0892236,0.0,0.0,0.0,0.7,normal,0,12.689280719490506
1.0,1.0,1.0,0.0,1.0,0.0,1.0,0.0,0.0,0.0,1.0,1.0,1.0,1.0,1.0,1.0,1.6666666666666667,0.9111111111111111,0.0,1.0,compromised,1,100.0
0.0,0.0,0.0,0.0,0.0,0.0,0.0,0.0,0.0,0.0,0.0,0.3333333333333333,0.0,0.0,0.0,0.0,0.0,0.0,0.0,0.8,normal,0,12.788315143822118
0.0,0.0,0.0,0.0,0.0,0.0,0.0,0.0,0.0,0.0,1.0,0.0,0.0,0.0,0.0,0.0,0.0,0.0,0.0,0.6,normal,0,16.7875028776097
0.0,0.0,0.0,0.0,0.0,0.0,0.0,0.0,0.0,0.0,0.0,0.3333333333333333,0.0,0.0,0.0,0.11163733333333332,0.0,0.0,0.0,0.7,normal,0,10.654866196181576
0.0,0.0,0.0,0.0,0.0,0.0,0.0,0.0,0.3333333333333333,1.0,0.0,0.3333333333333333,0.0,1.0,0.0,0.6250550666666667,0.0,0.0,0.0,0.6,medium,0,48.810445793897216
1.0,1.0,1.0,0.0,1.0,0.0,1.0,0.0,0.0,0.0,0.0,1.0,1.0,1.0,1.0,1.0,1.6666666666666667,0.8388888888888889,0.0,1.0,compromised,1,98.25375604471593
0.0,0.0,0.0,0.0,0.0,0.0,0.0,0.0,0.3333333333333333,1.0,0.0,0.3333333333333333,0.0,1.0,0.0,1.0,0.0,0.0,0.0,0.5,medium,0,53.22032955306332
0.0,0.0,0.0,0.0,0.0,0.0,0.0,0.0,0.0,0.0,0.0,0.3333333333333333,0.0,0.0,0.0,0.13027586666666668,0.0,0.0,0.0,0.7,normal,0,10.508253881125082
0.0,0.0,0.0,0.0,0.0,0.0,0.0,0.0,0.3333333333333333,1.0,0.0,0.3333333333333333,0.0,1.0,0.0,1.0,0.0,0.0,0.0,0.8,medium,0,53.4936505507371
0.0,1.0,0.0,0.0,0.0,0.0,0.0,0.0,0.0,0.0,1.0,0.0,0.0,0.0,0.0,0.0,0.3333333333333333,0.0,0.0,0.3,innocent_security_change,0,39.509972162337874
0.0,0.0,0.0,0.0,0.0,0.0,0.0,0.0,0.0,0.0,1.0,0.3333333333333333,0.0,0.0,0.0,0.11416613333333332,0.0,0.0,0.0,0.7,normal,0,19.48905447375413
1.0,1.0,1.0,0.0,1.0,0.0,1.0,0.0,0.0,0.0,1.0,1.0,1.0,1.0,1.0,1.0,1.6666666666666667,0.8722222222222222,0.0,1.0,compromised,1,96.80095829941921
0.0,0.0,0.0,0.0,0.0,0.0,0.0,0.0,0.3333333333333333,1.0,0.0,0.3333333333333333,0.0,1.0,0.0,0.7835411999999999,0.0,0.0,0.0,0.5,medium,0,45.569076232547985
1.0,1.0,1.0,0.0,1.0,0.0,1.0,0.0,0.0,0.0,0.0,1.0,1.0,1.0,1.0,1.0,1.6666666666666667,0.9055555555555556,0.0,1.0,compromised,1,98.86320044019257
0.0,0.0,0.0,0.0,0.0,0.0,0.0,0.0,0.3333333333333333,1.0,0.0,0.3333333333333333,0.0,1.0,0.0,1.0,0.0,0.0,0.0,0.4,medium,0,48.95994059717677
0.0,0.0,0.0,0.0,0.0,1.0,0.0,0.0,0.0,0.0,0.0,0.0,0.0,0.0,0.0,0.0,0.3333333333333333,0.0,0.0,0.5,innocent_security_change,0,22.43571132046618
1.0,0.0,0.0,0.0,0.0,0.0,0.0,0.0,0.0,0.0,1.0,0.0,0.0,0.0,0.0,0.0,0.3333333333333333,0.0,0.0,0.3,compromised,1,56.76806117643957
0.0,0.0,0.0,0.0,0.0,0.0,0.0,0.0,0.0,0.0,0.0,0.3333333333333333,0.0,0.0,0.0,0.17849866666666667,0.0,0.0,1.0,0.7,normal,0,25.77410846220674
0.0,0.0,0.0,0.0,0.0,0.0,0.0,0.0,0.0,0.0,0.0,0.3333333333333333,0.0,0.0,0.0,0.09502759999999999,0.0,0.0,0.0,0.6,normal,0,15.454995285994539
0.0,0.0,0.0,0.0,0.0,0.0,0.0,0.0,0.0,0.0,0.0,0.0,0.0,0.0,0.0,0.0,0.0,0.0,0.0,0.5,normal,0,4.6618512777126355
1.0,0.0,0.0,0.0,0.0,0.0,0.0,0.0,0.3333333333333333,1.0,0.0,0.3333333333333333,0.0,1.0,0.0,1.0,0.3333333333333333,0.0,0.0,0.5,medium,0,74.52209270411043
0.0,0.0,0.0,0.0,0.0,0.0,0.0,0.0,0.0,0.0,0.0,0.3333333333333333,0.0,0.0,0.0,0.10007173333333333,0.0,0.0,0.0,0.6,normal,0,11.501390481373624
0.0,0.0,0.0,0.0,0.0,0.0,0.0,0.0,0.0,0.0,1.0,0.0,0.0,0.0,0.0,0.0,0.0,0.0,0.0,0.4,normal,0,14.43976247553266
0.0,1.0,1.0,0.0,1.0,0.0,1.0,0.0,0.0,0.0,1.0,1.0,1.0,1.0,1.0,1.0,1.3333333333333333,0.9388888888888889,0.0,0.9,compromised,1,93.62660320598815
0.0,0.0,0.0,0.0,0.0,0.0,0.0,0.0,0.3333333333333333,1.0,0.0,0.3333333333333333,0.0,1.0,0.0,1.0,0.0,0.0,0.0,0.5,medium,0,47.388736027941796
1.0,1.0,1.0,0.0,1.0,0.0,0.0,0.0,0.0,0.0,0.0,0.0,0.0,0.0,0.0,0.0,1.3333333333333333,0.8777777777777778,0.0,0.6,compromised,1,87.61174434992058
0.0,0.0,0.0,0.0,0.0,0.0,0.0,0.0,0.0,0.0,0.0,0.0,0.0,0.0,0.0,0.0,0.0,0.0,0.0,0.5,normal,0,4.569099910040753
0.0,0.0,0.0,0.0,0.0,0.0,0.0,0.0,0.0,0.0,0.0,0.3333333333333333,0.0,0.0,0.0,0.11741146666666667,0.0,0.0,0.0,0.7,normal,0,13.68482786768991
0.0,0.0,0.0,0.0,0.0,0.0,0.0,0.0,0.0,0.0,0.0,0.3333333333333333,0.0,0.0,0.0,0.0,0.0,0.0,0.0,0.5,normal,0,8.03368301953909
0.0,0.0,0.0,0.0,0.0,0.0,0.0,0.0,0.0,0.0,0.0,0.3333333333333333,0.0,0.0,0.0,0.1583236,0.0,0.0,0.0,0.7,normal,0,16.523528599122507
0.0,0.0,0.0,0.0,0.0,0.0,0.0,0.0,0.0,0.0,0.0,0.3333333333333333,1.0,0.0,0.0,0.1879508,0.0,0.0,0.0,0.6,normal,0,21.13280958171145
0.0,0.0,0.0,0.0,0.0,0.0,0.0,0.0,0.0,0.0,1.0,0.0,0.0,0.0,0.0,0.0,0.0,0.0,0.0,0.4,normal,0,9.24503034318207
0.0,0.0,0.0,0.0,0.0,0.0,0.0,0.0,0.0,0.0,0.0,0.3333333333333333,0.0,0.0,0.0,0.06751933333333333,0.0,0.0,0.0,0.6,normal,0,11.340992316463295
0.0,0.0,0.0,0.0,0.0,0.0,0.0,0.0,0.3333333333333333,1.0,0.0,0.3333333333333333,0.0,1.0,0.0,0.5281185333333334,0.0,0.0,0.0,0.6,medium,0,47.3610618694707
0.0,0.0,0.0,0.0,0.0,0.0,0.0,0.0,0.0,0.0,0.0,0.3333333333333333,0.0,0.0,0.0,0.13608279999999998,0.0,0.0,0.0,0.7,normal,0,16.515144800581137
0.0,0.0,0.0,0.0,0.0,0.0,0.0,0.0,0.0,0.0,0.0,0.3333333333333333,0.0,0.0,0.0,0.0868356,0.0,0.0,0.0,0.7,normal,0,10.527682601960185
0.0,0.0,0.0,0.0,0.0,0.0,0.0,0.0,0.0,0.0,1.0,0.3333333333333333,0.0,0.0,0.0,0.13178,0.0,0.0,0.0,0.7,normal,0,24.016140946740215
0.0,0.0,0.0,0.0,0.0,0.0,0.0,0.0,0.0,0.0,1.0,0.3333333333333333,0.0,0.0,0.0,0.09448213333333333,0.0,0.0,0.0,0.6,normal,0,20.217722032935676
1.0,0.0,0.0,0.0,0.0,0.0,0.0,0.0,0.0,0.0,0.0,0.0,0.0,0.0,0.0,0.0,0.3333333333333333,0.0,0.0,0.3,compromised,1,51.42132274175614
0.0,0.0,0.0,0.0,0.0,0.0,0.0,0.0,0.3333333333333333,1.0,1.0,0.3333333333333333,0.0,1.0,0.0,1.0,0.0,0.0,0.0,0.7,medium,0,56.285126350153796
0.0,0.0,0.0,0.0,0.0,0.0,0.0,0.0,0.3333333333333333,1.0,1.0,0.3333333333333333,0.0,1.0,0.0,0.6530994666666666,0.0,0.0,0.0,0.4,medium,0,52.26466497767164
1.0,1.0,1.0,0.0,1.0,0.0,1.0,0.0,0.0,0.0,1.0,1.0,1.0,1.0,1.0,1.0,1.6666666666666667,0.8833333333333333,0.0,1.0,compromised,1,94.07611225937544
0.0,0.0,0.0,0.0,0.0,0.0,0.0,0.0,0.0,0.0,0.0,0.0,0.0,0.0,0.0,0.0,0.0,0.0,0.0,0.3,normal,0,5.849539566077892
0.0,0.0,0.0,0.0,0.0,0.0,0.0,0.0,0.0,0.0,0.0,0.0,0.0,0.0,0.0,0.0,0.0,0.0,0.0,0.5,normal,0,7.021270488896183
0.0,0.0,0.0,0.0,0.0,0.0,0.0,0.0,0.3333333333333333,1.0,1.0,0.3333333333333333,0.0,1.0,0.0,0.7898892000000001,0.0,0.0,0.0,0.8,medium,0,51.430001194008895
0.0,0.0,0.0,0.0,0.0,0.0,0.0,0.0,0.0,0.0,0.0,0.0,0.0,0.0,0.0,0.0,0.0,0.0,0.0,0.5,normal,0,4.560550937121078
0.0,0.0,0.0,0.0,0.0,0.0,0.0,0.0,0.0,0.0,0.0,0.0,0.0,0.0,0.0,0.0,0.0,0.0,0.0,0.5,normal,0,4.806117569234402
1.0,1.0,1.0,0.0,1.0,0.0,1.0,0.0,0.0,0.0,0.0,1.0,1.0,1.0,1.0,1.0,1.6666666666666667,0.8555555555555556,0.0,0.9,compromised,1,98.40600396728125
1.0,1.0,1.0,0.0,1.0,0.0,1.0,0.0,0.0,0.0,0.0,1.0,1.0,1.0,1.0,1.0,1.6666666666666667,0.85,0.0,1.1,compromised,1,96.40740483337703
0.0,0.0,0.0,0.0,0.0,0.0,0.0,0.0,0.0,0.0,0.0,0.3333333333333333,0.0,0.0,0.0,0.12806120000000001,0.0,0.0,0.0,0.6,normal,0,9.883035627065558
0.0,0.0,0.0,0.0,0.0,0.0,0.0,0.0,0.0,0.0,0.0,0.3333333333333333,1.0,0.0,0.0,0.17022706666666668,0.0,0.0,0.0,0.5,normal,0,23.382936335154074
0.0,0.0,0.0,0.0,0.0,0.0,0.0,0.0,0.0,0.0,0.0,0.3333333333333333,0.0,0.0,0.0,0.18065906666666667,0.0,0.0,1.0,0.7,normal,0,23.375258896775918
0.0,0.0,0.0,0.0,0.0,0.0,0.0,0.0,0.0,0.0,0.0,0.3333333333333333,0.0,0.0,0.0,0.11568213333333333,0.0,0.0,0.0,0.8,normal,0,14.041071295680013
0.0,0.0,0.0,0.0,0.0,0.0,0.0,0.0,0.0,0.0,1.0,0.0,0.0,0.0,0.0,0.0,0.0,0.0,0.0,0.4,normal,0,11.979431713491355
1.0,1.0,1.0,0.0,1.0,0.0,1.0,0.0,0.0,0.0,0.0,1.0,1.0,1.0,1.0,1.0,1.6666666666666667,0.8944444444444445,0.0,1.0,compromised,1,99.72491875304355
0.0,0.0,0.0,0.0,0.0,0.0,0.0,0.0,0.3333333333333333,1.0,1.0,0.3333333333333333,0.0,1.0,0.0,1.0,0.0,0.0,0.0,0.6,medium,0,46.61940958744628
0.0,0.0,0.0,0.0,0.0,0.0,0.0,0.0,0.0,0.0,1.0,0.3333333333333333,0.0,0.0,0.0,0.1786188,0.0,0.0,1.0,0.6,normal,0,30.995595601072043
0.0,0.0,0.0,0.0,0.0,0.0,0.0,0.0,0.0,0.0,1.0,0.3333333333333333,0.0,0.0,0.0,0.025240832145518668,0.0,0.0,1.0,0.8,innocent_security_change,0,23.21417227707001
0.0,0.0,0.0,0.0,0.0,0.0,0.0,0.0,0.0,0.0,1.0,0.3333333333333333,0.0,0.0,0.0,0.13610973333333332,0.0,0.0,0.0,0.8,normal,0,21.03265984215469
0.0,0.0,0.0,0.0,0.0,0.0,0.0,0.0,0.0,0.0,0.0,0.0,0.0,0.0,0.0,0.0,0.0,0.0,0.0,0.6,normal,0,1.4706248626683882
0.0,0.0,0.0,0.0,0.0,0.0,0.0,0.0,0.3333333333333333,1.0,1.0,0.3333333333333333,1.0,1.0,0.0,0.7901146666666666,0.0,0.0,0.0,0.7,medium,0,55.82513783742954
1.0,0.0,0.0,0.0,0.0,0.0,0.0,0.0,0.3333333333333333,1.0,1.0,0.3333333333333333,0.0,1.0,0.0,1.0,0.3333333333333333,0.0,0.0,0.8,medium,0,80.46701106002706
0.0,0.0,0.0,0.0,0.0,0.0,0.0,0.0,0.0,0.0,0.0,0.0,0.0,0.0,0.0,0.0,0.0,0.0,0.0,0.5,normal,0,2.401789100247827
1.0,0.0,0.0,0.0,0.0,0.0,0.0,0.0,0.3333333333333333,1.0,1.0,0.3333333333333333,0.0,1.0,0.0,0.7270254666666667,0.3333333333333333,0.0,0.0,0.8,medium,0,77.52249019416767
1.0,1.0,1.0,0.0,1.0,0.0,1.0,0.0,0.0,0.0,1.0,1.0,1.0,1.0,1.0,1.0,1.6666666666666667,0.9277777777777778,0.0,1.0,compromised,1,97.92526376862754
0.0,0.0,0.0,0.0,0.0,0.0,0.0,0.0,0.0,0.0,0.0,0.3333333333333333,0.0,0.0,0.0,0.15287457385523215,0.0,0.0,0.0,0.6,normal,0,13.073312474547818
0.0,0.0,0.0,0.0,0.0,0.0,0.0,0.0,0.0,0.0,0.0,0.0,0.0,0.0,0.0,0.0,0.0,0.0,0.0,0.5,normal,0,3.763096831178194
0.0,0.0,0.0,0.0,0.0,0.0,0.0,0.0,0.0,0.0,1.0,0.3333333333333333,0.0,0.0,0.0,0.0,0.0,0.0,0.0,0.5,normal,0,15.414143983449666
0.0,0.0,0.0,0.0,0.0,0.0,0.0,0.0,0.0,0.0,0.0,0.0,0.0,0.0,0.0,0.0,0.0,0.0,0.0,0.4,normal,0,5.3578512593256455
0.0,0.0,0.0,0.0,0.0,0.0,0.0,0.0,0.3333333333333333,1.0,0.0,0.3333333333333333,0.0,1.0,0.0,1.0,0.0,0.0,0.0,0.7,medium,0,47.54821065043394
1.0,1.0,0.0,0.0,0.0,0.0,0.0,0.0,0.0,0.0,1.0,0.0,0.0,0.0,0.0,0.0,0.6666666666666666,0.9,0.0,0.4,compromised,1,73.17861825338866
1.0,1.0,1.0,0.0,0.0,0.0,1.0,0.0,0.0,0.0,1.0,0.0,0.0,0.0,0.0,0.0,1.3333333333333333,0.8666666666666667,0.0,0.7,compromised,1,90.74604882699722
0.0,0.0,0.0,0.0,0.0,0.0,0.0,0.0,0.0,0.0,1.0,0.0,0.0,0.0,0.0,0.0,0.0,0.0,0.0,0.4,normal,0,16.657867020292397
0.0,0.0,0.0,0.0,0.0,0.0,0.0,0.0,0.3333333333333333,1.0,1.0,0.3333333333333333,0.0,1.0,0.0,1.0,0.0,0.0,0.0,0.7,medium,0,56.20153086172085
0.0,0.0,0.0,0.0,0.0,0.0,0.0,0.0,0.0,0.0,0.0,0.3333333333333333,0.0,0.0,0.0,0.16399906666666667,0.0,0.0,1.0,0.7,normal,0,19.37878498479536
0.0,0.0,0.0,0.0,0.0,0.0,0.0,0.0,0.0,0.0,0.0,0.3333333333333333,0.0,0.0,0.0,0.0,0.0,0.0,0.0,0.5,normal,0,8.368504914491453
0.0,0.0,0.0,0.0,0.0,0.0,0.0,0.0,0.3333333333333333,1.0,1.0,0.3333333333333333,0.0,1.0,0.0,0.7932244,0.0,0.0,0.0,0.6,medium,0,51.524230698604114
0.0,0.0,0.0,0.0,0.0,0.0,0.0,0.0,0.0,0.0,1.0,0.0,0.0,0.0,0.0,0.0,0.0,0.0,0.0,0.6,normal,0,19.355491048213466
1.0,1.0,1.0,0.0,1.0,0.0,1.0,0.0,0.0,0.0,1.0,1.0,1.0,1.0,1.0,1.0,1.6666666666666667,0.8833333333333333,0.0,1.1,compromised,1,98.98630011313804
1.0,1.0,1.0,0.0,1.0,0.0,0.0,0.0,0.0,0.0,1.0,1.0,1.0,1.0,1.0,1.0,1.3333333333333333,0.9277777777777778,0.0,1.0,compromised,1,98.12828671495906
0.0,0.0,0.0,0.0,0.0,0.0,0.0,0.0,0.0,0.0,0.0,0.3333333333333333,0.0,0.0,0.0,0.0338616,0.0,0.0,0.0,0.7,normal,0,13.567400889063704
1.0,1.0,1.0,0.0,1.0,0.0,1.0,0.0,0.0,0.0,1.0,1.0,1.0,1.0,1.0,1.0,1.6666666666666667,0.8888888888888888,0.0,1.0,compromised,1,98.61726765988584
0.0,0.0,0.0,0.0,0.0,0.0,0.0,0.0,0.0,0.0,1.0,0.0,0.0,0.0,0.0,0.0,0.0,0.0,0.0,0.6,normal,0,13.516015724759605
1.0,1.0,1.0,0.0,1.0,0.0,1.0,0.0,0.0,0.0,0.0,1.0,1.0,1.0,1.0,1.0,1.6666666666666667,0.9055555555555556,0.0,1.1,compromised,1,97.32783272521637
0.0,0.0,0.0,0.0,0.0,0.0,0.0,0.0,0.0,0.0,1.0,0.3333333333333333,0.0,0.0,0.0,0.0,0.0,0.0,0.0,0.7,normal,0,19.617739822463612
1.0,0.0,0.0,0.0,0.0,0.0,0.0,0.0,0.3333333333333333,1.0,0.0,0.3333333333333333,0.0,1.0,0.0,1.0,0.3333333333333333,0.0,0.0,0.8,medium,0,74.88594019849387
0.0,0.0,0.0,0.0,0.0,0.0,0.0,0.0,0.3333333333333333,1.0,1.0,0.3333333333333333,0.0,1.0,0.0,0.45469079999999995,0.0,0.0,0.0,0.8,medium,0,52.46435693477763
0.0,1.0,0.0,0.0,0.0,0.0,0.0,0.0,0.0,0.0,0.0,0.3333333333333333,0.0,0.0,0.0,0.03530493333333333,0.3333333333333333,0.0,0.0,0.4,innocent_security_change,0,36.90475109476491
0.0,0.0,0.0,0.0,0.0,0.0,0.0,0.0,0.0,0.0,0.0,0.3333333333333333,0.0,0.0,0.0,0.1444464,0.0,0.0,0.0,0.8,normal,0,14.878236819789777
0.0,0.0,0.0,0.0,0.0,0.0,0.0,0.0,0.0,0.0,1.0,0.3333333333333333,0.0,0.0,0.0,0.08157133333333334,0.0,0.0,0.0,0.6,normal,0,19.962416051614763
0.0,0.0,0.0,0.0,0.0,0.0,0.0,0.0,0.3333333333333333,1.0,1.0,0.3333333333333333,0.0,1.0,0.0,1.0,0.0,0.0,0.0,0.4,medium,0,53.25957517981314
1.0,0.0,0.0,0.0,0.0,0.0,0.0,0.0,0.3333333333333333,1.0,1.0,0.3333333333333333,0.0,1.0,0.0,1.0,0.3333333333333333,0.0,0.0,0.6,medium,0,72.24072945028847
0.0,0.0,0.0,0.0,0.0,0.0,0.0,0.0,0.0,0.0,0.0,0.0,0.0,0.0,0.0,0.0,0.0,0.0,0.0,0.4,normal,0,5.158003397464
1.0,1.0,1.0,0.0,0.0,0.0,0.0,0.0,0.0,0.0,0.0,0.0,0.0,0.0,0.0,0.0,1.0,0.9333333333333333,0.0,0.5,compromised,1,86.55666238632622
0.0,0.0,0.0,0.0,0.0,0.0,0.0,0.0,0.0,0.0,0.0,0.0,0.0,0.0,0.0,0.0,0.0,0.0,0.0,0.6,normal,0,6.764824873882878
0.0,1.0,0.0,0.0,0.0,0.0,0.0,0.0,0.0,0.0,1.0,0.0,0.0,0.0,0.0,0.0,0.3333333333333333,0.0,0.0,0.6,innocent_security_change,0,33.09072391900501
0.0,0.0,0.0,0.0,0.0,0.0,0.0,0.0,0.0,0.0,1.0,0.3333333333333333,0.0,0.0,0.0,0.09790266666666667,0.0,0.0,0.0,0.6,normal,0,25.574566455599708
0.0,0.0,0.0,0.0,0.0,0.0,0.0,0.0,0.3333333333333333,1.0,0.0,0.3333333333333333,0.0,1.0,0.0,0.6864317333333333,0.0,0.0,0.0,0.7,medium,0,46.04351397873511
1.0,0.0,0.0,0.0,0.0,0.0,0.0,0.0,0.3333333333333333,1.0,0.0,0.3333333333333333,0.0,1.0,0.0,0.5901442666666666,0.3333333333333333,0.0,0.0,0.7,medium,0,76.01860390195068
0.0,0.0,0.0,0.0,0.0,0.0,0.0,0.0,0.0,0.0,0.0,0.3333333333333333,0.0,0.0,0.0,0.0825188,0.0,0.0,0.0,0.5,normal,0,7.7247212483928
0.0,0.0,0.0,0.0,0.0,0.0,0.0,0.0,0.0,0.0,0.0,0.3333333333333333,0.0,0.0,0.0,0.15665199999999999,0.0,0.0,0.0,0.5,normal,0,12.818198127270149
1.0,0.0,0.0,0.0,0.0,0.0,0.0,0.0,0.3333333333333333,1.0,0.0,0.3333333333333333,0.0,1.0,0.0,0.6840134666666667,0.3333333333333333,0.0,0.0,0.7,medium,0,70.97738750027013
0.0,0.0,0.0,0.0,0.0,0.0,0.0,0.0,0.0,0.0,1.0,0.0,0.0,0.0,0.0,0.0,0.0,0.0,0.0,0.6,normal,0,12.60419868757185
0.0,0.0,0.0,0.0,0.0,0.0,0.0,0.0,0.0,0.0,1.0,0.3333333333333333,0.0,0.0,0.0,0.09518773333333333,0.0,0.0,0.0,0.7,normal,0,25.684622599379104
0.0,0.0,0.0,0.0,0.0,0.0,0.0,0.0,0.0,0.0,1.0,0.0,0.0,0.0,0.0,0.0,0.0,0.0,0.0,0.6,normal,0,13.686915087402996
0.0,0.0,0.0,0.0,0.0,0.0,0.0,0.0,0.0,0.0,0.0,0.3333333333333333,0.0,0.0,0.0,0.0,0.0,0.0,0.0,0.6,normal,0,10.442897678812301
1.0,0.0,0.0,0.0,0.0,0.0,0.0,0.0,0.3333333333333333,1.0,0.0,0.3333333333333333,0.0,1.0,0.0,1.0,0.3333333333333333,0.0,0.0,0.5,medium,0,76.60225333541182
0.0,0.0,0.0,0.0,0.0,0.0,0.0,0.0,0.0,0.0,0.0,0.0,0.0,0.0,0.0,0.0,0.0,0.0,0.0,0.5,normal,0,4.810246823459067
0.0,1.0,0.0,0.0,0.0,0.0,0.0,0.0,0.0,0.0,0.0,0.0,0.0,0.0,0.0,0.0,0.3333333333333333,0.0,0.0,0.6,innocent_security_change,0,33.82977968985837
0.0,0.0,0.0,0.0,0.0,0.0,0.0,0.0,0.3333333333333333,1.0,0.0,0.3333333333333333,0.0,1.0,0.0,1.0,0.0,0.0,0.0,0.5,medium,0,48.944579877665724
0.0,0.0,0.0,1.0,0.0,0.0,0.0,0.0,0.0,0.0,1.0,0.3333333333333333,0.0,0.0,0.0,0.09109093333333333,0.3333333333333333,0.0,0.0,0.7,innocent_security_change,0,43.52201613650012
1.0,1.0,0.0,0.0,0.0,0.0,0.0,0.0,0.0,0.0,1.0,0.0,0.0,0.0,0.0,0.0,0.6666666666666666,0.7666666666666666,0.0,0.4,compromised,1,76.01914854876894
0.0,0.0,0.0,0.0,0.0,0.0,0.0,0.0,0.3333333333333333,1.0,1.0,0.3333333333333333,0.0,1.0,0.0,0.6490855999999999,0.0,0.0,0.0,0.8,medium,0,52.52402014142783
1.0,1.0,1.0,0.0,0.0,0.0,0.0,0.0,0.0,0.0,0.0,0.0,0.0,0.0,0.0,0.0,1.0,0.7333333333333334,0.0,0.5,compromised,1,87.45982459264167
1.0,0.0,0.0,0.0,0.0,0.0,0.0,0.0,0.3333333333333333,1.0,0.0,0.3333333333333333,0.0,1.0,0.0,0.5976528,0.3333333333333333,0.0,1.0,0.8,medium,0,78.54015635301255
0.0,0.0,0.0,0.0,0.0,0.0,0.0,0.0,0.0,0.0,1.0,0.0,0.0,0.0,0.0,0.0,0.0,0.0,0.0,0.4,normal,0,15.87354330760757
0.0,0.0,0.0,0.0,0.0,0.0,0.0,0.0,0.0,0.0,0.0,0.3333333333333333,0.0,0.0,0.0,0.10694733333333334,0.0,0.0,0.0,0.7,normal,0,13.529722490990142
0.0,0.0,0.0,0.0,0.0,0.0,0.0,0.0,0.0,0.0,0.0,0.0,0.0,0.0,0.0,0.0,0.0,0.0,0.0,0.4,normal,0,0.009671928881587188
0.0,0.0,0.0,0.0,0.0,0.0,0.0,0.0,0.3333333333333333,1.0,0.0,0.3333333333333333,0.0,1.0,0.0,1.0,0.0,0.0,0.0,0.4,medium,0,51.73643070784076
0.0,0.0,0.0,0.0,0.0,0.0,0.0,0.0,0.0,0.0,0.0,0.3333333333333333,0.0,0.0,0.0,0.0,0.0,0.0,0.0,0.6,normal,0,7.033452013316273
1.0,1.0,1.0,0.0,1.0,0.0,1.0,0.0,0.0,0.0,0.0,1.0,1.0,1.0,1.0,1.0,1.6666666666666667,0.8944444444444445,0.0,1.0,compromised,1,98.55226063952028
0.0,0.0,0.0,0.0,0.0,0.0,0.0,0.0,0.0,0.0,0.0,0.0,0.0,0.0,0.0,0.0,0.0,0.0,0.0,0.5,normal,0,1.6853524784791605
0.0,0.0,0.0,0.0,0.0,0.0,0.0,0.0,0.0,0.0,0.0,0.3333333333333333,1.0,0.0,0.0,0.6907983386402495,0.0,0.0,0.0,0.7,normal,0,29.893848940065816
0.0,0.0,0.0,0.0,0.0,0.0,0.0,0.0,0.0,0.0,0.0,0.0,0.0,0.0,0.0,0.0,0.0,0.0,0.0,0.5,normal,0,4.392948129286256
0.0,0.0,0.0,0.0,0.0,0.0,0.0,0.0,0.0,0.0,0.0,0.3333333333333333,0.0,0.0,0.0,0.08991693333333334,0.0,0.0,0.0,0.5,normal,0,11.224326316492878
0.0,0.0,0.0,0.0,0.0,0.0,0.0,0.0,0.0,0.0,0.0,0.3333333333333333,0.0,0.0,0.0,0.12066586666666668,0.0,0.0,0.0,0.4,normal,0,11.22454836142353
0.0,0.0,0.0,0.0,0.0,0.0,0.0,0.0,0.0,0.0,0.0,0.3333333333333333,0.0,0.0,0.0,0.088152,0.0,0.0,0.0,0.7,normal,0,15.726081982998592
1.0,0.0,0.0,0.0,0.0,0.0,0.0,0.0,0.3333333333333333,1.0,0.0,0.3333333333333333,0.0,1.0,0.0,0.6168738666666667,0.3333333333333333,0.0,0.0,0.8,medium,0,74.67889126284558
0.0,0.0,0.0,0.0,0.0,0.0,0.0,0.0,0.0,0.0,0.0,0.3333333333333333,0.0,0.0,0.0,0.19792333333333334,0.0,0.0,1.0,0.7,normal,0,20.032573872721393
0.0,0.0,0.0,0.0,0.0,0.0,0.0,0.0,0.3333333333333333,1.0,0.0,0.3333333333333333,0.0,1.0,0.0,0.4512796,0.0,0.0,0.0,0.6,medium,0,46.53248961197351
0.0,0.0,0.0,0.0,0.0,0.0,0.0,0.0,0.3333333333333333,1.0,1.0,0.3333333333333333,1.0,1.0,0.0,0.6433022666666667,0.0,0.0,0.0,0.7,medium,0,61.15190155220892
0.0,0.0,0.0,0.0,0.0,0.0,0.0,0.0,0.0,0.0,1.0,0.3333333333333333,0.0,0.0,0.0,0.0,0.0,0.0,0.0,0.5,normal,0,15.55260500607861
0.0,0.0,0.0,0.0,0.0,0.0,0.0,0.0,0.0,0.0,0.0,0.3333333333333333,0.0,0.0,0.0,0.13452786666666666,0.0,0.0,0.0,0.8,normal,0,14.414599018290636
1.0,1.0,1.0,0.0,1.0,0.0,0.0,0.0,0.0,0.0,0.0,0.0,0.0,0.0,0.0,0.0,1.3333333333333333,0.7333333333333334,0.0,0.6,compromised,1,93.1835081139796
0.0,1.0,0.0,0.0,0.0,0.0,0.0,0.0,0.0,0.0,1.0,0.0,0.0,0.0,0.0,0.0,0.3333333333333333,0.0,0.0,0.6,innocent_security_change,0,39.58745360608925
0.0,0.0,0.0,0.0,0.0,0.0,0.0,0.0,0.0,0.0,0.0,0.0,0.0,0.0,0.0,0.0,0.0,0.0,0.0,0.5,normal,0,7.010309136806605
0.0,0.0,0.0,0.0,0.0,0.0,0.0,0.0,0.0,0.0,0.0,0.0,0.0,0.0,0.0,0.0,0.0,0.0,0.0,0.4,normal,0,2.492045243126479
0.0,0.0,0.0,0.0,0.0,0.0,0.0,0.0,0.0,0.0,0.0,0.3333333333333333,0.0,0.0,0.0,0.12333453333333333,0.0,0.0,0.0,0.5,normal,0,11.169238605874448
1.0,0.0,0.0,0.0,0.0,0.0,0.0,0.0,0.3333333333333333,1.0,1.0,0.3333333333333333,0.0,1.0,0.0,0.6632677333333333,0.3333333333333333,0.0,0.0,0.8,medium,0,76.00605731973742
1.0,1.0,1.0,0.0,1.0,0.0,1.0,0.0,0.0,0.0,0.0,1.0,1.0,1.0,1.0,1.0,1.6666666666666667,0.8944444444444445,0.0,1.0,compromised,1,97.83461959537637
0.0,0.0,0.0,0.0,0.0,0.0,0.0,0.0,0.0,0.0,0.0,0.0,0.0,0.0,0.0,0.0,0.0,0.0,0.0,0.5,normal,0,0.8303543862895508
0.0,0.0,0.0,0.0,0.0,1.0,0.0,0.0,0.0,0.0,1.0,0.0,0.0,0.0,0.0,0.0,0.3333333333333333,0.0,0.0,0.4,innocent_security_change,0,27.639697391482066
0.0,0.0,0.0,0.0,0.0,0.0,0.0,0.0,0.0,0.0,0.0,0.0,0.0,0.0,0.0,0.0,0.0,0.0,0.0,0.5,normal,0,7.557304761589986
1.0,1.0,1.0,0.0,0.0,0.0,0.0,0.0,0.0,0.0,1.0,0.0,0.0,0.0,0.0,0.0,1.0,0.9111111111111111,0.0,0.5,compromised,1,84.968732162019
0.0,0.0,0.0,0.0,0.0,0.0,0.0,0.0,0.0,0.0,0.0,0.3333333333333333,0.0,0.0,0.0,0.1546336,0.0,0.0,0.0,0.6,normal,0,9.424772704688309
0.0,0.0,0.0,0.0,0.0,1.0,0.0,0.0,0.0,0.0,0.0,0.3333333333333333,1.0,0.0,0.0,0.17898506666666666,0.3333333333333333,0.0,0.0,0.7,innocent_security_change,0,35.12685607794962
0.0,0.0,0.0,1.0,0.0,0.0,0.0,0.0,0.0,0.0,0.0,0.3333333333333333,0.0,0.0,0.0,0.12143493333333334,0.3333333333333333,0.0,0.0,0.7,innocent_security_change,0,29.020549338975606
0.0,0.0,0.0,0.0,0.0,0.0,0.0,0.0,0.3333333333333333,1.0,0.0,0.3333333333333333,0.0,1.0,0.0,0.7956154666666667,0.0,0.0,0.0,0.6,medium,0,43.54426548028903
0.0,0.0,0.0,0.0,0.0,0.0,0.0,0.0,0.0,0.0,0.0,0.3333333333333333,0.0,0.0,0.0,0.9264483901888676,0.0,0.0,0.0,0.6,normal,0,25.363435781099888
0.0,0.0,0.0,0.0,0.0,0.0,0.0,0.0,0.0,0.0,0.0,0.0,0.0,0.0,0.0,0.0,0.0,0.0,0.0,0.4,normal,0,5.391726934064382
0.0,0.0,0.0,0.0,0.0,0.0,0.0,0.0,0.0,0.0,0.0,0.0,0.0,0.0,0.0,0.0,0.0,0.0,0.0,0.4,normal,0,1.1468083477634865
0.0,0.0,0.0,0.0,0.0,0.0,0.0,0.0,0.0,0.0,0.0,0.3333333333333333,1.0,0.0,0.0,0.16484946666666667,0.0,0.0,0.0,0.8,normal,0,30.671462845233307
0.0,0.0,0.0,0.0,0.0,0.0,0.0,0.0,0.3333333333333333,1.0,0.0,0.3333333333333333,0.0,1.0,0.0,1.0,0.0,0.0,0.0,0.7,medium,0,51.2370158258162
0.0,0.0,0.0,0.0,0.0,0.0,0.0,0.0,0.0,0.0,0.0,0.3333333333333333,0.0,0.0,0.0,0.11878093333333332,0.0,0.0,0.0,0.5,normal,0,9.984155191009995
0.0,0.0,0.0,0.0,0.0,0.0,0.0,0.0,0.0,0.0,1.0,0.0,0.0,0.0,0.0,0.0,0.0,0.0,0.0,0.5,normal,0,7.288566662056433
1.0,0.0,0.0,0.0,0.0,0.0,0.0,0.0,0.0,0.0,0.0,0.0,0.0,0.0,0.0,0.0,0.3333333333333333,0.0,0.0,0.4,compromised,1,57.929137985112256
1.0,1.0,1.0,0.0,1.0,0.0,1.0,0.0,0.0,0.0,0.0,1.0,1.0,1.0,1.0,1.0,1.6666666666666667,0.8777777777777778,0.0,1.0,compromised,1,94.3110272071086
0.0,0.0,0.0,0.0,0.0,0.0,0.0,0.0,0.0,0.0,0.0,0.3333333333333333,0.0,0.0,0.0,0.08234306666666666,0.0,0.0,0.0,0.6,normal,0,6.858533275974922
0.0,0.0,0.0,0.0,0.0,0.0,0.0,0.0,0.0,0.0,1.0,0.3333333333333333,0.0,0.0,0.0,0.06813226666666666,0.0,0.0,1.0,0.7,innocent_security_change,0,30.04494662812708
0.0,0.0,0.0,0.0,0.0,0.0,0.0,0.0,0.3333333333333333,1.0,1.0,0.3333333333333333,0.0,1.0,0.0,1.0,0.0,0.0,0.0,0.8,medium,0,60.50813883973526
0.0,0.0,0.0,0.0,0.0,0.0,0.0,0.0,0.0,0.0,0.0,0.0,0.0,0.0,0.0,0.0,0.0,0.0,0.0,0.5,normal,0,7.031724149803851
0.0,0.0,0.0,0.0,0.0,0.0,0.0,0.0,0.0,0.0,0.0,0.3333333333333333,0.0,0.0,0.0,0.15944253333333333,0.0,0.0,0.0,0.7,normal,0,14.012559889310022
1.0,0.0,0.0,0.0,0.0,0.0,0.0,0.0,0.3333333333333333,1.0,0.0,0.3333333333333333,0.0,1.0,0.0,0.5543502666666666,0.3333333333333333,0.0,0.0,0.7,medium,0,74.5953886601203
1.0,0.0,0.0,0.0,0.0,0.0,0.0,0.0,0.3333333333333333,1.0,1.0,0.3333333333333333,0.0,1.0,0.0,1.0,0.3333333333333333,0.0,0.0,0.6,medium,0,79.3697700585695
0.0,0.0,0.0,0.0,0.0,0.0,0.0,0.0,0.3333333333333333,1.0,1.0,0.3333333333333333,0.0,1.0,0.0,1.0,0.0,0.0,0.0,0.8,medium,0,56.30607929835399
0.0,0.0,0.0,0.0,0.0,0.0,0.0,0.0,0.0,0.0,0.0,0.3333333333333333,0.0,0.0,0.0,0.08677373333333332,0.0,0.0,0.0,0.5,normal,0,11.082947576401747
0.0,0.0,0.0,0.0,0.0,0.0,0.0,0.0,0.0,0.0,0.0,0.0,0.0,0.0,0.0,0.0,0.0,0.0,0.0,0.5,normal,0,3.8315448634072453
0.0,0.0,0.0,0.0,0.0,0.0,0.0,0.0,0.3333333333333333,1.0,1.0,0.3333333333333333,0.0,1.0,0.0,0.6198842666666666,0.0,0.0,0.0,0.5,medium,0,50.5977517128692
0.0,1.0,0.0,0.0,0.0,0.0,0.0,0.0,0.0,0.0,0.0,0.3333333333333333,0.0,0.0,0.0,1.0,0.3333333333333333,0.0,0.0,0.6,innocent_security_change,0,43.96081705027002
0.0,0.0,0.0,0.0,0.0,0.0,0.0,0.0,0.3333333333333333,1.0,0.0,0.3333333333333333,0.0,1.0,0.0,1.0,0.0,0.0,0.0,0.7,medium,0,48.08091441617028
0.0,0.0,0.0,0.0,0.0,0.0,0.0,0.0,0.0,0.0,0.0,0.3333333333333333,1.0,0.0,0.0,0.18007786666666667,0.0,0.0,0.0,0.6,normal,0,19.877976133869513
1.0,1.0,0.0,0.0,0.0,0.0,0.0,0.0,0.0,0.0,0.0,0.0,0.0,0.0,0.0,0.0,0.6666666666666666,0.7333333333333334,0.0,0.4,compromised,1,72.91078609371526
1.0,1.0,1.0,0.0,1.0,0.0,1.0,0.0,0.0,0.0,0.0,1.0,1.0,1.0,1.0,1.0,1.6666666666666667,0.9055555555555556,0.0,1.0,compromised,1,95.33130780631049
0.0,0.0,0.0,0.0,0.0,0.0,0.0,0.0,0.0,0.0,0.0,0.3333333333333333,1.0,0.0,0.0,0.16116626666666667,0.0,0.0,0.0,0.7,normal,0,21.693789199694486
1.0,1.0,1.0,0.0,1.0,0.0,1.0,0.0,0.0,0.0,1.0,1.0,1.0,1.0,1.0,1.0,1.6666666666666667,0.8611111111111112,0.0,1.0,compromised,1,98.45396771082197
0.0,0.0,0.0,0.0,0.0,0.0,0.0,0.0,0.0,0.0,0.0,0.0,0.0,0.0,0.0,0.0,0.0,0.0,0.0,0.4,normal,0,6.347189926569294
0.0,0.0,0.0,0.0,0.0,0.0,0.0,0.0,0.0,0.0,0.0,0.3333333333333333,0.0,0.0,0.0,0.0,0.0,0.0,0.0,0.5,normal,0,11.537440690293309
0.0,0.0,0.0,0.0,0.0,0.0,0.0,0.0,0.0,0.0,0.0,0.3333333333333333,0.0,0.0,0.0,0.18579933333333334,0.0,0.0,1.0,0.9,normal,0,17.724597593449477
0.0,0.0,0.0,0.0,0.0,0.0,0.0,0.0,0.0,0.0,0.0,0.0,0.0,0.0,0.0,0.0,0.0,0.0,0.0,0.4,normal,0,0.39311386928195224
0.0,0.0,0.0,0.0,0.0,0.0,0.0,0.0,0.3333333333333333,1.0,0.0,0.3333333333333333,0.0,1.0,0.0,0.6758018666666666,0.0,0.0,0.0,0.7,medium,0,48.66146598787249
0.0,0.0,0.0,0.0,0.0,0.0,0.0,0.0,0.0,0.0,0.0,0.3333333333333333,0.0,0.0,0.0,0.16765306666666666,0.0,0.0,1.0,0.7,normal,0,17.83657175429082
0.0,0.0,0.0,0.0,0.0,0.0,0.0,0.0,0.0,0.0,0.0,0.0,0.0,0.0,0.0,0.0,0.0,0.0,0.0,0.6,normal,0,3.7082167242411863
0.0,0.0,0.0,0.0,0.0,0.0,0.0,0.0,0.0,0.0,0.0,0.0,0.0,0.0,0.0,0.0,0.0,0.0,0.0,0.5,normal,0,4.946172351088935
0.0,0.0,0.0,0.0,0.0,0.0,0.0,0.0,0.0,0.0,0.0,0.0,0.0,0.0,0.0,0.0,0.0,0.0,0.0,0.5,normal,0,1.1501809663684672
0.0,0.0,0.0,0.0,0.0,0.0,0.0,0.0,0.0,0.0,0.0,0.3333333333333333,0.0,0.0,0.0,0.0,0.0,0.0,0.0,0.6,normal,0,10.162754261227892
0.0,0.0,0.0,0.0,0.0,0.0,0.0,0.0,0.0,0.0,0.0,0.3333333333333333,0.0,0.0,0.0,0.1825636,0.0,0.0,1.0,0.6,normal,0,16.549867129663618
0.0,0.0,0.0,0.0,0.0,0.0,0.0,0.0,0.0,0.0,0.0,0.3333333333333333,0.0,0.0,0.0,0.8596728534022922,0.0,0.0,0.0,0.5,normal,0,18.406087329846653
1.0,1.0,1.0,0.0,1.0,0.0,1.0,0.0,0.0,0.0,1.0,1.0,1.0,1.0,1.0,1.0,1.6666666666666667,0.9111111111111111,0.0,1.0,compromised,1,98.83250641356202
0.0,0.0,0.0,0.0,0.0,0.0,0.0,0.0,0.0,0.0,0.0,0.3333333333333333,0.0,0.0,0.0,0.050636266666666666,0.0,0.0,0.0,0.6,normal,0,6.578009625169056
0.0,0.0,0.0,0.0,0.0,0.0,0.0,0.0,0.0,0.0,1.0,0.3333333333333333,0.0,0.0,0.0,0.11342306666666666,0.0,0.0,0.0,0.6,normal,0,21.634416432397945
0.0,0.0,0.0,0.0,0.0,0.0,0.0,0.0,0.0,0.0,0.0,0.3333333333333333,1.0,0.0,0.0,0.168836,0.0,0.0,0.0,0.7,normal,0,24.48790131645502
0.0,0.0,0.0,0.0,0.0,0.0,0.0,0.0,0.0,0.0,0.0,0.3333333333333333,0.0,0.0,0.0,0.021290133333333332,0.0,0.0,0.0,0.5,normal,0,10.903494951556695
0.0,0.0,0.0,0.0,0.0,1.0,0.0,0.0,0.0,0.0,1.0,0.3333333333333333,0.0,0.0,0.0,0.06399346666666667,0.3333333333333333,0.0,0.0,0.5,innocent_security_change,0,36.907336166246616
0.0,0.0,0.0,0.0,0.0,0.0,0.0,0.0,0.0,0.0,0.0,0.3333333333333333,0.0,0.0,0.0,0.06492973333333332,0.0,0.0,0.0,0.6,normal,0,14.156601046963164
1.0,1.0,1.0,0.0,0.0,0.0,0.0,0.0,0.0,0.0,1.0,0.0,0.0,0.0,0.0,0.0,1.0,0.9388888888888889,0.0,0.6,compromised,1,87.59595592474099
1.0,1.0,1.0,0.0,0.0,0.0,0.0,0.0,0.0,0.0,1.0,0.0,0.0,0.0,0.0,0.0,1.0,0.8333333333333334,0.0,0.5,compromised,1,85.71709850617022
0.0,0.0,0.0,0.0,0.0,1.0,0.0,0.0,0.0,0.0,0.0,0.3333333333333333,0.0,0.0,0.0,0.32067607806480863,0.3333333333333333,0.0,0.0,0.7,innocent_security_change,0,32.905569392343374
0.0,0.0,0.0,0.0,0.0,0.0,0.0,0.0,0.3333333333333333,1.0,0.0,0.3333333333333333,0.0,1.0,0.0,0.6108488000000001,0.0,0.0,0.0,0.5,medium,0,46.364000129913705
0.0,0.0,0.0,0.0,0.0,0.0,0.0,0.0,0.0,0.0,0.0,0.3333333333333333,1.0,0.0,0.0,0.42157692058513435,0.0,0.0,0.0,0.7,normal,0,27.382967034028983
0.0,0.0,0.0,0.0,0.0,0.0,0.0,0.0,0.0,0.0,1.0,0.3333333333333333,1.0,0.0,0.0,0.17778733333333333,0.0,0.0,0.0,0.7,normal,0,32.52570129963202
0.0,0.0,0.0,0.0,0.0,0.0,0.0,0.0,0.0,0.0,0.0,0.3333333333333333,0.0,0.0,0.0,0.1808972,0.0,0.0,1.0,0.6,normal,0,18.110530566395784
0.0,0.0,0.0,0.0,0.0,0.0,0.0,0.0,0.0,0.0,0.0,0.0,0.0,0.0,0.0,0.0,0.0,0.0,0.0,0.4,normal,0,1.2099319168304257
0.0,0.0,0.0,0.0,0.0,0.0,0.0,0.0,0.0,0.0,0.0,0.0,0.0,0.0,0.0,0.0,0.0,0.0,0.0,0.4,normal,0,0.0
0.0,0.0,0.0,0.0,0.0,0.0,0.0,0.0,0.3333333333333333,1.0,0.0,0.3333333333333333,0.0,1.0,0.0,1.0,0.0,0.0,0.0,0.4,medium,0,52.026793735055364
0.0,0.0,0.0,0.0,0.0,1.0,0.0,0.0,0.0,0.0,0.0,0.0,0.0,0.0,0.0,0.0,0.3333333333333333,0.0,0.0,0.3,innocent_security_change,0,19.644864609927765
0.0,0.0,0.0,0.0,0.0,0.0,0.0,0.0,0.0,0.0,1.0,0.3333333333333333,1.0,0.0,0.0,0.32779048695687474,0.0,0.0,0.0,0.7,normal,0,32.15040220336924
0.0,0.0,0.0,0.0,0.0,0.0,0.0,0.0,0.0,0.0,0.0,0.3333333333333333,0.0,0.0,0.0,0.0887288,0.0,0.0,0.0,0.5,normal,0,8.60943277613804
0.0,0.0,0.0,0.0,0.0,0.0,0.0,0.0,0.0,0.0,0.0,0.0,0.0,0.0,0.0,0.0,0.0,0.0,0.0,0.5,normal,0,5.8083530458886585
0.0,0.0,0.0,0.0,0.0,1.0,0.0,0.0,0.0,0.0,0.0,0.3333333333333333,0.0,0.0,0.0,0.0,0.3333333333333333,0.0,0.0,0.7,innocent_security_change,0,28.644178889839797
0.0,0.0,0.0,0.0,0.0,0.0,0.0,0.0,0.0,0.0,0.0,0.3333333333333333,0.0,0.0,0.0,0.8117082144918725,0.0,0.0,1.0,0.6,innocent_security_change,0,30.01031546420891
1.0,1.0,0.0,0.0,0.0,0.0,0.0,0.0,0.0,0.0,0.0,0.0,0.0,0.0,0.0,0.0,0.6666666666666666,0.7333333333333334,0.0,0.5,compromised,1,71.66742488234425
0.0,0.0,0.0,0.0,0.0,0.0,0.0,0.0,0.0,0.0,0.0,0.3333333333333333,0.0,0.0,0.0,0.38633283807172814,0.0,0.0,1.0,0.7,normal,0,23.485702305936684
0.0,0.0,0.0,0.0,0.0,0.0,0.0,0.0,0.0,0.0,0.0,0.0,0.0,0.0,0.0,0.0,0.0,0.0,0.0,0.5,normal,0,1.482674470378162
1.0,0.0,0.0,0.0,0.0,0.0,0.0,0.0,0.3333333333333333,1.0,0.0,0.3333333333333333,0.0,1.0,0.0,1.0,0.3333333333333333,0.0,0.0,0.9,medium,0,80.52317943764382
0.0,0.0,0.0,0.0,0.0,0.0,0.0,0.0,0.0,0.0,0.0,0.3333333333333333,0.0,0.0,0.0,0.17214586666666667,0.0,0.0,1.0,0.7,normal,0,17.375865691051406
0.0,0.0,0.0,0.0,0.0,0.0,0.0,0.0,0.0,0.0,0.0,0.3333333333333333,1.0,0.0,0.0,0.7142107742054814,0.0,0.0,0.0,0.8,normal,0,31.57166637980761
1.0,1.0,1.0,0.0,1.0,0.0,1.0,0.0,0.0,0.0,0.0,1.0,1.0,1.0,1.0,1.0,1.6666666666666667,0.9277777777777778,0.0,1.1,compromised,1,99.41720535423764
0.0,0.0,0.0,0.0,0.0,0.0,0.0,0.0,0.0,0.0,0.0,0.0,0.0,0.0,0.0,0.0,0.0,0.0,0.0,0.4,normal,0,3.9016819543365417
1.0,0.0,0.0,0.0,0.0,0.0,0.0,0.0,0.3333333333333333,1.0,1.0,0.3333333333333333,0.0,1.0,0.0,0.5563772,0.3333333333333333,0.0,0.0,0.7,medium,0,75.43165734847169
0.0,0.0,0.0,0.0,0.0,0.0,0.0,0.0,0.0,0.0,0.0,0.3333333333333333,0.0,0.0,0.0,0.17042335967113253,0.0,0.0,0.0,0.7,normal,0,12.417715719279833
0.0,0.0,0.0,0.0,0.0,0.0,0.0,0.0,0.3333333333333333,1.0,0.0,0.3333333333333333,0.0,1.0,0.0,1.0,0.0,0.0,0.0,0.6,medium,0,48.518282822465004
1.0,1.0,1.0,0.0,1.0,0.0,1.0,0.0,0.0,0.0,1.0,1.0,1.0,1.0,1.0,1.0,1.6666666666666667,0.9,0.0,1.0,compromised,1,97.6591784747205
1.0,1.0,1.0,0.0,1.0,0.0,1.0,0.0,0.0,0.0,1.0,1.0,1.0,1.0,1.0,1.0,1.6666666666666667,0.8611111111111112,0.0,1.0,compromised,1,100.0
0.0,0.0,0.0,0.0,0.0,0.0,0.0,0.0,0.3333333333333333,1.0,1.0,0.3333333333333333,0.0,1.0,0.0,1.0,0.0,0.0,0.0,0.7,medium,0,59.602284010415495
0.0,0.0,0.0,0.0,0.0,0.0,0.0,0.0,0.0,0.0,0.0,0.3333333333333333,0.0,0.0,0.0,0.038339733333333334,0.0,0.0,0.0,0.7,normal,0,9.655920796400657
0.0,0.0,0.0,0.0,0.0,0.0,0.0,0.0,0.3333333333333333,1.0,1.0,0.3333333333333333,0.0,1.0,0.0,1.0,0.0,0.0,0.0,0.6,medium,0,50.316258690073774
1.0,1.0,0.0,0.0,0.0,0.0,0.0,0.0,0.0,0.0,0.0,0.0,0.0,0.0,0.0,0.0,0.6666666666666666,0.8,0.0,0.5,compromised,1,73.64229307041025
0.0,0.0,0.0,0.0,0.0,0.0,0.0,0.0,0.0,0.0,0.0,0.3333333333333333,0.0,0.0,0.0,0.019972933333333335,0.0,0.0,0.0,0.5,normal,0,15.954206873889973
0.0,0.0,0.0,0.0,0.0,0.0,0.0,0.0,0.0,0.0,0.0,0.3333333333333333,0.0,0.0,0.0,0.15302626666666666,0.0,0.0,0.0,0.6,normal,0,9.873468265156657
1.0,1.0,1.0,0.0,1.0,0.0,1.0,0.0,0.0,0.0,0.0,1.0,1.0,1.0,1.0,1.0,1.6666666666666667,0.8722222222222222,0.0,1.0,compromised,1,100.0
0.0,0.0,0.0,0.0,0.0,0.0,0.0,0.0,0.0,0.0,0.0,0.3333333333333333,1.0,0.0,0.0,0.47016794853709176,0.0,0.0,0.0,0.6,normal,0,31.44016009652953
1.0,1.0,1.0,0.0,1.0,0.0,1.0,0.0,0.0,0.0,0.0,1.0,1.0,1.0,1.0,1.0,1.6666666666666667,0.8777777777777778,0.0,1.0,compromised,1,96.40098776974759
0.0,0.0,0.0,0.0,0.0,0.0,0.0,0.0,0.0,0.0,0.0,0.3333333333333333,0.0,0.0,0.0,0.0,0.0,0.0,0.0,0.7,normal,0,11.974673837356079
0.0,0.0,0.0,0.0,0.0,0.0,0.0,0.0,0.0,0.0,0.0,0.3333333333333333,0.0,0.0,0.0,0.15103146666666667,0.0,0.0,0.0,0.5,normal,0,15.284698938760386
1.0,0.0,0.0,0.0,0.0,0.0,0.0,0.0,0.3333333333333333,1.0,0.0,0.3333333333333333,0.0,1.0,0.0,1.0,0.3333333333333333,0.0,0.0,0.6,medium,0,73.66457482783147
0.0,0.0,0.0,0.0,0.0,0.0,0.0,0.0,0.0,0.0,0.0,0.3333333333333333,1.0,0.0,0.0,0.19886293333333332,0.0,0.0,0.0,0.7,normal,0,24.356914953128722
0.0,0.0,0.0,0.0,0.0,0.0,0.0,0.0,0.0,0.0,0.0,0.0,0.0,0.0,0.0,0.0,0.0,0.0,0.0,0.5,normal,0,2.116839818655946
1.0,1.0,1.0,0.0,0.0,0.0,0.0,0.0,0.0,0.0,0.0,0.0,0.0,0.0,0.0,0.0,1.0,0.9333333333333333,0.0,0.6,compromised,1,83.25724136955805
0.0,0.0,0.0,1.0,0.0,0.0,0.0,0.0,0.0,0.0,0.0,0.3333333333333333,0.0,0.0,0.0,0.03514493333333333,0.3333333333333333,0.0,0.0,0.6,innocent_security_change,0,27.605606363970335
0.0,0.0,0.0,0.0,0.0,0.0,0.0,0.0,0.0,1.0,0.0,0.3333333333333333,0.0,1.0,0.0,0.6105109333333333,0.0,0.0,0.0,0.4,medium,0,38.789603686577145
0.0,0.0,0.0,0.0,0.0,0.0,0.0,0.0,0.0,0.0,0.0,0.0,0.0,0.0,0.0,0.0,0.0,0.0,0.0,0.4,normal,0,2.9523928813558613
0.0,0.0,0.0,0.0,0.0,0.0,0.0,0.0,0.0,0.0,1.0,0.3333333333333333,0.0,0.0,0.0,0.12398386666666668,0.0,0.0,0.0,0.7,normal,0,19.305232756888195
0.0,0.0,0.0,0.0,0.0,0.0,0.0,0.0,0.0,0.0,0.0,0.3333333333333333,0.0,0.0,0.0,0.10680386666666666,0.0,0.0,0.0,0.7,normal,0,12.515523922586759
0.0,0.0,0.0,0.0,0.0,0.0,0.0,0.0,0.0,0.0,0.0,0.3333333333333333,0.0,0.0,0.0,0.0,0.0,0.0,0.0,0.6,normal,0,6.009576380353925
0.0,0.0,0.0,0.0,0.0,0.0,0.0,0.0,0.0,0.0,0.0,0.3333333333333333,0.0,0.0,0.0,0.13155546666666668,0.0,0.0,0.0,0.6,normal,0,12.434232388600348
0.0,0.0,0.0,0.0,0.0,0.0,0.0,0.0,0.0,0.0,0.0,0.3333333333333333,0.0,0.0,0.0,0.0,0.0,0.0,0.0,0.6,normal,0,11.983137899885305
0.0,0.0,0.0,0.0,0.0,0.0,0.0,0.0,0.0,0.0,0.0,0.0,0.0,0.0,0.0,0.0,0.0,0.0,1.0,0.6,innocent_security_change,0,7.604346337787181
1.0,0.0,0.0,0.0,0.0,0.0,0.0,0.0,0.3333333333333333,1.0,1.0,0.3333333333333333,0.0,1.0,0.0,1.0,0.3333333333333333,0.0,0.0,0.6,medium,0,78.17137258623767
0.0,0.0,0.0,0.0,0.0,1.0,0.0,0.0,0.0,0.0,0.0,0.3333333333333333,0.0,0.0,0.0,0.15024600000000002,0.3333333333333333,0.0,0.0,0.7,innocent_security_change,0,33.97727718022563
0.0,0.0,0.0,0.0,0.0,0.0,0.0,0.0,0.0,0.0,0.0,0.0,0.0,0.0,0.0,0.0,0.0,0.0,0.0,0.5,normal,0,0.5469395567995416
0.0,1.0,0.0,0.0,0.0,0.0,0.0,0.0,0.0,0.0,1.0,0.3333333333333333,0.0,0.0,0.0,0.0,0.3333333333333333,0.0,0.0,0.7,innocent_security_change,0,48.42862380556936
1.0,0.0,0.0,0.0,0.0,0.0,0.0,0.0,0.0,0.0,0.0,0.0,0.0,0.0,0.0,0.0,0.3333333333333333,0.0,0.0,0.2,compromised,1,52.54900131782376
0.0,0.0,0.0,0.0,0.0,0.0,0.0,0.0,0.3333333333333333,1.0,0.0,0.3333333333333333,0.0,1.0,0.0,1.0,0.0,0.0,0.0,0.5,medium,0,46.26964773210414
0.0,0.0,0.0,0.0,0.0,0.0,0.0,0.0,0.0,0.0,0.0,0.0,0.0,0.0,0.0,0.0,0.0,0.0,0.0,0.4,normal,0,2.727761516563531
0.0,0.0,0.0,0.0,0.0,0.0,0.0,0.0,0.0,0.0,0.0,0.0,0.0,0.0,0.0,0.0,0.0,0.0,0.0,0.4,normal,0,4.263001492012102
1.0,1.0,0.0,0.0,0.0,0.0,0.0,0.0,0.0,0.0,1.0,0.0,0.0,0.0,0.0,0.0,0.6666666666666666,0.9333333333333333,0.0,0.4,compromised,1,77.48136269754302
1.0,1.0,1.0,0.0,1.0,0.0,0.0,0.0,0.0,0.0,0.0,0.0,0.0,0.0,0.0,0.0,1.3333333333333333,0.9055555555555556,0.0,0.6,compromised,1,93.19622530794709
0.0,0.0,0.0,0.0,0.0,0.0,0.0,0.0,0.3333333333333333,1.0,0.0,0.3333333333333333,0.0,1.0,0.0,1.0,0.0,0.0,0.0,0.6,medium,0,46.10707015981882
0.0,0.0,0.0,0.0,0.0,0.0,0.0,0.0,0.0,0.0,1.0,0.3333333333333333,0.0,0.0,0.0,0.0161904,0.0,0.0,0.0,0.6,normal,0,19.824753237686974
1.0,1.0,1.0,0.0,1.0,0.0,1.0,0.0,0.0,0.0,1.0,1.0,1.0,1.0,1.0,1.0,1.6666666666666667,0.8611111111111112,0.0,1.0,compromised,1,94.46994609067582
0.0,0.0,0.0,0.0,0.0,0.0,0.0,0.0,0.0,0.0,0.0,0.3333333333333333,0.0,0.0,0.0,0.14598546666666667,0.0,0.0,0.0,0.6,normal,0,11.514300891306332
0.0,0.0,0.0,0.0,0.0,0.0,0.0,0.0,0.3333333333333333,1.0,0.0,0.3333333333333333,0.0,1.0,0.0,1.0,0.0,0.0,0.0,0.6,medium,0,46.14898503885526
0.0,0.0,0.0,0.0,0.0,0.0,0.0,0.0,0.0,0.0,0.0,0.3333333333333333,0.0,0.0,0.0,0.11006466666666667,0.0,0.0,0.0,0.5,normal,0,8.844242698194773
0.0,0.0,0.0,0.0,0.0,0.0,0.0,0.0,0.0,0.0,0.0,0.3333333333333333,0.0,0.0,0.0,0.10652653333333333,0.0,0.0,0.0,0.6,normal,0,14.374877289055966
0.0,0.0,0.0,0.0,0.0,0.0,0.0,0.0,0.0,0.0,0.0,0.3333333333333333,0.0,0.0,0.0,0.14430226666666668,0.0,0.0,0.0,0.6,normal,0,14.499042907476056
0.0,0.0,0.0,0.0,0.0,0.0,0.0,0.0,0.0,0.0,0.0,0.3333333333333333,0.0,0.0,0.0,0.0,0.0,0.0,0.0,0.7,normal,0,12.075061441660832
0.0,0.0,0.0,0.0,0.0,0.0,0.0,0.0,0.0,0.0,0.0,0.0,0.0,0.0,0.0,0.0,0.0,0.0,0.0,0.3,normal,0,0.0
0.0,0.0,0.0,0.0,0.0,0.0,0.0,0.0,0.0,0.0,0.0,0.3333333333333333,0.0,0.0,0.0,0.018757466666666667,0.0,0.0,1.0,0.6,innocent_security_change,0,17.162138190178506
0.0,0.0,0.0,0.0,0.0,0.0,0.0,0.0,0.0,0.0,0.0,0.3333333333333333,0.0,0.0,0.0,0.1541704,0.0,0.0,0.0,0.6,normal,0,14.930062150076282
0.0,0.0,0.0,0.0,0.0,0.0,0.0,0.0,0.0,0.0,1.0,0.0,0.0,0.0,0.0,0.0,0.0,0.0,0.0,0.4,normal,0,13.260259827806381
0.0,0.0,0.0,0.0,0.0,0.0,0.0,0.0,0.0,0.0,0.0,0.3333333333333333,0.0,0.0,0.0,0.0538552,0.0,0.0,0.0,0.6,normal,0,16.400684342663542
0.0,1.0,1.0,0.0,0.0,0.0,0.0,0.0,0.0,0.0,0.0,0.0,0.0,0.0,0.0,0.0,0.6666666666666666,0.9,0.0,0.4,compromised,1,71.40655086595359
0.0,0.0,0.0,0.0,0.0,0.0,0.0,0.0,0.0,0.0,0.0,0.0,0.0,0.0,0.0,0.0,0.0,0.0,0.0,0.5,normal,0,4.051164894752635
0.0,0.0,0.0,0.0,0.0,0.0,0.0,0.0,0.0,0.0,0.0,0.3333333333333333,1.0,0.0,0.0,0.3163892337091719,0.0,0.0,0.0,0.7,normal,0,25.366556843515326
0.0,1.0,0.0,0.0,0.0,0.0,0.0,0.0,0.0,0.0,1.0,0.3333333333333333,0.0,0.0,0.0,0.08605613333333334,0.3333333333333333,0.0,0.0,0.6,innocent_security_change,0,44.87267688166186
0.0,0.0,0.0,0.0,0.0,0.0,0.0,0.0,0.3333333333333333,1.0,0.0,0.3333333333333333,0.0,1.0,0.0,0.6846682666666667,0.0,0.0,0.0,0.6,medium,0,45.60616678213747
0.0,0.0,0.0,1.0,0.0,0.0,0.0,0.0,0.0,0.0,1.0,0.0,0.0,0.0,0.0,0.0,0.3333333333333333,0.0,0.0,0.5,innocent_security_change,0,33.50835624205573
0.0,0.0,0.0,0.0,0.0,0.0,0.0,0.0,0.0,0.0,1.0,0.0,0.0,0.0,0.0,0.0,0.0,0.0,0.0,0.5,normal,0,15.928836741226826
0.0,0.0,0.0,0.0,0.0,0.0,0.0,0.0,0.0,0.0,0.0,0.3333333333333333,0.0,0.0,0.0,0.0396144,0.0,0.0,0.0,0.7,normal,0,9.101167012827627
0.0,0.0,0.0,0.0,0.0,0.0,0.0,0.0,0.0,0.0,0.0,0.0,0.0,0.0,0.0,0.0,0.0,0.0,0.0,0.5,normal,0,0.24295971963310992
0.0,0.0,0.0,0.0,0.0,0.0,0.0,0.0,0.3333333333333333,1.0,0.0,0.3333333333333333,0.0,1.0,0.0,1.0,0.0,0.0,0.0,0.6,medium,0,43.81824070975899
1.0,0.0,0.0,0.0,0.0,0.0,0.0,0.0,0.3333333333333333,1.0,0.0,0.3333333333333333,0.0,1.0,0.0,0.5990596,0.3333333333333333,0.0,0.0,0.9,medium,0,74.93859481350326
0.0,0.0,0.0,0.0,0.0,0.0,0.0,0.0,0.0,0.0,0.0,0.3333333333333333,0.0,0.0,0.0,0.09726653333333334,0.0,0.0,0.0,0.6,normal,0,8.406655808320016
0.0,0.0,0.0,0.0,0.0,0.0,0.0,0.0,0.0,0.0,1.0,0.0,0.0,0.0,0.0,0.0,0.0,0.0,0.0,0.6,normal,0,8.781394606930156
0.0,0.0,0.0,0.0,0.0,0.0,0.0,0.0,0.0,0.0,0.0,0.0,0.0,0.0,0.0,0.0,0.0,0.0,0.0,0.4,normal,0,3.838630722035206
0.0,0.0,0.0,0.0,0.0,0.0,0.0,0.0,0.0,0.0,0.0,0.3333333333333333,0.0,0.0,0.0,0.03147426666666667,0.0,0.0,0.0,0.6,normal,0,16.543359233676924
0.0,0.0,0.0,0.0,0.0,0.0,0.0,0.0,0.0,0.0,0.0,0.3333333333333333,0.0,0.0,0.0,0.15103426666666667,0.0,0.0,0.0,0.6,normal,0,11.841942106769817
0.0,0.0,0.0,0.0,0.0,0.0,0.0,0.0,0.0,0.0,0.0,0.3333333333333333,0.0,0.0,0.0,0.06955893333333334,0.0,0.0,0.0,0.6,normal,0,12.902554637337623
1.0,1.0,1.0,0.0,1.0,0.0,1.0,0.0,0.0,0.0,1.0,1.0,1.0,1.0,1.0,1.0,1.6666666666666667,0.8555555555555556,0.0,1.0,compromised,1,98.2055776383532
0.0,0.0,0.0,0.0,0.0,0.0,0.0,0.0,0.0,0.0,0.0,0.3333333333333333,0.0,0.0,0.0,0.016402800000000002,0.0,0.0,0.0,0.5,normal,0,9.21070381799271
0.0,0.0,0.0,0.0,0.0,0.0,0.0,0.0,0.0,0.0,0.0,0.3333333333333333,0.0,0.0,0.0,0.1868908,0.0,0.0,1.0,0.6,innocent_security_change,0,22.23303150713585
0.0,0.0,0.0,0.0,0.0,0.0,0.0,0.0,0.0,0.0,0.0,0.3333333333333333,0.0,0.0,0.0,0.09094773333333334,0.0,0.0,0.0,0.5,normal,0,9.708676907211926
0.0,0.0,0.0,0.0,0.0,0.0,0.0,0.0,0.3333333333333333,1.0,0.0,0.3333333333333333,0.0,1.0,0.0,0.6352392,0.0,0.0,0.0,0.4,medium,0,45.46899845961584
0.0,0.0,0.0,0.0,0.0,0.0,0.0,0.0,0.0,0.0,0.0,0.3333333333333333,0.0,0.0,0.0,0.026315066666666668,0.0,0.0,0.0,0.6,normal,0,11.047774355859993
0.0,1.0,0.0,0.0,0.0,0.0,0.0,0.0,0.0,0.0,1.0,0.3333333333333333,1.0,0.0,0.0,0.19307693333333334,0.3333333333333333,0.0,0.0,0.7,innocent_security_change,0,51.45923547738648
0.0,0.0,0.0,0.0,0.0,0.0,0.0,0.0,0.0,0.0,1.0,0.0,0.0,0.0,0.0,0.0,0.0,0.0,0.0,0.4,normal,0,15.386073417547927
1.0,1.0,1.0,0.0,1.0,0.0,1.0,0.0,0.0,0.0,0.0,1.0,1.0,1.0,1.0,1.0,1.6666666666666667,0.8611111111111112,0.0,1.0,compromised,1,97.33679330900462
0.0,0.0,0.0,0.0,0.0,0.0,0.0,0.0,0.0,0.0,0.0,0.0,0.0,0.0,0.0,0.0,0.0,0.0,0.0,0.5,normal,0,1.6816792047954434
0.0,1.0,0.0,0.0,0.0,0.0,0.0,0.0,0.0,0.0,1.0,0.3333333333333333,0.0,0.0,0.0,0.10419013333333334,0.3333333333333333,0.0,0.0,0.7,innocent_security_change,0,46.42702704797476
1.0,1.0,1.0,0.0,1.0,0.0,1.0,0.0,0.0,0.0,0.0,1.0,1.0,1.0,1.0,1.0,1.6666666666666667,0.8611111111111112,0.0,1.0,compromised,1,95.52802274626555
1.0,0.0,0.0,0.0,0.0,0.0,0.0,0.0,0.3333333333333333,1.0,0.0,0.3333333333333333,0.0,1.0,0.0,0.4031232,0.3333333333333333,0.0,0.0,0.8,medium,0,72.78007766836197
1.0,1.0,1.0,0.0,1.0,0.0,1.0,0.0,0.0,0.0,1.0,1.0,1.0,1.0,1.0,1.0,1.6666666666666667,0.8888888888888888,0.0,1.1,compromised,1,98.0118428978349
1.0,1.0,1.0,0.0,1.0,0.0,1.0,0.0,0.0,0.0,1.0,1.0,1.0,1.0,1.0,1.0,1.6666666666666667,0.85,0.0,1.0,compromised,1,100.0
0.0,0.0,0.0,0.0,0.0,0.0,0.0,0.0,0.0,0.0,1.0,0.3333333333333333,0.0,0.0,0.0,0.14310040000000002,0.0,0.0,0.0,0.7,normal,0,22.63563353851917
0.0,0.0,0.0,0.0,0.0,0.0,0.0,0.0,0.3333333333333333,1.0,0.0,0.3333333333333333,0.0,1.0,0.0,1.0,0.0,0.0,0.0,0.4,medium,0,47.59028448022516
1.0,1.0,1.0,0.0,1.0,0.0,1.0,0.0,0.0,0.0,0.0,1.0,1.0,1.0,1.0,1.0,1.6666666666666667,0.9222222222222223,0.0,1.0,compromised,1,99.85782869888462
0.0,0.0,0.0,0.0,0.0,0.0,0.0,0.0,0.3333333333333333,1.0,0.0,0.3333333333333333,0.0,1.0,0.0,0.5279153333333334,0.0,0.0,0.0,0.8,medium,0,49.01514184548045
0.0,0.0,0.0,0.0,0.0,0.0,0.0,0.0,0.0,0.0,0.0,0.3333333333333333,0.0,0.0,0.0,0.0334028,0.0,0.0,0.0,0.6,normal,0,11.730541731430684
0.0,0.0,0.0,0.0,0.0,0.0,0.0,0.0,0.3333333333333333,1.0,0.0,0.3333333333333333,0.0,1.0,0.0,1.0,0.0,0.0,0.0,0.4,medium,0,47.67873342669647
1.0,1.0,1.0,0.0,1.0,0.0,1.0,0.0,0.0,0.0,1.0,1.0,1.0,1.0,1.0,1.0,1.6666666666666667,0.85,0.0,1.1,compromised,1,94.73268919140759
0.0,0.0,0.0,0.0,0.0,0.0,0.0,0.0,0.0,0.0,0.0,0.3333333333333333,0.0,0.0,0.0,0.0,0.0,0.0,0.0,0.5,normal,0,6.578865017599094
0.0,0.0,0.0,0.0,0.0,0.0,0.0,0.0,0.0,0.0,0.0,0.0,0.0,0.0,0.0,0.0,0.0,0.0,0.0,0.4,normal,0,2.104122449821127
1.0,0.0,0.0,0.0,0.0,0.0,0.0,0.0,0.3333333333333333,1.0,0.0,0.3333333333333333,0.0,1.0,0.0,0.5626896,0.3333333333333333,0.0,0.0,0.9,medium,0,72.00516907861127
0.0,0.0,0.0,0.0,0.0,0.0,0.0,0.0,0.0,0.0,0.0,0.3333333333333333,0.0,0.0,0.0,0.10612226666666667,0.0,0.0,0.0,0.6,normal,0,10.8119992622069
0.0,0.0,0.0,0.0,0.0,0.0,0.0,0.0,0.3333333333333333,1.0,0.0,0.3333333333333333,0.0,1.0,0.0,0.5307757333333334,0.0,0.0,0.0,0.6,medium,0,44.9062936072811
1.0,1.0,1.0,0.0,1.0,0.0,1.0,0.0,0.0,0.0,1.0,1.0,1.0,1.0,1.0,1.0,1.6666666666666667,0.8777777777777778,0.0,1.0,compromised,1,99.33811724793216
1.0,0.0,0.0,0.0,0.0,0.0,0.0,0.0,0.3333333333333333,1.0,0.0,0.3333333333333333,0.0,1.0,0.0,1.0,0.3333333333333333,0.0,0.0,0.5,medium,0,74.2508370635422
1.0,0.0,0.0,0.0,0.0,0.0,0.0,0.0,0.0,0.0,0.0,0.0,0.0,0.0,0.0,0.0,0.3333333333333333,0.0,0.0,0.3,compromised,1,53.069145101173696
0.0,0.0,0.0,0.0,0.0,0.0,0.0,0.0,0.0,0.0,0.0,0.3333333333333333,0.0,0.0,0.0,0.12951933333333335,0.0,0.0,0.0,0.5,normal,0,11.096642670651695
1.0,1.0,1.0,0.0,1.0,0.0,1.0,0.0,0.0,0.0,0.0,1.0,1.0,1.0,1.0,1.0,1.6666666666666667,0.9111111111111111,0.0,1.0,compromised,1,92.86766734392755
0.0,0.0,0.0,0.0,0.0,0.0,0.0,0.0,0.0,0.0,0.0,0.3333333333333333,0.0,0.0,0.0,0.053571733333333336,0.0,0.0,0.0,0.6,normal,0,8.250335932043829
0.0,0.0,0.0,0.0,0.0,0.0,0.0,0.0,0.0,0.0,0.0,0.0,0.0,0.0,0.0,0.0,0.0,0.0,0.0,0.5,normal,0,3.2108232142235167
0.0,0.0,0.0,0.0,0.0,0.0,0.0,0.0,0.0,0.0,0.0,0.0,0.0,0.0,0.0,0.0,0.0,0.0,0.0,0.5,normal,0,0.5468052464247863
0.0,0.0,0.0,0.0,0.0,0.0,0.0,0.0,0.0,0.0,0.0,0.3333333333333333,0.0,0.0,0.0,0.11392493333333334,0.0,0.0,0.0,0.6,normal,0,12.879884162014932
0.0,0.0,0.0,0.0,0.0,0.0,0.0,0.0,0.3333333333333333,1.0,0.0,0.3333333333333333,0.0,1.0,0.0,0.665544,0.0,0.0,0.0,0.7,medium,0,50.05624627278339
0.0,0.0,0.0,0.0,0.0,0.0,0.0,0.0,0.0,0.0,0.0,0.0,0.0,0.0,0.0,0.0,0.0,0.0,0.0,0.5,normal,0,6.6179467327708466
1.0,1.0,1.0,0.0,1.0,0.0,1.0,0.0,0.0,0.0,0.0,1.0,1.0,1.0,1.0,1.0,1.6666666666666667,0.8833333333333333,0.0,1.0,compromised,1,97.25492817068357
1.0,1.0,0.0,0.0,0.0,0.0,0.0,0.0,0.0,0.0,0.0,0.0,0.0,0.0,0.0,0.0,0.6666666666666666,0.7666666666666666,0.0,0.3,compromised,1,76.94844651180715
0.0,0.0,0.0,0.0,0.0,0.0,0.0,0.0,0.0,0.0,1.0,0.3333333333333333,0.0,0.0,0.0,0.14087386666666668,0.0,0.0,0.0,0.6,normal,0,21.221563999883614
0.0,0.0,0.0,0.0,0.0,0.0,0.0,0.0,0.0,0.0,0.0,0.3333333333333333,0.0,0.0,0.0,0.0,0.0,0.0,0.0,0.6,normal,0,9.056600568067894
0.0,0.0,0.0,0.0,0.0,0.0,0.0,0.0,0.3333333333333333,1.0,0.0,0.3333333333333333,0.0,1.0,0.0,0.44941319999999996,0.0,0.0,0.0,0.5,medium,0,42.16561792427562
0.0,0.0,0.0,0.0,0.0,0.0,0.0,0.0,0.0,0.0,0.0,0.3333333333333333,0.0,0.0,0.0,0.06639066666666667,0.0,0.0,0.0,0.5,normal,0,9.357694189440465
1.0,0.0,0.0,0.0,0.0,0.0,0.0,0.0,0.3333333333333333,1.0,1.0,0.3333333333333333,0.0,1.0,0.0,1.0,0.3333333333333333,0.0,0.0,0.7,medium,0,76.43074323748503
1.0,0.0,0.0,0.0,0.0,0.0,0.0,0.0,0.3333333333333333,1.0,0.0,0.3333333333333333,0.0,1.0,0.0,1.0,0.3333333333333333,0.0,0.0,0.8,medium,0,75.40503634570719
1.0,1.0,1.0,0.0,1.0,0.0,1.0,0.0,0.0,0.0,1.0,1.0,1.0,1.0,1.0,1.0,1.6666666666666667,0.8777777777777778,0.0,1.0,compromised,1,98.41532031466498
0.0,0.0,0.0,0.0,0.0,0.0,0.0,0.0,0.0,0.0,0.0,0.0,0.0,0.0,0.0,0.0,0.0,0.0,0.0,0.4,normal,0,2.8747992610913324
0.0,0.0,0.0,0.0,0.0,0.0,0.0,0.0,0.0,0.0,0.0,0.0,0.0,0.0,0.0,0.0,0.0,0.0,0.0,0.4,normal,0,3.959529635073671
0.0,0.0,0.0,0.0,0.0,0.0,0.0,0.0,0.0,0.0,0.0,0.3333333333333333,0.0,0.0,0.0,0.12730186666666665,0.0,0.0,0.0,0.6,normal,0,14.528941361719825
0.0,0.0,0.0,0.0,0.0,0.0,0.0,0.0,0.0,0.0,0.0,0.3333333333333333,0.0,0.0,0.0,0.13883653333333332,0.0,0.0,0.0,0.6,normal,0,14.07448142452554
0.0,0.0,0.0,0.0,0.0,0.0,0.0,0.0,0.0,0.0,1.0,0.3333333333333333,0.0,0.0,0.0,0.0359828,0.0,0.0,0.0,0.5,normal,0,15.334190125440012
0.0,0.0,0.0,0.0,0.0,0.0,0.0,0.0,0.3333333333333333,1.0,0.0,0.3333333333333333,0.0,1.0,0.0,0.6894886666666666,0.0,0.0,0.0,0.7,medium,0,40.03151621733767
1.0,1.0,1.0,0.0,1.0,0.0,1.0,0.0,0.0,0.0,0.0,1.0,1.0,1.0,1.0,1.0,1.6666666666666667,0.8777777777777778,0.0,1.0,compromised,1,100.0
0.0,0.0,0.0,0.0,0.0,0.0,0.0,0.0,0.0,0.0,0.0,0.0,0.0,0.0,0.0,0.0,0.0,0.0,0.0,0.5,normal,0,0.1538453574890024
1.0,1.0,1.0,0.0,1.0,0.0,1.0,0.0,0.0,0.0,1.0,1.0,1.0,1.0,1.0,1.0,1.6666666666666667,0.8777777777777778,0.0,1.0,compromised,1,97.45197185730862
1.0,0.0,0.0,0.0,0.0,0.0,0.0,0.0,0.0,0.0,1.0,0.0,0.0,0.0,0.0,0.0,0.3333333333333333,0.0,0.0,0.3,compromised,1,53.90366509194363
0.0,0.0,0.0,0.0,0.0,0.0,0.0,0.0,0.0,0.0,1.0,0.3333333333333333,1.0,0.0,0.0,0.16013053333333335,0.0,0.0,0.0,0.7,normal,0,27.745495632611096
0.0,0.0,0.0,0.0,0.0,0.0,0.0,0.0,0.0,0.0,0.0,0.3333333333333333,1.0,0.0,0.0,0.1846248,0.0,0.0,0.0,0.7,normal,0,26.06375855283881
0.0,0.0,0.0,0.0,0.0,0.0,0.0,0.0,0.0,0.0,0.0,0.3333333333333333,0.0,0.0,0.0,0.1835310185301543,0.0,0.0,0.0,0.6,normal,0,14.170657955613413
0.0,0.0,0.0,0.0,0.0,0.0,0.0,0.0,0.0,0.0,0.0,0.3333333333333333,0.0,0.0,0.0,0.1299364,0.0,0.0,1.0,0.4,innocent_security_change,0,16.645185257839938
0.0,0.0,0.0,0.0,0.0,0.0,0.0,0.0,0.0,0.0,0.0,0.3333333333333333,0.0,0.0,0.0,0.052942666666666666,0.0,0.0,0.0,0.6,normal,0,4.11288803649345
0.0,0.0,0.0,0.0,0.0,0.0,0.0,0.0,0.0,0.0,0.0,0.0,0.0,0.0,0.0,0.0,0.0,0.0,0.0,0.5,normal,0,2.205430982896348
0.0,0.0,0.0,0.0,0.0,0.0,0.0,0.0,0.0,0.0,0.0,0.0,0.0,0.0,0.0,0.0,0.0,0.0,0.0,0.5,normal,0,4.550552117033922
1.0,1.0,1.0,0.0,1.0,0.0,1.0,0.0,0.0,0.0,0.0,1.0,1.0,1.0,1.0,1.0,1.6666666666666667,0.8944444444444445,0.0,1.0,compromised,1,94.09839305448737
1.0,1.0,1.0,0.0,1.0,0.0,1.0,0.0,0.0,0.0,0.0,1.0,1.0,1.0,1.0,1.0,1.6666666666666667,0.9277777777777778,0.0,1.0,compromised,1,98.27534377426971
0.0,0.0,0.0,0.0,0.0,0.0,0.0,0.0,0.0,0.0,0.0,0.0,0.0,0.0,0.0,0.0,0.0,0.0,0.0,0.5,normal,0,3.532767480595066
1.0,0.0,0.0,0.0,0.0,0.0,0.0,0.0,0.3333333333333333,1.0,1.0,0.3333333333333333,0.0,1.0,0.0,0.5468881333333333,0.3333333333333333,0.0,0.0,0.7,medium,0,77.30981171013953
0.0,0.0,0.0,0.0,0.0,0.0,0.0,0.0,0.0,0.0,0.0,0.3333333333333333,1.0,0.0,0.0,1.0,0.0,0.0,0.0,0.5,normal,0,32.44949291631195
1.0,0.0,0.0,0.0,0.0,0.0,0.0,0.0,0.3333333333333333,1.0,1.0,0.3333333333333333,0.0,1.0,0.0,1.0,0.3333333333333333,0.0,0.0,0.8,medium,0,75.13227173937688
0.0,0.0,0.0,0.0,0.0,0.0,0.0,0.0,0.0,0.0,1.0,0.0,0.0,0.0,0.0,0.0,0.0,0.0,0.0,0.6,normal,0,17.15504984347259
0.0,0.0,0.0,0.0,0.0,0.0,0.0,0.0,0.3333333333333333,1.0,1.0,0.3333333333333333,0.0,1.0,0.0,0.5279534666666666,0.0,0.0,0.0,0.7,medium,0,50.41567653789286
0.0,0.0,0.0,0.0,0.0,0.0,0.0,0.0,0.3333333333333333,1.0,0.0,0.3333333333333333,0.0,1.0,0.0,1.0,0.0,0.0,1.0,0.6,medium,0,52.823735104863346
0.0,0.0,0.0,0.0,0.0,0.0,0.0,0.0,0.3333333333333333,1.0,0.0,0.3333333333333333,0.0,1.0,0.0,1.0,0.0,0.0,0.0,0.5,medium,0,45.69900747381717
0.0,0.0,0.0,0.0,0.0,0.0,0.0,0.0,0.3333333333333333,1.0,1.0,0.3333333333333333,0.0,1.0,0.0,0.6725645333333333,0.0,0.0,0.0,0.8,medium,0,51.07664042173483
0.0,0.0,0.0,0.0,0.0,0.0,0.0,0.0,0.0,0.0,1.0,0.3333333333333333,0.0,0.0,0.0,0.14211751331273317,0.0,0.0,0.0,0.6,normal,0,18.652205060477304
0.0,0.0,0.0,1.0,0.0,0.0,0.0,0.0,0.0,0.0,0.0,0.0,0.0,0.0,0.0,0.0,0.3333333333333333,0.0,0.0,0.5,innocent_security_change,0,23.43759618050407
1.0,0.0,0.0,0.0,0.0,0.0,0.0,0.0,0.3333333333333333,1.0,1.0,0.3333333333333333,0.0,1.0,0.0,1.0,0.3333333333333333,0.0,0.0,0.6,medium,0,81.5155023619746
0.0,0.0,0.0,0.0,0.0,0.0,0.0,0.0,0.0,0.0,1.0,0.3333333333333333,0.0,0.0,0.0,0.15677053333333335,0.0,0.0,0.0,0.6,normal,0,17.602945305741393
0.0,0.0,0.0,0.0,0.0,0.0,0.0,0.0,0.0,0.0,1.0,0.0,0.0,0.0,0.0,0.0,0.0,0.0,0.0,0.5,normal,0,9.503177454548513
1.0,1.0,1.0,0.0,1.0,0.0,1.0,0.0,0.0,0.0,1.0,1.0,1.0,1.0,1.0,1.0,1.6666666666666667,0.8888888888888888,0.0,1.0,compromised,1,100.0
1.0,0.0,0.0,0.0,0.0,0.0,0.0,0.0,0.3333333333333333,1.0,0.0,0.3333333333333333,0.0,1.0,0.0,1.0,0.3333333333333333,0.0,0.0,0.6,medium,0,74.08908498742052
0.0,0.0,0.0,0.0,0.0,0.0,0.0,0.0,0.0,0.0,0.0,0.0,0.0,0.0,0.0,0.0,0.0,0.0,0.0,0.5,normal,0,1.8983602568777638
1.0,1.0,0.0,0.0,1.0,0.0,1.0,0.0,0.0,0.0,1.0,1.0,1.0,1.0,1.0,1.0,1.3333333333333333,0.9,0.0,0.9,compromised,1,99.26243472245758
1.0,0.0,0.0,0.0,0.0,0.0,0.0,0.0,0.3333333333333333,1.0,1.0,0.3333333333333333,0.0,1.0,0.0,1.0,0.3333333333333333,0.0,0.0,0.7,medium,0,75.88714643449595
1.0,1.0,1.0,0.0,0.0,0.0,0.0,0.0,0.0,0.0,0.0,0.0,0.0,0.0,0.0,0.0,1.0,0.9111111111111111,0.0,0.5,compromised,1,90.1626595862807
0.0,0.0,0.0,0.0,0.0,0.0,0.0,0.0,0.0,0.0,0.0,0.3333333333333333,1.0,0.0,0.0,0.1711844,0.0,0.0,0.0,0.7,normal,0,26.25758315467229
0.0,0.0,0.0,0.0,0.0,0.0,0.0,0.0,0.0,0.0,0.0,0.3333333333333333,0.0,0.0,0.0,0.1239608,0.0,0.0,0.0,0.7,normal,0,10.930787405610786
0.0,0.0,0.0,0.0,0.0,0.0,0.0,0.0,0.0,0.0,0.0,0.3333333333333333,0.0,0.0,0.0,0.1489268,0.0,0.0,0.0,0.6,normal,0,17.22336640504932
1.0,0.0,0.0,0.0,0.0,0.0,0.0,0.0,0.3333333333333333,1.0,0.0,0.3333333333333333,0.0,1.0,0.0,0.5135418666666667,0.3333333333333333,0.0,0.0,0.9,medium,0,71.8247490446594
0.0,0.0,0.0,0.0,0.0,0.0,0.0,0.0,0.0,0.0,0.0,0.3333333333333333,0.0,0.0,0.0,0.645302440034086,0.0,0.0,1.0,0.7,normal,0,27.497795803813954
1.0,0.0,0.0,0.0,0.0,0.0,0.0,0.0,0.0,0.0,0.0,0.0,0.0,0.0,0.0,0.0,0.3333333333333333,0.0,0.0,0.3,compromised,1,52.60112244262442
0.0,0.0,0.0,0.0,0.0,0.0,0.0,0.0,0.0,0.0,0.0,0.0,0.0,0.0,0.0,0.0,0.0,0.0,0.0,0.4,normal,0,6.121537434204791
0.0,0.0,0.0,0.0,0.0,0.0,0.0,0.0,0.0,0.0,0.0,0.3333333333333333,0.0,0.0,0.0,0.0206192,0.0,0.0,1.0,0.7,innocent_security_change,0,22.47353111838782
1.0,1.0,1.0,0.0,1.0,0.0,1.0,0.0,0.0,0.0,0.0,1.0,1.0,1.0,1.0,1.0,1.6666666666666667,0.8555555555555556,0.0,1.0,compromised,1,97.85060290063863
0.0,0.0,0.0,0.0,0.0,0.0,0.0,0.0,0.0,0.0,1.0,0.0,0.0,0.0,0.0,0.0,0.0,0.0,0.0,0.5,normal,0,11.653536273374907
0.0,0.0,0.0,0.0,0.0,0.0,0.0,0.0,0.0,0.0,1.0,0.3333333333333333,0.0,0.0,0.0,0.0,0.0,0.0,0.0,0.6,normal,0,20.361250684348672
0.0,0.0,0.0,1.0,0.0,0.0,0.0,0.0,0.0,0.0,0.0,0.0,0.0,0.0,0.0,0.0,0.3333333333333333,0.0,0.0,0.4,innocent_security_change,0,21.619981651279762
0.0,0.0,0.0,0.0,0.0,0.0,0.0,0.0,0.3333333333333333,1.0,0.0,0.3333333333333333,0.0,1.0,0.0,0.7517756,0.0,0.0,0.0,0.7,medium,0,51.93305840177681
0.0,0.0,0.0,0.0,0.0,0.0,0.0,0.0,0.3333333333333333,1.0,0.0,0.3333333333333333,1.0,1.0,0.0,0.5100246666666667,0.0,0.0,0.0,0.8,medium,0,53.1306108629452
1.0,0.0,0.0,0.0,0.0,0.0,0.0,0.0,0.3333333333333333,1.0,1.0,0.3333333333333333,0.0,1.0,0.0,1.0,0.3333333333333333,0.0,0.0,0.5,medium,0,76.15676912175776
0.0,0.0,0.0,0.0,0.0,0.0,0.0,0.0,0.0,0.0,0.0,0.0,0.0,0.0,0.0,0.0,0.0,0.0,0.0,0.4,normal,0,3.328884975370067
0.0,0.0,0.0,0.0,0.0,0.0,0.0,0.0,0.3333333333333333,1.0,1.0,0.3333333333333333,0.0,1.0,0.0,1.0,0.0,0.0,0.0,0.7,medium,0,50.70816078261287
0.0,0.0,0.0,0.0,0.0,0.0,0.0,0.0,0.0,0.0,0.0,0.3333333333333333,0.0,0.0,0.0,0.06051026666666667,0.0,0.0,0.0,0.8,normal,0,9.549490337736227
0.0,0.0,0.0,0.0,0.0,0.0,0.0,0.0,0.0,0.0,0.0,0.3333333333333333,0.0,0.0,0.0,0.16304093333333333,0.0,0.0,1.0,0.6,normal,0,22.658142714252847
1.0,1.0,1.0,0.0,1.0,0.0,1.0,0.0,0.0,0.0,0.0,1.0,1.0,1.0,1.0,1.0,1.6666666666666667,0.8277777777777777,0.0,1.0,compromised,1,96.11026843061633
0.0,0.0,0.0,0.0,0.0,0.0,0.0,0.0,0.0,0.0,0.0,0.0,0.0,0.0,0.0,0.0,0.0,0.0,0.0,0.4,normal,0,0.24990675400294693
1.0,1.0,1.0,0.0,1.0,0.0,0.0,0.0,0.0,0.0,1.0,0.0,0.0,0.0,0.0,0.0,1.3333333333333333,0.8777777777777778,0.0,0.6,compromised,1,93.97405126364715
0.0,0.0,0.0,0.0,0.0,1.0,0.0,0.0,0.0,0.0,1.0,0.3333333333333333,0.0,0.0,0.0,0.14013011681074258,0.3333333333333333,0.0,0.0,0.6,innocent_security_change,0,40.46900413765006
1.0,1.0,1.0,0.0,1.0,0.0,1.0,0.0,0.0,0.0,0.0,1.0,1.0,1.0,1.0,1.0,1.6666666666666667,0.8944444444444445,0.0,1.0,compromised,1,99.59305525308537
0.0,0.0,0.0,0.0,0.0,0.0,0.0,0.0,0.0,0.0,0.0,0.3333333333333333,0.0,0.0,0.0,0.0,0.0,0.0,0.0,0.5,normal,0,11.731768389802067
0.0,0.0,0.0,0.0,0.0,0.0,0.0,0.0,0.0,0.0,0.0,0.3333333333333333,0.0,0.0,0.0,0.1021726490609986,0.0,0.0,0.0,0.6,normal,0,9.336456087920617
0.0,0.0,0.0,0.0,0.0,0.0,0.0,0.0,0.0,0.0,0.0,0.3333333333333333,0.0,0.0,0.0,0.19105893333333335,0.0,0.0,1.0,0.6,normal,0,16.429340037820815
0.0,0.0,0.0,0.0,0.0,0.0,0.0,0.0,0.0,0.0,0.0,0.3333333333333333,0.0,0.0,0.0,0.0,0.0,0.0,0.0,0.5,normal,0,12.994983305176243
0.0,0.0,0.0,0.0,0.0,0.0,0.0,0.0,0.0,0.0,0.0,0.0,0.0,0.0,0.0,0.0,0.0,0.0,0.0,0.5,normal,0,2.764342506422216
0.0,0.0,0.0,0.0,0.0,0.0,0.0,0.0,0.0,0.0,1.0,0.0,0.0,0.0,0.0,0.0,0.0,0.0,0.0,0.4,normal,0,12.278885002569002
0.0,0.0,0.0,0.0,0.0,0.0,0.0,0.0,0.3333333333333333,1.0,0.0,0.3333333333333333,0.0,1.0,0.0,0.7060756,0.0,0.0,0.0,0.5,medium,0,49.0827239119859
0.0,0.0,0.0,0.0,0.0,0.0,0.0,0.0,0.3333333333333333,1.0,0.0,0.3333333333333333,0.0,1.0,0.0,0.6711173333333333,0.0,0.0,0.0,0.6,medium,0,47.27135003501294
0.0,1.0,0.0,0.0,0.0,0.0,0.0,0.0,0.0,0.0,0.0,0.3333333333333333,0.0,0.0,0.0,0.0997932,0.3333333333333333,0.0,0.0,0.4,innocent_security_change,0,38.50489162528578
0.0,1.0,0.0,0.0,0.0,0.0,0.0,0.0,0.0,0.0,0.0,0.3333333333333333,0.0,0.0,0.0,0.09101240000000001,0.3333333333333333,0.0,0.0,0.7,innocent_security_change,0,44.05113466539455
1.0,1.0,1.0,0.0,1.0,0.0,1.0,0.0,0.0,0.0,0.0,1.0,1.0,1.0,1.0,1.0,1.6666666666666667,0.8833333333333333,0.0,1.0,compromised,1,96.17973977205874
0.0,0.0,0.0,0.0,0.0,0.0,0.0,0.0,0.3333333333333333,1.0,0.0,0.3333333333333333,0.0,1.0,0.0,1.0,0.0,0.0,0.0,0.4,medium,0,49.97245219729111
0.0,0.0,0.0,0.0,0.0,0.0,0.0,0.0,0.0,0.0,0.0,0.3333333333333333,1.0,0.0,0.0,0.16129786666666668,0.0,0.0,0.0,0.6,normal,0,24.04531470764309
1.0,1.0,1.0,0.0,1.0,0.0,1.0,0.0,0.0,0.0,0.0,1.0,1.0,1.0,1.0,1.0,1.6666666666666667,0.9166666666666666,0.0,1.0,compromised,1,98.48135691278482
0.0,0.0,0.0,0.0,0.0,0.0,0.0,0.0,0.0,0.0,0.0,0.3333333333333333,0.0,0.0,0.0,0.0,0.0,0.0,0.0,0.6,normal,0,13.720486561894322
1.0,1.0,1.0,0.0,1.0,0.0,1.0,0.0,0.0,0.0,0.0,1.0,1.0,1.0,1.0,1.0,1.6666666666666667,0.8833333333333333,0.0,1.0,compromised,1,99.05812473873316
1.0,0.0,0.0,0.0,0.0,0.0,0.0,0.0,0.3333333333333333,1.0,0.0,0.3333333333333333,0.0,1.0,0.0,0.6283014666666666,0.3333333333333333,0.0,0.0,0.6,medium,0,74.54776489398745
0.0,0.0,0.0,0.0,0.0,0.0,0.0,0.0,0.0,0.0,0.0,0.3333333333333333,0.0,0.0,0.0,0.12384253333333334,0.0,0.0,0.0,0.6,normal,0,14.189078093766332
0.0,0.0,0.0,0.0,0.0,0.0,0.0,0.0,0.0,0.0,0.0,0.0,0.0,0.0,0.0,0.0,0.0,0.0,0.0,0.2,compromised,1,0.5316362220816752
1.0,0.0,0.0,0.0,0.0,0.0,0.0,0.0,0.3333333333333333,1.0,0.0,0.3333333333333333,0.0,1.0,0.0,0.7221838666666667,0.3333333333333333,0.0,0.0,0.9,medium,0,72.03796310057056
1.0,1.0,1.0,0.0,1.0,0.0,1.0,0.0,0.0,0.0,1.0,1.0,1.0,1.0,1.0,1.0,1.6666666666666667,0.9,0.0,1.0,compromised,1,95.41466049373913
0.0,0.0,0.0,0.0,0.0,0.0,0.0,0.0,0.0,0.0,1.0,0.3333333333333333,0.0,0.0,0.0,0.02322,0.0,0.0,0.0,0.6,normal,0,14.567828678986224
0.0,0.0,0.0,0.0,0.0,0.0,0.0,0.0,0.0,0.0,0.0,0.3333333333333333,0.0,0.0,0.0,0.16914306666666665,0.0,0.0,1.0,0.5,normal,0,24.282983530649368
0.0,0.0,0.0,0.0,0.0,0.0,0.0,0.0,0.0,0.0,0.0,0.0,0.0,0.0,0.0,0.0,0.0,0.0,0.0,0.4,normal,0,0.10916329640358846
0.0,0.0,0.0,0.0,0.0,0.0,0.0,0.0,0.0,0.0,0.0,0.3333333333333333,0.0,0.0,0.0,0.11884066666666666,0.0,0.0,0.0,0.6,normal,0,10.890270281960326
0.0,0.0,0.0,0.0,0.0,0.0,0.0,0.0,0.0,0.0,0.0,0.3333333333333333,0.0,0.0,0.0,0.08066319999999999,0.0,0.0,0.0,0.6,normal,0,10.258240763911386
0.0,0.0,0.0,0.0,0.0,0.0,0.0,0.0,0.0,0.0,0.0,0.0,0.0,0.0,0.0,0.0,0.0,0.0,0.0,0.5,normal,0,4.339558848050308
0.0,0.0,0.0,0.0,0.0,0.0,0.0,0.0,0.0,0.0,0.0,0.3333333333333333,0.0,0.0,0.0,0.12997373333333334,0.0,0.0,0.0,0.8,normal,0,14.902740012778995
0.0,0.0,0.0,0.0,0.0,0.0,0.0,0.0,0.3333333333333333,1.0,0.0,0.3333333333333333,0.0,1.0,0.0,1.0,0.0,0.0,0.0,0.5,medium,0,50.18336109239952
0.0,0.0,0.0,0.0,0.0,0.0,0.0,0.0,0.0,0.0,0.0,0.3333333333333333,0.0,0.0,0.0,0.0,0.0,0.0,0.0,0.6,normal,0,8.441621899440648
0.0,0.0,0.0,0.0,0.0,0.0,0.0,0.0,0.0,0.0,0.0,0.0,0.0,0.0,0.0,0.0,0.0,0.0,0.0,0.2,compromised,1,1.0262137614728597
0.0,0.0,0.0,1.0,0.0,0.0,0.0,0.0,0.0,0.0,0.0,0.3333333333333333,0.0,0.0,0.0,0.09231333333333333,0.3333333333333333,0.0,0.0,0.7,innocent_security_change,0,31.02988699257023
0.0,0.0,0.0,0.0,0.0,0.0,0.0,0.0,0.0,0.0,0.0,0.3333333333333333,0.0,0.0,0.0,0.09945960000000001,0.0,0.0,0.0,0.6,normal,0,10.571677577229103
0.0,0.0,0.0,0.0,0.0,0.0,0.0,0.0,0.3333333333333333,1.0,1.0,0.3333333333333333,0.0,1.0,0.0,0.5810378666666666,0.0,0.0,0.0,0.6,medium,0,54.852427165132006
1.0,1.0,1.0,0.0,1.0,0.0,1.0,0.0,0.0,0.0,1.0,0.6666666666666666,1.0,1.0,0.0,1.0,1.6666666666666667,0.8666666666666667,0.0,0.9,compromised,1,98.57501529570868
0.0,0.0,0.0,0.0,0.0,0.0,0.0,0.0,0.0,0.0,0.0,0.0,0.0,0.0,0.0,0.0,0.0,0.0,0.0,0.6,normal,0,6.106994064358291
0.0,0.0,0.0,0.0,0.0,0.0,0.0,0.0,0.0,0.0,0.0,0.3333333333333333,0.0,0.0,0.0,0.17799879999999998,0.0,0.0,1.0,0.6,normal,0,21.488922299775105
1.0,0.0,0.0,0.0,0.0,0.0,0.0,0.0,0.3333333333333333,1.0,1.0,0.3333333333333333,0.0,1.0,0.0,0.7612698666666666,0.3333333333333333,0.0,0.0,0.8,medium,0,79.70590143048193
0.0,0.0,0.0,1.0,0.0,0.0,0.0,0.0,0.0,0.0,1.0,0.3333333333333333,0.0,0.0,0.0,0.1168068,0.3333333333333333,0.0,0.0,0.7,innocent_security_change,0,38.19932467682405
0.0,0.0,0.0,0.0,0.0,0.0,0.0,0.0,0.3333333333333333,1.0,1.0,0.3333333333333333,0.0,1.0,0.0,0.4156592,0.0,0.0,0.0,0.9,medium,0,47.481881122442836
0.0,0.0,0.0,0.0,0.0,0.0,0.0,0.0,0.3333333333333333,1.0,0.0,0.3333333333333333,0.0,1.0,0.0,1.0,0.0,0.0,0.0,0.4,medium,0,48.652071756469624
0.0,0.0,0.0,0.0,0.0,0.0,0.0,0.0,0.0,0.0,0.0,0.0,0.0,0.0,0.0,0.0,0.0,0.0,0.0,0.5,normal,0,1.9426498690479828
0.0,0.0,0.0,0.0,0.0,0.0,0.0,0.0,0.0,0.0,1.0,0.0,0.0,0.0,0.0,0.0,0.0,0.0,0.0,0.5,normal,0,12.215539244865974
0.0,0.0,0.0,0.0,0.0,0.0,0.0,0.0,0.0,0.0,0.0,0.0,0.0,0.0,0.0,0.0,0.0,0.0,0.0,0.3,compromised,1,3.6240987386508854
0.0,0.0,0.0,0.0,0.0,0.0,0.0,0.0,0.0,0.0,0.0,0.3333333333333333,0.0,0.0,0.0,0.0,0.0,0.0,0.0,0.5,normal,0,12.337356853871615
0.0,0.0,0.0,0.0,0.0,0.0,0.0,0.0,0.0,0.0,0.0,0.3333333333333333,0.0,0.0,0.0,0.032046,0.0,0.0,0.0,0.6,normal,0,10.37149772936811
1.0,0.0,0.0,0.0,0.0,0.0,0.0,0.0,0.3333333333333333,1.0,1.0,0.3333333333333333,0.0,1.0,0.0,1.0,0.3333333333333333,0.0,0.0,0.8,medium,0,78.33702662307817
1.0,1.0,1.0,0.0,1.0,0.0,1.0,0.0,0.0,0.0,0.0,1.0,1.0,1.0,1.0,1.0,1.6666666666666667,0.8888888888888888,0.0,1.0,compromised,1,100.0
0.0,0.0,0.0,0.0,0.0,0.0,0.0,0.0,0.0,0.0,0.0,0.0,0.0,0.0,0.0,0.0,0.0,0.0,0.0,0.4,normal,0,3.469067159429217
0.0,0.0,0.0,0.0,0.0,0.0,0.0,0.0,0.0,0.0,0.0,0.0,0.0,0.0,0.0,0.0,0.0,0.0,0.0,0.4,normal,0,9.371391996158783
0.0,0.0,0.0,0.0,0.0,0.0,0.0,0.0,0.0,0.0,0.0,0.0,0.0,0.0,0.0,0.0,0.0,0.0,0.0,0.4,normal,0,4.280958324786656
0.0,0.0,0.0,1.0,0.0,0.0,0.0,0.0,0.0,0.0,0.0,0.3333333333333333,0.0,0.0,0.0,1.0,0.3333333333333333,0.0,1.0,0.5,innocent_security_change,0,39.028409500852874
1.0,1.0,1.0,0.0,1.0,0.0,1.0,0.0,0.0,0.0,0.0,1.0,1.0,1.0,1.0,1.0,1.6666666666666667,0.8833333333333333,0.0,1.0,compromised,1,99.67188940077043
1.0,1.0,1.0,0.0,1.0,0.0,1.0,0.0,0.0,0.0,1.0,1.0,1.0,1.0,1.0,1.0,1.6666666666666667,0.8888888888888888,0.0,1.0,compromised,1,98.97319072452649
1.0,0.0,0.0,0.0,0.0,0.0,0.0,0.0,0.3333333333333333,1.0,1.0,0.3333333333333333,0.0,1.0,0.0,1.0,0.3333333333333333,0.0,0.0,0.8,medium,0,80.78932597678764
0.0,0.0,0.0,0.0,0.0,0.0,0.0,0.0,0.0,0.0,1.0,0.0,0.0,0.0,0.0,0.0,0.0,0.0,0.0,0.5,normal,0,15.220034327415261
0.0,0.0,0.0,0.0,0.0,0.0,0.0,0.0,0.0,0.0,0.0,0.3333333333333333,0.0,0.0,0.0,0.0,0.0,0.0,0.0,0.5,normal,0,8.895509215328092
1.0,0.0,0.0,0.0,0.0,0.0,0.0,0.0,0.0,1.0,0.0,0.3333333333333333,0.0,1.0,0.0,0.4968330666666667,0.3333333333333333,0.0,0.0,0.7,medium,0,68.47465657521752
0.0,0.0,0.0,0.0,0.0,0.0,0.0,0.0,0.3333333333333333,1.0,0.0,0.3333333333333333,0.0,1.0,0.0,0.7233290666666666,0.0,0.0,0.0,0.5,medium,0,45.375624583530694
0.0,0.0,0.0,0.0,0.0,0.0,0.0,0.0,0.0,0.0,0.0,0.3333333333333333,0.0,0.0,0.0,0.0,0.0,0.0,0.0,0.6,normal,0,7.773014360339743
1.0,1.0,1.0,0.0,1.0,0.0,1.0,0.0,0.0,0.0,0.0,1.0,1.0,1.0,1.0,1.0,1.6666666666666667,0.8666666666666667,0.0,1.0,compromised,1,96.32647843523847
0.0,0.0,0.0,0.0,0.0,0.0,0.0,0.0,0.3333333333333333,1.0,1.0,0.3333333333333333,0.0,1.0,0.0,0.5672634666666667,0.0,0.0,0.0,0.8,medium,0,52.918292996235394
0.0,0.0,0.0,0.0,0.0,0.0,0.0,0.0,0.0,0.0,0.0,0.0,0.0,0.0,0.0,0.0,0.0,0.0,0.0,0.5,normal,0,7.74580336440607
0.0,0.0,0.0,0.0,0.0,0.0,0.0,0.0,0.0,0.0,1.0,0.0,0.0,0.0,0.0,0.0,0.0,0.0,0.0,0.4,normal,0,13.892646368264073
0.0,0.0,0.0,0.0,0.0,0.0,0.0,0.0,0.0,0.0,0.0,0.3333333333333333,0.0,0.0,0.0,0.10697933333333333,0.0,0.0,0.0,0.6,normal,0,8.300779458156015
0.0,0.0,0.0,0.0,0.0,0.0,0.0,0.0,0.3333333333333333,1.0,0.0,0.3333333333333333,0.0,1.0,0.0,0.5184904,0.0,0.0,0.0,0.9,medium,0,46.97159880778785
1.0,0.0,0.0,0.0,0.0,0.0,0.0,0.0,0.3333333333333333,1.0,0.0,0.3333333333333333,0.0,1.0,0.0,0.5081773333333334,0.3333333333333333,0.0,0.0,0.8,medium,0,76.115046891755
0.0,0.0,0.0,0.0,0.0,0.0,0.0,0.0,0.0,0.0,0.0,0.3333333333333333,0.0,0.0,0.0,0.05076133333333333,0.0,0.0,0.0,0.5,normal,0,8.384835377818485
1.0,0.0,0.0,0.0,0.0,0.0,0.0,0.0,0.3333333333333333,1.0,1.0,0.3333333333333333,0.0,1.0,0.0,0.6516942666666666,0.3333333333333333,0.0,1.0,0.9,medium,0,78.27106284433611
1.0,1.0,1.0,0.0,1.0,0.0,1.0,0.0,0.0,0.0,0.0,1.0,1.0,1.0,1.0,1.0,1.6666666666666667,0.8944444444444445,0.0,1.0,compromised,1,97.83239246324568
1.0,1.0,1.0,0.0,1.0,0.0,0.0,0.0,0.0,0.0,0.0,0.0,0.0,0.0,0.0,0.0,1.3333333333333333,0.9055555555555556,0.0,0.6,compromised,1,89.88708954412557
0.0,0.0,0.0,0.0,0.0,0.0,0.0,0.0,0.0,0.0,0.0,0.0,0.0,0.0,0.0,0.0,0.0,0.0,0.0,0.6,normal,0,5.8905006838433955
0.0,0.0,0.0,0.0,0.0,0.0,0.0,0.0,0.0,0.0,0.0,0.0,0.0,0.0,0.0,0.0,0.0,0.0,0.0,0.4,normal,0,2.564813839188342
0.0,0.0,0.0,0.0,0.0,0.0,0.0,0.0,0.0,0.0,0.0,0.0,0.0,0.0,0.0,0.0,0.0,0.0,0.0,0.4,normal,0,3.916015320475365
0.0,0.0,0.0,0.0,0.0,0.0,0.0,0.0,0.0,0.0,1.0,0.3333333333333333,0.0,0.0,0.0,0.1560996,0.0,0.0,0.0,0.8,normal,0,19.946674276372416
0.0,0.0,0.0,0.0,0.0,0.0,0.0,0.0,0.0,0.0,0.0,0.3333333333333333,0.0,0.0,0.0,0.05911786666666667,0.0,0.0,0.0,0.5,normal,0,8.925085236005234
0.0,0.0,0.0,0.0,0.0,0.0,0.0,0.0,0.0,0.0,0.0,0.0,0.0,0.0,0.0,0.0,0.0,0.0,0.0,0.5,normal,0,5.376995498096983
0.0,0.0,0.0,0.0,0.0,0.0,0.0,0.0,0.3333333333333333,1.0,0.0,0.3333333333333333,0.0,1.0,0.0,0.7802730666666667,0.0,0.0,0.0,0.4,medium,0,45.020717061971055
0.0,0.0,0.0,0.0,0.0,0.0,0.0,0.0,0.0,0.0,1.0,0.3333333333333333,0.0,0.0,0.0,0.06150306666666666,0.0,0.0,0.0,0.7,normal,0,24.828443214655206
0.0,0.0,0.0,0.0,0.0,0.0,0.0,0.0,0.0,0.0,0.0,0.3333333333333333,1.0,0.0,0.0,0.1758104,0.0,0.0,0.0,0.7,normal,0,23.61442059443652
1.0,1.0,1.0,0.0,1.0,0.0,1.0,0.0,0.0,0.0,1.0,1.0,1.0,1.0,1.0,1.0,1.6666666666666667,0.8777777777777778,0.0,0.9,compromised,1,98.56110005341398
0.0,0.0,0.0,0.0,0.0,0.0,0.0,0.0,0.3333333333333333,1.0,1.0,0.3333333333333333,0.0,1.0,0.0,0.4020996,0.0,0.0,0.0,0.4,medium,0,51.12971840688913
0.0,0.0,0.0,0.0,0.0,0.0,0.0,0.0,0.3333333333333333,1.0,0.0,0.3333333333333333,0.0,1.0,0.0,0.4013741333333333,0.0,0.0,0.0,0.8,medium,0,40.982029418192134
1.0,1.0,1.0,0.0,1.0,0.0,1.0,0.0,0.0,0.0,1.0,1.0,1.0,1.0,1.0,1.0,1.6666666666666667,0.8888888888888888,0.0,1.0,compromised,1,93.61827273236761
1.0,1.0,1.0,0.0,1.0,0.0,1.0,0.0,0.0,0.0,0.0,1.0,1.0,1.0,1.0,1.0,1.6666666666666667,0.9111111111111111,0.0,1.1,compromised,1,94.0080890357509
0.0,0.0,0.0,0.0,0.0,0.0,0.0,0.0,0.0,0.0,0.0,0.3333333333333333,0.0,0.0,0.0,0.066064,0.0,0.0,0.0,0.6,normal,0,13.917434478260576
1.0,0.0,0.0,0.0,0.0,0.0,0.0,0.0,0.3333333333333333,1.0,0.0,0.3333333333333333,0.0,1.0,0.0,0.7697814666666667,0.3333333333333333,0.0,0.0,0.7,medium,0,72.55844884389187
0.0,0.0,0.0,0.0,0.0,0.0,0.0,0.0,0.0,0.0,0.0,0.3333333333333333,0.0,0.0,0.0,0.019636266666666666,0.0,0.0,0.0,0.6,normal,0,16.551790703828832
0.0,0.0,0.0,0.0,0.0,0.0,0.0,0.0,0.0,0.0,0.0,0.3333333333333333,0.0,0.0,0.0,1.0,0.0,0.0,0.0,0.7,normal,0,21.250216051261365
1.0,0.0,0.0,0.0,0.0,0.0,0.0,0.0,0.3333333333333333,1.0,0.0,0.3333333333333333,0.0,1.0,0.0,1.0,0.3333333333333333,0.0,0.0,0.7,medium,0,75.25773978846983
1.0,0.0,0.0,0.0,0.0,0.0,0.0,0.0,0.3333333333333333,1.0,0.0,0.3333333333333333,0.0,1.0,0.0,0.4409930666666667,0.3333333333333333,0.0,0.0,0.7,medium,0,76.51670647831068
1.0,0.0,0.0,0.0,0.0,0.0,0.0,0.0,0.3333333333333333,1.0,1.0,0.3333333333333333,0.0,1.0,0.0,1.0,0.3333333333333333,0.0,0.0,0.7,medium,0,82.41641750423591
0.0,0.0,0.0,0.0,0.0,0.0,0.0,0.0,0.0,0.0,0.0,0.3333333333333333,0.0,0.0,0.0,0.08126946666666666,0.0,0.0,0.0,0.5,normal,0,15.461947583959027
0.0,0.0,0.0,0.0,0.0,0.0,0.0,0.0,0.3333333333333333,1.0,0.0,0.3333333333333333,0.0,1.0,0.0,0.5285590666666666,0.0,0.0,0.0,0.8,medium,0,48.56563765033376
0.0,0.0,0.0,0.0,0.0,0.0,0.0,0.0,0.0,0.0,1.0,0.3333333333333333,0.0,0.0,0.0,0.05376826666666667,0.0,0.0,0.0,0.7,normal,0,22.981709574010527
1.0,0.0,0.0,0.0,0.0,0.0,0.0,0.0,0.0,1.0,1.0,0.3333333333333333,0.0,1.0,0.0,0.609358,0.3333333333333333,0.0,0.0,0.7,medium,0,76.37290456169048
0.0,0.0,0.0,0.0,0.0,0.0,0.0,0.0,0.0,0.0,0.0,0.3333333333333333,0.0,0.0,0.0,0.1873516,0.0,0.0,1.0,0.5,normal,0,21.302237360414384
0.0,0.0,0.0,1.0,0.0,0.0,0.0,0.0,0.0,0.0,0.0,0.3333333333333333,0.0,0.0,0.0,0.030569866666666664,0.3333333333333333,0.0,0.0,0.6,innocent_security_change,0,27.803724559241694
0.0,0.0,0.0,0.0,0.0,0.0,0.0,0.0,0.0,0.0,0.0,0.3333333333333333,0.0,0.0,0.0,0.0390684,0.0,0.0,0.0,0.6,normal,0,8.364379267126887
0.0,0.0,0.0,0.0,0.0,0.0,0.0,0.0,0.0,0.0,1.0,0.3333333333333333,0.0,0.0,0.0,0.0,0.0,0.0,1.0,0.7,innocent_security_change,0,26.757912415121208
0.0,0.0,0.0,1.0,0.0,0.0,0.0,0.0,0.0,0.0,1.0,0.3333333333333333,0.0,0.0,0.0,0.0872608,0.3333333333333333,0.0,0.0,0.6,innocent_security_change,0,36.59683587324607
0.0,0.0,0.0,0.0,0.0,1.0,0.0,0.0,0.0,0.0,0.0,0.0,0.0,0.0,0.0,0.0,0.3333333333333333,0.0,0.0,0.3,innocent_security_change,0,21.62145257508779
1.0,1.0,1.0,0.0,1.0,0.0,1.0,0.0,0.0,0.0,0.0,1.0,1.0,1.0,1.0,1.0,1.6666666666666667,0.8777777777777778,0.0,1.0,compromised,1,99.52592699265936
0.0,0.0,0.0,0.0,0.0,0.0,0.0,0.0,0.0,0.0,0.0,0.0,0.0,0.0,0.0,0.0,0.0,0.0,0.0,0.5,normal,0,5.959305124953833
0.0,0.0,0.0,0.0,0.0,0.0,0.0,0.0,0.0,0.0,0.0,0.0,0.0,0.0,0.0,0.0,0.0,0.0,0.0,0.5,normal,0,3.7920593192571737
0.0,0.0,0.0,0.0,0.0,0.0,0.0,0.0,0.0,0.0,1.0,0.3333333333333333,0.0,0.0,0.0,0.13079426666666666,0.0,0.0,0.0,0.6,normal,0,24.427591611382457
0.0,0.0,0.0,0.0,0.0,0.0,0.0,0.0,0.0,0.0,0.0,0.0,0.0,0.0,0.0,0.0,0.0,0.0,0.0,0.5,normal,0,0.7168193181937927
1.0,1.0,1.0,0.0,1.0,0.0,0.0,0.0,0.0,0.0,1.0,0.0,0.0,0.0,0.0,0.0,1.3333333333333333,0.9444444444444444,0.0,0.6,compromised,1,92.28978049482997
0.0,0.0,0.0,0.0,0.0,0.0,0.0,0.0,0.0,0.0,0.0,0.0,0.0,0.0,0.0,0.0,0.0,0.0,0.0,0.3,normal,0,0.3661328902561398
0.0,0.0,0.0,0.0,0.0,1.0,0.0,0.0,0.0,0.0,0.0,0.3333333333333333,0.0,0.0,0.0,0.0,0.3333333333333333,0.0,0.0,0.6,innocent_security_change,0,24.199750707017152
0.0,0.0,0.0,0.0,0.0,0.0,0.0,0.0,0.0,0.0,0.0,0.3333333333333333,0.0,0.0,0.0,0.15468226666666668,0.0,0.0,0.0,0.5,normal,0,11.054140931607272
0.0,0.0,0.0,0.0,0.0,0.0,0.0,0.0,0.0,0.0,1.0,0.3333333333333333,0.0,0.0,0.0,0.4594503687617663,0.0,0.0,0.0,0.6,normal,0,24.129535899966957
0.0,0.0,0.0,0.0,0.0,0.0,0.0,0.0,0.0,0.0,0.0,0.3333333333333333,0.0,0.0,0.0,0.15146546666666666,0.0,0.0,0.0,0.6,normal,0,15.646271891832484
0.0,0.0,0.0,0.0,0.0,0.0,0.0,0.0,0.0,0.0,0.0,0.3333333333333333,0.0,0.0,0.0,0.0,0.0,0.0,0.0,0.6,normal,0,11.476344707249936
0.0,0.0,0.0,0.0,0.0,0.0,0.0,0.0,0.0,0.0,0.0,0.3333333333333333,1.0,0.0,0.0,0.18152680000000002,0.0,0.0,0.0,0.7,normal,0,22.11570002922799
0.0,0.0,0.0,0.0,0.0,0.0,0.0,0.0,0.3333333333333333,1.0,0.0,0.3333333333333333,0.0,1.0,0.0,1.0,0.0,0.0,0.0,0.7,medium,0,53.417833524172686
0.0,0.0,0.0,0.0,0.0,0.0,0.0,0.0,0.0,0.0,0.0,0.3333333333333333,0.0,0.0,0.0,0.08147626666666667,0.0,0.0,0.0,0.7,normal,0,14.658597754018665
0.0,0.0,0.0,0.0,0.0,0.0,0.0,0.0,0.3333333333333333,1.0,0.0,0.3333333333333333,0.0,1.0,0.0,0.6721922666666666,0.0,0.0,0.0,0.6,medium,0,47.34448036272692
0.0,0.0,0.0,0.0,0.0,0.0,0.0,0.0,0.0,0.0,0.0,0.0,0.0,0.0,0.0,0.0,0.0,0.0,0.0,0.4,normal,0,2.3009739635832163
0.0,0.0,0.0,0.0,0.0,0.0,0.0,0.0,0.3333333333333333,1.0,0.0,0.3333333333333333,0.0,1.0,0.0,0.6988605333333333,0.0,0.0,0.0,0.8,medium,0,44.4784723285358
0.0,0.0,0.0,0.0,0.0,0.0,0.0,0.0,0.0,0.0,0.0,0.0,0.0,0.0,0.0,0.0,0.0,0.0,0.0,0.5,normal,0,2.6405251633499227
1.0,0.0,0.0,0.0,0.0,0.0,0.0,0.0,0.3333333333333333,1.0,1.0,0.3333333333333333,0.0,1.0,0.0,0.43201039999999996,0.3333333333333333,0.0,0.0,0.8,medium,0,78.35458785118249
0.0,0.0,0.0,0.0,0.0,0.0,0.0,0.0,0.0,0.0,0.0,0.3333333333333333,0.0,0.0,0.0,0.12211146666666667,0.0,0.0,0.0,0.6,normal,0,16.196991127274167
1.0,0.0,0.0,0.0,0.0,0.0,0.0,0.0,0.3333333333333333,1.0,0.0,0.3333333333333333,0.0,1.0,0.0,1.0,0.3333333333333333,0.0,0.0,0.5,medium,0,78.2851928293704
0.0,0.0,0.0,0.0,0.0,0.0,0.0,0.0,0.0,0.0,0.0,0.3333333333333333,1.0,0.0,0.0,0.18645733333333334,0.0,0.0,0.0,0.7,normal,0,23.508044048658746
0.0,0.0,0.0,0.0,0.0,0.0,0.0,0.0,0.0,0.0,0.0,0.0,0.0,0.0,0.0,0.0,0.0,0.0,0.0,0.5,normal,0,0.771998520305027
0.0,0.0,0.0,0.0,0.0,0.0,0.0,0.0,0.0,0.0,0.0,0.3333333333333333,1.0,0.0,0.0,0.26670143068391233,0.0,0.0,0.0,0.6,normal,0,25.4127785979134
0.0,0.0,0.0,0.0,0.0,0.0,0.0,0.0,0.0,0.0,0.0,0.3333333333333333,0.0,0.0,0.0,0.011832800000000001,0.0,0.0,0.0,0.6,normal,0,5.6331591063408935
1.0,0.0,0.0,0.0,0.0,0.0,0.0,0.0,0.3333333333333333,1.0,0.0,0.3333333333333333,0.0,1.0,0.0,0.7812009333333333,0.3333333333333333,0.0,0.0,0.6,medium,0,74.5993504032973
0.0,0.0,0.0,0.0,0.0,0.0,0.0,0.0,0.0,0.0,0.0,0.3333333333333333,0.0,0.0,0.0,0.14600066666666667,0.0,0.0,0.0,0.8,normal,0,12.697285933878884
0.0,0.0,0.0,0.0,0.0,0.0,0.0,0.0,0.0,0.0,0.0,0.3333333333333333,0.0,0.0,0.0,0.10874293333333333,0.0,0.0,0.0,0.7,normal,0,10.790803883657771
0.0,0.0,0.0,0.0,0.0,0.0,0.0,0.0,0.3333333333333333,1.0,0.0,0.3333333333333333,0.0,1.0,0.0,1.0,0.0,0.0,0.0,0.4,medium,0,43.66609420892103
0.0,0.0,0.0,0.0,0.0,0.0,0.0,0.0,0.0,0.0,0.0,0.3333333333333333,0.0,0.0,0.0,0.13787106666666665,0.0,0.0,0.0,0.7,normal,0,13.612133266631
0.0,0.0,0.0,0.0,0.0,0.0,0.0,0.0,0.0,0.0,0.0,0.3333333333333333,0.0,0.0,0.0,0.13811653333333332,0.0,0.0,0.0,0.7,normal,0,10.999511102764007
0.0,0.0,0.0,1.0,0.0,0.0,0.0,0.0,0.0,0.0,0.0,0.3333333333333333,0.0,0.0,0.0,0.1187716,0.3333333333333333,0.0,0.0,0.6,innocent_security_change,0,27.159645945797116
1.0,0.0,0.0,0.0,0.0,0.0,0.0,0.0,0.3333333333333333,1.0,0.0,0.3333333333333333,0.0,1.0,0.0,1.0,0.3333333333333333,0.0,0.0,0.8,medium,0,67.79834025656436
0.0,0.0,0.0,0.0,0.0,0.0,0.0,0.0,0.3333333333333333,1.0,0.0,0.0,0.0,0.0,0.0,0.0,0.0,0.0,0.0,0.6,medium,0,23.893396998460403
0.0,0.0,0.0,0.0,0.0,0.0,0.0,0.0,0.0,0.0,0.0,0.3333333333333333,0.0,0.0,0.0,0.0471168,0.0,0.0,0.0,0.7,normal,0,15.593766523474397
0.0,0.0,0.0,0.0,0.0,0.0,0.0,0.0,0.0,0.0,0.0,0.0,0.0,0.0,0.0,0.0,0.0,0.0,0.0,0.4,normal,0,7.020332247077471
0.0,0.0,0.0,0.0,0.0,0.0,0.0,0.0,0.0,0.0,0.0,0.3333333333333333,0.0,0.0,0.0,0.1773988,0.0,0.0,1.0,0.6,normal,0,18.68198167681754
0.0,0.0,0.0,0.0,0.0,0.0,0.0,0.0,0.0,0.0,1.0,0.3333333333333333,0.0,0.0,0.0,0.06276933333333333,0.0,0.0,0.0,0.5,normal,0,17.855704377086514
1.0,1.0,1.0,0.0,1.0,0.0,1.0,0.0,0.0,0.0,1.0,1.0,1.0,1.0,1.0,1.0,1.6666666666666667,0.8833333333333333,0.0,1.0,compromised,1,99.18902829202361
0.0,0.0,0.0,1.0,0.0,0.0,0.0,0.0,0.0,0.0,1.0,0.3333333333333333,0.0,0.0,0.0,0.0,0.3333333333333333,0.0,0.0,0.7,innocent_security_change,0,34.18408363837814
0.0,0.0,0.0,0.0,0.0,0.0,0.0,0.0,0.0,0.0,0.0,0.3333333333333333,0.0,0.0,0.0,0.1197512,0.0,0.0,0.0,0.6,normal,0,12.209611856706903
0.0,0.0,0.0,0.0,0.0,0.0,0.0,0.0,0.0,0.0,0.0,0.3333333333333333,1.0,0.0,0.0,0.18608573333333334,0.0,0.0,0.0,0.6,normal,0,26.09185768469786
0.0,0.0,0.0,0.0,0.0,0.0,0.0,0.0,0.0,0.0,0.0,0.3333333333333333,0.0,0.0,0.0,0.016461466666666664,0.0,0.0,0.0,0.6,normal,0,13.182127124331338
0.0,0.0,0.0,0.0,0.0,0.0,0.0,0.0,0.0,0.0,0.0,0.3333333333333333,0.0,0.0,0.0,0.016772533333333332,0.0,0.0,0.0,0.7,normal,0,10.519785474507175
1.0,0.0,0.0,0.0,0.0,0.0,0.0,0.0,0.3333333333333333,1.0,0.0,0.3333333333333333,0.0,1.0,0.0,0.5857965333333333,0.3333333333333333,0.0,0.0,0.6,medium,0,72.5266476637279
1.0,1.0,1.0,0.0,1.0,0.0,1.0,0.0,0.0,0.0,0.0,0.0,0.0,0.0,0.0,0.0,1.6666666666666667,0.9055555555555556,0.0,0.7,compromised,1,92.43016571331731
0.0,0.0,0.0,0.0,0.0,0.0,0.0,0.0,0.0,0.0,0.0,0.3333333333333333,0.0,0.0,0.0,0.1126124,0.0,0.0,0.0,0.6,normal,0,9.295941055398295
0.0,0.0,0.0,0.0,0.0,0.0,0.0,0.0,0.0,0.0,0.0,0.3333333333333333,0.0,0.0,0.0,0.0223212,0.0,0.0,0.0,0.5,normal,0,8.969641065048995
0.0,0.0,0.0,0.0,0.0,0.0,0.0,0.0,0.0,0.0,1.0,0.0,0.0,0.0,0.0,0.0,0.0,0.0,0.0,0.5,normal,0,14.45549471628081
0.0,0.0,0.0,0.0,0.0,0.0,0.0,0.0,0.0,0.0,1.0,0.0,0.0,0.0,0.0,0.0,0.0,0.0,0.0,0.5,normal,0,15.821042514823489
0.0,0.0,0.0,0.0,0.0,0.0,0.0,0.0,0.0,0.0,0.0,0.0,0.0,0.0,0.0,0.0,0.0,0.0,0.0,0.5,normal,0,1.563094726826693
1.0,1.0,1.0,0.0,1.0,0.0,1.0,0.0,0.0,0.0,0.0,1.0,1.0,1.0,1.0,1.0,1.6666666666666667,0.8777777777777778,0.0,1.0,compromised,1,100.0
0.0,0.0,0.0,0.0,0.0,1.0,0.0,0.0,0.0,0.0,0.0,0.3333333333333333,0.0,0.0,0.0,0.060130800000000005,0.3333333333333333,0.0,0.0,0.5,innocent_security_change,0,28.293026911642215
0.0,0.0,0.0,0.0,0.0,0.0,0.0,0.0,0.0,0.0,0.0,0.3333333333333333,0.0,0.0,0.0,0.148924,0.0,0.0,0.0,0.7,normal,0,12.415551529850402
0.0,0.0,0.0,0.0,0.0,0.0,0.0,0.0,0.0,0.0,0.0,0.3333333333333333,0.0,0.0,0.0,0.055531333333333335,0.0,0.0,0.0,0.5,normal,0,8.103748332443994
0.0,0.0,0.0,0.0,0.0,0.0,0.0,0.0,0.0,0.0,0.0,0.3333333333333333,0.0,0.0,0.0,0.0155836,0.0,0.0,0.0,0.5,normal,0,3.3865379934322286
0.0,0.0,0.0,0.0,0.0,0.0,0.0,0.0,0.0,0.0,0.0,0.3333333333333333,0.0,0.0,0.0,0.024850266666666666,0.0,0.0,0.0,0.5,normal,0,11.779224195777498
0.0,0.0,0.0,0.0,0.0,0.0,0.0,0.0,0.0,0.0,1.0,0.3333333333333333,0.0,0.0,0.0,0.18732413333333334,0.0,0.0,1.0,0.8,normal,0,31.093339083328978
1.0,0.0,0.0,0.0,0.0,0.0,0.0,0.0,0.0,0.0,1.0,0.0,0.0,0.0,0.0,0.0,0.3333333333333333,0.0,0.0,0.3,compromised,1,56.12562876429649
0.0,0.0,0.0,0.0,0.0,0.0,0.0,0.0,0.0,0.0,0.0,0.3333333333333333,0.0,0.0,0.0,0.12785693333333334,0.0,0.0,0.0,0.5,normal,0,11.08139469226431
0.0,0.0,0.0,0.0,0.0,0.0,0.0,0.0,0.3333333333333333,1.0,0.0,0.3333333333333333,0.0,1.0,0.0,1.0,0.0,0.0,0.0,0.4,medium,0,48.942699921348265
0.0,0.0,0.0,0.0,0.0,0.0,0.0,0.0,0.0,0.0,0.0,0.3333333333333333,0.0,0.0,0.0,0.0,0.0,0.0,0.0,0.7,normal,0,6.645851497176533
1.0,0.0,0.0,0.0,0.0,0.0,0.0,0.0,0.0,0.0,0.0,0.0,0.0,0.0,0.0,0.0,0.3333333333333333,0.0,0.0,0.3,compromised,1,50.530259298242456
1.0,1.0,0.0,0.0,0.0,0.0,0.0,0.0,0.0,0.0,0.0,0.0,0.0,0.0,0.0,0.0,0.6666666666666666,0.8666666666666667,0.0,0.5,compromised,1,76.35067555373509
0.0,0.0,0.0,0.0,0.0,0.0,0.0,0.0,0.0,0.0,0.0,0.3333333333333333,0.0,0.0,0.0,0.030432933333333332,0.0,0.0,0.0,0.5,normal,0,6.506789415079437
0.0,0.0,0.0,0.0,0.0,0.0,0.0,0.0,0.0,0.0,0.0,0.3333333333333333,1.0,0.0,0.0,0.5000065130632247,0.0,0.0,0.0,0.6,normal,0,28.29488267390873
1.0,0.0,0.0,0.0,0.0,0.0,0.0,0.0,0.3333333333333333,1.0,0.0,0.3333333333333333,0.0,1.0,0.0,1.0,0.3333333333333333,0.0,0.0,0.7,medium,0,71.40490701891873
0.0,1.0,0.0,0.0,0.0,0.0,0.0,0.0,0.0,0.0,1.0,0.0,0.0,0.0,0.0,0.0,0.3333333333333333,0.0,0.0,0.5,innocent_security_change,0,41.06190174630451
0.0,0.0,0.0,0.0,0.0,0.0,0.0,0.0,0.0,0.0,0.0,0.0,0.0,0.0,0.0,0.0,0.0,0.0,0.0,0.5,normal,0,3.4819383977838463
0.0,0.0,0.0,0.0,0.0,0.0,0.0,0.0,0.3333333333333333,1.0,0.0,0.3333333333333333,0.0,1.0,0.0,1.0,0.0,0.0,0.0,0.6,medium,0,44.37092460275346
0.0,0.0,0.0,0.0,0.0,0.0,0.0,0.0,0.0,0.0,1.0,0.3333333333333333,0.0,0.0,0.0,0.12828213333333333,0.0,0.0,0.0,0.7,normal,0,24.191245920462496
1.0,0.0,0.0,0.0,0.0,0.0,0.0,0.0,0.3333333333333333,1.0,1.0,0.3333333333333333,0.0,1.0,0.0,1.0,0.3333333333333333,0.0,0.0,0.6,medium,0,75.39975221962361
0.0,0.0,0.0,0.0,0.0,0.0,0.0,0.0,0.0,0.0,0.0,0.3333333333333333,0.0,0.0,0.0,0.021270933333333332,0.0,0.0,0.0,0.6,normal,0,8.15202096880154
1.0,1.0,1.0,0.0,1.0,0.0,1.0,0.0,0.0,0.0,0.0,1.0,1.0,1.0,1.0,1.0,1.6666666666666667,0.8666666666666667,0.0,1.0,compromised,1,98.27921005282764
0.0,0.0,0.0,0.0,0.0,0.0,0.0,0.0,0.0,0.0,0.0,0.3333333333333333,0.0,0.0,0.0,0.16491866666666666,0.0,0.0,1.0,0.7,normal,0,23.132675285435962
0.0,0.0,0.0,0.0,0.0,0.0,0.0,0.0,0.0,0.0,0.0,0.3333333333333333,1.0,0.0,0.0,0.31283762410720717,0.0,0.0,0.0,0.8,normal,0,24.097123681897177
0.0,0.0,0.0,0.0,0.0,0.0,0.0,0.0,0.0,0.0,0.0,0.3333333333333333,0.0,0.0,0.0,0.13752813333333333,0.0,0.0,0.0,0.6,normal,0,11.837989611010132
0.0,0.0,0.0,0.0,0.0,0.0,0.0,0.0,0.0,0.0,0.0,0.3333333333333333,0.0,0.0,0.0,0.19252786666666666,0.0,0.0,1.0,0.8,normal,0,22.228203173126577
0.0,0.0,0.0,0.0,0.0,0.0,0.0,0.0,0.0,0.0,0.0,0.0,0.0,0.0,0.0,0.0,0.0,0.0,0.0,0.4,normal,0,4.599948228865657
0.0,0.0,0.0,0.0,0.0,0.0,0.0,0.0,0.0,0.0,0.0,0.3333333333333333,0.0,0.0,0.0,0.0,0.0,0.0,0.0,0.5,normal,0,9.682753063480588
1.0,1.0,1.0,0.0,1.0,0.0,1.0,0.0,0.0,0.0,0.0,1.0,1.0,1.0,1.0,1.0,1.6666666666666667,0.8611111111111112,0.0,1.0,compromised,1,96.85662310303483
0.0,0.0,0.0,0.0,0.0,0.0,0.0,0.0,0.0,0.0,0.0,0.0,0.0,0.0,0.0,0.0,0.0,0.0,0.0,0.4,normal,0,0.7982086590859967
0.0,0.0,0.0,0.0,0.0,0.0,0.0,0.0,0.0,0.0,0.0,0.3333333333333333,0.0,0.0,0.0,0.0,0.0,0.0,0.0,0.8,normal,0,11.41574534723313
0.0,0.0,0.0,0.0,0.0,0.0,0.0,0.0,0.0,0.0,1.0,0.3333333333333333,0.0,0.0,0.0,0.130716,0.0,0.0,0.0,0.5,normal,0,17.473926813739034
0.0,0.0,0.0,0.0,0.0,1.0,0.0,0.0,0.0,0.0,0.0,0.3333333333333333,0.0,0.0,0.0,0.0,0.3333333333333333,0.0,0.0,0.5,innocent_security_change,0,21.043492733884555
0.0,0.0,0.0,0.0,0.0,0.0,0.0,0.0,0.0,0.0,0.0,0.0,0.0,0.0,0.0,0.0,0.0,0.0,0.0,0.3,normal,0,3.2495882021573217
0.0,0.0,0.0,0.0,0.0,0.0,0.0,0.0,0.0,0.0,0.0,0.3333333333333333,0.0,0.0,0.0,0.033644933333333335,0.0,0.0,0.0,0.7,normal,0,13.248724202192662
0.0,0.0,0.0,0.0,0.0,0.0,0.0,0.0,0.3333333333333333,1.0,0.0,0.3333333333333333,0.0,1.0,0.0,1.0,0.0,0.0,0.0,0.5,medium,0,42.124846282645564
0.0,1.0,0.0,0.0,0.0,0.0,0.0,0.0,0.0,0.0,0.0,0.3333333333333333,0.0,0.0,0.0,0.052184266666666666,0.3333333333333333,0.0,0.0,0.8,innocent_security_change,0,36.21393322298577
1.0,1.0,1.0,0.0,1.0,0.0,1.0,0.0,0.0,0.0,1.0,1.0,1.0,1.0,1.0,1.0,1.6666666666666667,0.8333333333333334,0.0,1.0,compromised,1,99.53592523281141
0.0,0.0,0.0,0.0,0.0,0.0,0.0,0.0,0.0,0.0,0.0,0.0,0.0,0.0,0.0,0.0,0.0,0.0,0.0,0.4,normal,0,8.010922884987043
0.0,1.0,0.0,0.0,0.0,0.0,0.0,0.0,0.0,0.0,0.0,0.3333333333333333,0.0,0.0,0.0,1.0,0.3333333333333333,0.0,0.0,0.7,innocent_security_change,0,46.29013332530021
0.0,0.0,0.0,0.0,0.0,0.0,0.0,0.0,0.0,0.0,0.0,0.3333333333333333,1.0,0.0,0.0,0.16908346666666668,0.0,0.0,0.0,0.5,normal,0,21.614079105506004
0.0,0.0,0.0,0.0,0.0,0.0,0.0,0.0,0.0,0.0,0.0,0.3333333333333333,0.0,0.0,0.0,0.07610493333333333,0.0,0.0,0.0,0.7,normal,0,11.079684544967712
0.0,0.0,0.0,0.0,0.0,0.0,0.0,0.0,0.3333333333333333,1.0,0.0,0.3333333333333333,0.0,1.0,0.0,0.5418746666666666,0.0,0.0,0.0,0.8,medium,0,49.087280824297636
0.0,0.0,0.0,0.0,0.0,0.0,0.0,0.0,0.0,0.0,0.0,0.3333333333333333,0.0,0.0,0.0,0.0,0.0,0.0,0.0,0.7,normal,0,8.937305691581551
0.0,0.0,0.0,0.0,0.0,0.0,0.0,0.0,0.0,0.0,1.0,0.3333333333333333,0.0,0.0,0.0,0.039968533333333334,0.0,0.0,0.0,0.5,normal,0,17.09537369330091
0.0,0.0,0.0,0.0,0.0,0.0,0.0,0.0,0.3333333333333333,1.0,0.0,0.3333333333333333,0.0,1.0,0.0,1.0,0.0,0.0,0.0,0.5,medium,0,46.82531856604508
1.0,0.0,0.0,0.0,0.0,0.0,0.0,0.0,0.0,0.0,0.0,0.0,0.0,0.0,0.0,0.0,0.3333333333333333,0.0,0.0,0.3,compromised,1,49.46956947096141
1.0,0.0,0.0,0.0,0.0,0.0,0.0,0.0,0.3333333333333333,1.0,0.0,0.3333333333333333,0.0,1.0,0.0,1.0,0.3333333333333333,0.0,0.0,0.8,medium,0,75.28567157975546
0.0,0.0,0.0,0.0,0.0,0.0,0.0,0.0,0.0,0.0,1.0,0.3333333333333333,0.0,0.0,0.0,0.1246936,0.0,0.0,0.0,0.7,normal,0,25.299993281274695
0.0,0.0,0.0,0.0,0.0,0.0,0.0,0.0,0.0,0.0,0.0,0.3333333333333333,0.0,0.0,0.0,0.06481261798951797,0.0,0.0,0.0,0.7,normal,0,12.199202189703772
1.0,1.0,1.0,0.0,1.0,0.0,1.0,0.0,0.0,0.0,0.0,1.0,1.0,1.0,1.0,1.0,1.6666666666666667,0.8888888888888888,0.0,1.0,compromised,1,97.16122279038576
0.0,0.0,0.0,0.0,0.0,0.0,0.0,0.0,0.0,0.0,1.0,0.3333333333333333,0.0,0.0,0.0,0.09108773333333334,0.0,0.0,0.0,0.5,normal,0,18.963177516089306
1.0,1.0,1.0,0.0,1.0,0.0,1.0,0.0,0.0,0.0,1.0,0.6666666666666666,0.0,1.0,1.0,0.6596916,1.6666666666666667,0.8388888888888889,0.0,0.9,compromised,1,93.47947454731033
0.0,1.0,0.0,0.0,0.0,0.0,0.0,0.0,0.0,0.0,1.0,0.3333333333333333,0.0,0.0,0.0,0.0915744,0.3333333333333333,0.0,0.0,0.5,innocent_security_change,0,46.38659799853524
1.0,1.0,1.0,0.0,1.0,0.0,1.0,0.0,0.0,0.0,0.0,1.0,1.0,1.0,1.0,1.0,1.6666666666666667,0.8555555555555556,0.0,1.0,compromised,1,97.57599953544221
0.0,0.0,0.0,0.0,0.0,0.0,0.0,0.0,0.0,0.0,0.0,0.3333333333333333,1.0,0.0,0.0,0.1883029333333333,0.0,0.0,0.0,0.5,normal,0,23.19663227864962
1.0,1.0,1.0,0.0,0.0,0.0,0.0,0.0,0.0,0.0,1.0,0.0,0.0,0.0,0.0,0.0,1.0,0.9444444444444444,0.0,0.5,compromised,1,95.1935246093793
0.0,0.0,0.0,0.0,0.0,0.0,0.0,0.0,0.0,0.0,0.0,0.3333333333333333,1.0,0.0,0.0,0.18312720000000002,0.0,0.0,0.0,0.6,normal,0,24.890903017906997
0.0,0.0,0.0,0.0,0.0,0.0,0.0,0.0,0.0,0.0,0.0,0.3333333333333333,0.0,0.0,0.0,0.4010484243323036,0.0,0.0,0.0,0.6,normal,0,13.125436168674096
0.0,0.0,0.0,0.0,0.0,0.0,0.0,0.0,0.0,0.0,0.0,0.0,0.0,0.0,0.0,0.0,0.0,0.0,0.0,0.5,normal,0,2.505148113013697
0.0,0.0,0.0,0.0,0.0,0.0,0.0,0.0,0.0,0.0,0.0,0.3333333333333333,0.0,0.0,0.0,0.08023146666666667,0.0,0.0,0.0,0.5,normal,0,13.165760060268411
1.0,1.0,1.0,0.0,1.0,0.0,1.0,0.0,0.0,0.0,0.0,1.0,1.0,1.0,1.0,1.0,1.6666666666666667,0.85,0.0,1.0,compromised,1,98.05016255838434
1.0,1.0,1.0,0.0,1.0,0.0,0.0,0.0,0.0,0.0,0.0,0.0,0.0,0.0,0.0,0.0,1.3333333333333333,0.8944444444444445,0.0,0.6,compromised,1,88.227252173623
0.0,0.0,0.0,0.0,0.0,0.0,0.0,0.0,0.0,0.0,0.0,0.3333333333333333,0.0,0.0,0.0,0.11240746666666666,0.0,0.0,0.0,0.6,normal,0,13.658572107116132
0.0,0.0,0.0,0.0,0.0,0.0,0.0,0.0,0.3333333333333333,1.0,1.0,0.3333333333333333,0.0,1.0,0.0,0.5039201333333334,0.0,0.0,0.0,0.5,medium,0,48.24617577923846
0.0,0.0,0.0,0.0,0.0,0.0,0.0,0.0,0.0,0.0,0.0,0.3333333333333333,0.0,0.0,0.0,0.31801651703776884,0.0,0.0,0.0,0.4,normal,0,17.39495883325549
1.0,1.0,0.0,0.0,0.0,0.0,0.0,0.0,0.0,0.0,1.0,0.0,0.0,0.0,0.0,0.0,0.6666666666666666,0.8333333333333334,0.0,0.4,compromised,1,79.32115127878728
0.0,0.0,0.0,0.0,0.0,0.0,0.0,0.0,0.3333333333333333,1.0,1.0,0.3333333333333333,0.0,1.0,0.0,0.46146,0.0,0.0,0.0,0.8,medium,0,49.57554961340857
0.0,0.0,0.0,0.0,0.0,0.0,0.0,0.0,0.0,0.0,0.0,0.3333333333333333,0.0,0.0,0.0,0.1398224,0.0,0.0,0.0,0.7,normal,0,15.555554306049304
1.0,0.0,0.0,0.0,0.0,0.0,0.0,0.0,0.3333333333333333,1.0,1.0,0.3333333333333333,0.0,1.0,0.0,1.0,0.3333333333333333,0.0,0.0,0.8,medium,0,77.73458286789928
0.0,0.0,0.0,0.0,0.0,0.0,0.0,0.0,0.0,0.0,0.0,0.3333333333333333,0.0,0.0,0.0,0.08357773333333333,0.0,0.0,0.0,0.5,normal,0,12.470231610819091
0.0,0.0,0.0,0.0,0.0,0.0,0.0,0.0,0.0,0.0,0.0,0.0,0.0,0.0,0.0,0.0,0.0,0.0,0.0,0.4,normal,0,4.079016253943983
0.0,0.0,0.0,0.0,0.0,0.0,0.0,0.0,0.0,0.0,1.0,0.3333333333333333,0.0,0.0,0.0,0.09962080000000001,0.0,0.0,0.0,0.8,normal,0,19.40746058999532
0.0,0.0,0.0,0.0,0.0,0.0,0.0,0.0,0.3333333333333333,1.0,0.0,0.3333333333333333,0.0,1.0,0.0,0.6384754666666667,0.0,0.0,0.0,0.6,medium,0,44.01433637464274
0.0,1.0,0.0,0.0,0.0,0.0,0.0,0.0,0.0,0.0,1.0,0.0,0.0,0.0,0.0,0.0,0.3333333333333333,0.0,0.0,0.6,innocent_security_change,0,42.906264408442134
0.0,0.0,0.0,0.0,0.0,0.0,0.0,0.0,0.0,0.0,1.0,0.0,0.0,0.0,0.0,0.0,0.0,0.0,0.0,0.5,normal,0,12.700142618974013
0.0,0.0,0.0,0.0,0.0,0.0,0.0,0.0,0.0,0.0,0.0,0.3333333333333333,0.0,0.0,0.0,0.16368146666666666,0.0,0.0,1.0,0.8,normal,0,19.815529637167923
1.0,0.0,0.0,0.0,0.0,0.0,0.0,0.0,0.3333333333333333,1.0,1.0,0.3333333333333333,0.0,1.0,0.0,0.5511876,0.3333333333333333,0.0,0.0,0.9,medium,0,73.83721258648268
0.0,0.0,0.0,0.0,0.0,0.0,0.0,0.0,0.0,0.0,0.0,0.3333333333333333,0.0,0.0,0.0,0.0,0.0,0.0,0.0,0.6,normal,0,10.958313159846647
0.0,0.0,0.0,0.0,0.0,0.0,0.0,0.0,0.0,0.0,0.0,0.3333333333333333,0.0,0.0,0.0,0.0437464,0.0,0.0,0.0,0.5,normal,0,14.973633614895004
0.0,0.0,0.0,1.0,0.0,0.0,0.0,0.0,0.0,0.0,1.0,0.0,0.0,0.0,0.0,0.0,0.3333333333333333,0.0,0.0,0.5,innocent_security_change,0,29.069252264698576
0.0,0.0,0.0,0.0,0.0,0.0,0.0,0.0,0.0,0.0,0.0,0.3333333333333333,0.0,0.0,0.0,0.06359346666666667,0.0,0.0,0.0,0.5,normal,0,10.137838044692554
0.0,0.0,0.0,0.0,0.0,0.0,0.0,0.0,0.0,0.0,0.0,0.3333333333333333,1.0,0.0,0.0,0.539707323635937,0.0,0.0,0.0,0.6,normal,0,31.508644660270523
0.0,0.0,0.0,0.0,0.0,0.0,0.0,0.0,0.0,0.0,0.0,0.0,0.0,0.0,0.0,0.0,0.0,0.0,0.0,0.2,compromised,1,1.2449145678246007
1.0,1.0,1.0,0.0,1.0,0.0,1.0,0.0,0.0,0.0,0.0,0.0,0.0,0.0,0.0,0.0,1.6666666666666667,0.8944444444444445,0.0,0.8,compromised,1,95.77772453584326
1.0,0.0,0.0,0.0,0.0,0.0,0.0,0.0,0.3333333333333333,1.0,1.0,0.3333333333333333,0.0,1.0,0.0,1.0,0.3333333333333333,0.0,0.0,0.8,medium,0,74.90896027121357
0.0,0.0,0.0,0.0,0.0,0.0,0.0,0.0,0.0,0.0,0.0,0.0,0.0,0.0,0.0,0.0,0.0,0.0,0.0,0.4,normal,0,3.9379519537269174
0.0,0.0,0.0,0.0,0.0,0.0,0.0,0.0,0.3333333333333333,1.0,0.0,0.3333333333333333,0.0,1.0,0.0,0.6105854666666667,0.0,0.0,0.0,0.7,medium,0,45.32994514748501
1.0,1.0,1.0,0.0,1.0,0.0,1.0,0.0,0.0,0.0,0.0,1.0,1.0,1.0,1.0,1.0,1.6666666666666667,0.8611111111111112,0.0,1.0,compromised,1,100.0
0.0,0.0,0.0,0.0,0.0,0.0,0.0,0.0,0.0,0.0,1.0,0.3333333333333333,0.0,0.0,0.0,0.09645613333333333,0.0,0.0,0.0,0.7,normal,0,23.88260160012212
0.0,0.0,0.0,0.0,0.0,0.0,0.0,0.0,0.0,0.0,1.0,0.0,0.0,0.0,0.0,0.0,0.0,0.0,0.0,0.5,normal,0,20.0109900542869
0.0,0.0,0.0,0.0,0.0,0.0,0.0,0.0,0.3333333333333333,1.0,0.0,0.3333333333333333,1.0,1.0,0.0,0.7841649333333334,0.0,0.0,0.0,0.7,medium,0,55.752710223940376
0.0,0.0,0.0,0.0,0.0,0.0,0.0,0.0,0.0,0.0,1.0,0.3333333333333333,0.0,0.0,0.0,0.1752561333333333,0.0,0.0,1.0,0.6,normal,0,28.90300774609214
0.0,0.0,0.0,0.0,0.0,0.0,0.0,0.0,0.0,0.0,0.0,0.0,0.0,0.0,0.0,0.0,0.0,0.0,0.0,0.4,normal,0,3.353144964651136
0.0,0.0,0.0,0.0,0.0,0.0,0.0,0.0,0.0,0.0,0.0,0.3333333333333333,1.0,0.0,0.0,0.1700568,0.0,0.0,0.0,0.5,normal,0,22.562009836470523
1.0,0.0,0.0,0.0,0.0,0.0,0.0,0.0,0.3333333333333333,1.0,0.0,0.3333333333333333,0.0,1.0,0.0,0.7418122666666667,0.3333333333333333,0.0,0.0,0.8,medium,0,74.86768500512186
0.0,0.0,0.0,0.0,0.0,0.0,0.0,0.0,0.0,0.0,0.0,0.3333333333333333,0.0,0.0,0.0,0.008574666666666666,0.0,0.0,0.0,0.6,normal,0,9.27311767872881
0.0,0.0,0.0,0.0,0.0,0.0,0.0,0.0,0.3333333333333333,1.0,0.0,0.3333333333333333,0.0,1.0,0.0,1.0,0.0,0.0,0.0,0.5,medium,0,48.453329812174196
1.0,0.0,0.0,0.0,0.0,0.0,0.0,0.0,0.3333333333333333,1.0,0.0,0.3333333333333333,0.0,1.0,0.0,1.0,0.3333333333333333,0.0,0.0,0.7,medium,0,78.09035536949715
1.0,1.0,1.0,0.0,1.0,0.0,1.0,0.0,0.0,0.0,1.0,1.0,1.0,1.0,1.0,1.0,1.6666666666666667,0.8722222222222222,0.0,1.0,compromised,1,95.4943164713559
1.0,1.0,0.0,0.0,0.0,0.0,0.0,0.0,0.0,0.0,1.0,0.0,0.0,0.0,0.0,0.0,0.6666666666666666,0.9,0.0,0.4,compromised,1,79.91976940286065
0.0,0.0,0.0,0.0,0.0,0.0,0.0,0.0,0.0,0.0,1.0,0.3333333333333333,0.0,0.0,0.0,0.023883066666666668,0.0,0.0,0.0,0.7,normal,0,23.36766539658819
1.0,0.0,0.0,0.0,0.0,0.0,0.0,0.0,0.3333333333333333,1.0,0.0,0.3333333333333333,0.0,1.0,0.0,0.6815572,0.3333333333333333,0.0,0.0,0.8,medium,0,73.49761790909179
1.0,1.0,1.0,0.0,1.0,0.0,1.0,0.0,0.0,0.0,1.0,1.0,1.0,1.0,1.0,1.0,1.6666666666666667,0.9,0.0,1.0,compromised,1,92.72204623127024
0.0,0.0,0.0,0.0,0.0,0.0,0.0,0.0,0.0,0.0,1.0,0.3333333333333333,0.0,0.0,0.0,0.1805556,0.0,0.0,1.0,0.8,normal,0,27.66198692344879
0.0,0.0,0.0,0.0,0.0,0.0,0.0,0.0,0.0,0.0,1.0,0.0,0.0,0.0,0.0,0.0,0.0,0.0,0.0,0.4,normal,0,16.148453910109392
0.0,0.0,0.0,0.0,0.0,0.0,0.0,0.0,0.3333333333333333,1.0,1.0,0.3333333333333333,0.0,1.0,0.0,1.0,0.0,0.0,0.0,0.7,medium,0,54.01880635068991
0.0,0.0,0.0,0.0,0.0,0.0,0.0,0.0,0.0,0.0,0.0,0.3333333333333333,1.0,0.0,0.0,0.19270173333333332,0.0,0.0,0.0,0.7,normal,0,22.300246793921396
0.0,0.0,0.0,0.0,0.0,0.0,0.0,0.0,0.0,0.0,0.0,0.0,0.0,0.0,0.0,0.0,0.0,0.0,0.0,0.5,normal,0,2.3091048004570114
0.0,0.0,0.0,0.0,0.0,0.0,0.0,0.0,0.0,0.0,0.0,0.3333333333333333,0.0,0.0,0.0,0.12304413333333333,0.0,0.0,0.0,0.5,normal,0,12.953081986694304
0.0,0.0,0.0,1.0,0.0,0.0,0.0,0.0,0.0,0.0,0.0,0.3333333333333333,0.0,0.0,0.0,0.0373012,0.3333333333333333,0.0,0.0,0.7,innocent_security_change,0,31.13049896974763
0.0,0.0,0.0,0.0,0.0,0.0,0.0,0.0,0.0,0.0,1.0,0.3333333333333333,1.0,0.0,0.0,0.19326079999999998,0.0,0.0,0.0,0.7,normal,0,31.978812657933435
0.0,0.0,0.0,0.0,0.0,0.0,0.0,0.0,0.3333333333333333,1.0,0.0,0.3333333333333333,0.0,1.0,0.0,0.6390770666666666,0.0,0.0,0.0,0.7,medium,0,45.104906477566125
0.0,0.0,0.0,0.0,0.0,0.0,0.0,0.0,0.0,0.0,1.0,0.3333333333333333,0.0,0.0,0.0,0.16219973333333332,0.0,0.0,1.0,0.8,normal,0,28.012812540982505
0.0,0.0,0.0,0.0,0.0,0.0,0.0,0.0,0.3333333333333333,1.0,1.0,0.3333333333333333,0.0,1.0,0.0,1.0,0.0,0.0,0.0,0.4,medium,0,50.75696174277666
0.0,0.0,0.0,0.0,0.0,0.0,0.0,0.0,0.3333333333333333,1.0,0.0,0.3333333333333333,0.0,1.0,0.0,1.0,0.0,0.0,0.0,0.4,medium,0,51.691291100761624
0.0,0.0,0.0,0.0,0.0,0.0,0.0,0.0,0.0,0.0,0.0,0.0,0.0,0.0,0.0,0.0,0.0,0.0,0.0,0.4,normal,0,2.0613830376794464
1.0,0.0,0.0,0.0,0.0,0.0,0.0,0.0,0.0,0.0,1.0,0.0,0.0,0.0,0.0,0.0,0.3333333333333333,0.0,0.0,0.3,compromised,1,59.87184395915577
0.0,0.0,0.0,0.0,0.0,0.0,0.0,0.0,0.0,0.0,0.0,0.3333333333333333,0.0,0.0,0.0,0.12584399999999998,0.0,0.0,0.0,0.8,normal,0,16.61432943344208
0.0,0.0,0.0,0.0,0.0,0.0,0.0,0.0,0.3333333333333333,1.0,1.0,0.3333333333333333,1.0,1.0,0.0,0.6567866666666666,0.0,0.0,0.0,0.7,medium,0,60.75595004457962
0.0,0.0,0.0,0.0,0.0,0.0,0.0,0.0,0.0,0.0,0.0,0.3333333333333333,0.0,0.0,0.0,0.1309324,0.0,0.0,0.0,0.5,normal,0,9.874710027025445
0.0,0.0,0.0,0.0,0.0,0.0,0.0,0.0,0.0,0.0,0.0,0.3333333333333333,0.0,0.0,0.0,0.1545412,0.0,0.0,0.0,0.6,normal,0,12.911394775942037
0.0,0.0,0.0,0.0,0.0,0.0,0.0,0.0,0.0,0.0,0.0,0.3333333333333333,0.0,0.0,0.0,0.11135839999999998,0.0,0.0,0.0,0.7,normal,0,11.928894504141965
0.0,0.0,0.0,0.0,0.0,0.0,0.0,0.0,0.0,0.0,0.0,0.3333333333333333,0.0,0.0,0.0,0.04838013333333334,0.0,0.0,0.0,0.5,normal,0,7.618829092604934
0.0,0.0,0.0,0.0,0.0,0.0,0.0,0.0,0.0,0.0,0.0,0.3333333333333333,0.0,0.0,0.0,0.17512528469648236,0.0,0.0,0.0,0.6,normal,0,12.976342771494217
1.0,1.0,1.0,0.0,1.0,0.0,1.0,0.0,0.0,0.0,0.0,1.0,1.0,1.0,1.0,1.0,1.6666666666666667,0.8833333333333333,0.0,1.0,compromised,1,94.84093587010959
1.0,1.0,1.0,0.0,1.0,0.0,1.0,0.0,0.0,0.0,0.0,1.0,1.0,1.0,1.0,1.0,1.6666666666666667,0.9055555555555556,0.0,1.0,compromised,1,100.0
0.0,0.0,0.0,0.0,0.0,0.0,0.0,0.0,0.0,0.0,1.0,0.3333333333333333,0.0,0.0,0.0,0.09625,0.0,0.0,0.0,0.8,normal,0,20.323322592375465
0.0,0.0,0.0,0.0,0.0,0.0,0.0,0.0,0.0,0.0,0.0,0.3333333333333333,0.0,0.0,0.0,0.13744106666666667,0.0,0.0,0.0,0.7,normal,0,12.82554849162961
1.0,1.0,1.0,0.0,1.0,0.0,1.0,0.0,0.0,0.0,0.0,1.0,1.0,1.0,1.0,1.0,1.6666666666666667,0.8055555555555556,0.0,1.0,compromised,1,98.44614747601831
1.0,1.0,1.0,0.0,0.0,0.0,0.0,0.0,0.0,0.0,0.0,0.0,0.0,0.0,0.0,0.0,1.0,0.7666666666666666,0.0,0.5,compromised,1,84.3322875013012
0.0,0.0,0.0,0.0,0.0,0.0,0.0,0.0,0.3333333333333333,1.0,0.0,0.3333333333333333,0.0,1.0,0.0,0.5506436,0.0,0.0,0.0,0.7,medium,0,46.78989513776391
0.0,0.0,0.0,0.0,0.0,0.0,0.0,0.0,0.0,0.0,0.0,0.0,0.0,0.0,0.0,0.0,0.0,0.0,0.0,0.5,normal,0,2.383782961971244
0.0,0.0,0.0,0.0,0.0,0.0,0.0,0.0,0.0,0.0,1.0,0.0,0.0,0.0,0.0,0.0,0.0,0.0,0.0,0.6,normal,0,16.341864332954472
0.0,0.0,0.0,0.0,0.0,0.0,0.0,0.0,0.0,0.0,0.0,0.0,0.0,0.0,0.0,0.0,0.0,0.0,0.0,0.5,normal,0,0.20609290291068394
0.0,0.0,0.0,0.0,0.0,0.0,0.0,0.0,0.0,0.0,1.0,0.0,0.0,0.0,0.0,0.0,0.0,0.0,0.0,0.6,normal,0,14.479570038177393
1.0,1.0,1.0,0.0,1.0,0.0,1.0,0.0,0.0,0.0,1.0,1.0,1.0,1.0,1.0,1.0,1.6666666666666667,0.85,0.0,1.0,compromised,1,100.0
0.0,0.0,0.0,0.0,0.0,0.0,0.0,0.0,0.0,0.0,0.0,0.3333333333333333,0.0,0.0,0.0,0.5642249079883811,0.0,0.0,0.0,0.7,normal,0,15.099128837843798
0.0,0.0,0.0,0.0,0.0,0.0,0.0,0.0,0.0,0.0,1.0,0.3333333333333333,0.0,0.0,0.0,0.15244226666666666,0.0,0.0,0.0,0.6,normal,0,19.288604950858584
0.0,0.0,0.0,0.0,0.0,0.0,0.0,0.0,0.3333333333333333,1.0,0.0,0.3333333333333333,0.0,1.0,0.0,0.5857025333333333,0.0,0.0,0.0,0.6,medium,0,46.488974819564255
1.0,1.0,1.0,0.0,1.0,0.0,1.0,0.0,0.0,0.0,0.0,1.0,1.0,1.0,1.0,1.0,1.6666666666666667,0.8666666666666667,0.0,1.0,compromised,1,98.22674151459928
0.0,0.0,0.0,0.0,0.0,0.0,0.0,0.0,0.0,0.0,1.0,0.0,0.0,0.0,0.0,0.0,0.0,0.0,0.0,0.4,normal,0,13.782542791890517
1.0,0.0,0.0,0.0,0.0,0.0,0.0,0.0,0.3333333333333333,1.0,1.0,0.3333333333333333,0.0,1.0,0.0,0.7191984,0.3333333333333333,0.0,0.0,0.8,medium,0,77.85260670974162
1.0,0.0,0.0,0.0,0.0,0.0,0.0,0.0,0.3333333333333333,1.0,0.0,0.3333333333333333,0.0,1.0,0.0,1.0,0.3333333333333333,0.0,0.0,0.8,medium,0,76.5657994611729
0.0,0.0,0.0,0.0,0.0,0.0,0.0,0.0,0.0,0.0,0.0,0.3333333333333333,0.0,0.0,0.0,0.13197533333333333,0.0,0.0,0.0,0.5,normal,0,13.741517649683358
1.0,1.0,1.0,0.0,1.0,0.0,1.0,0.0,0.0,0.0,0.0,1.0,1.0,1.0,1.0,1.0,1.6666666666666667,0.9111111111111111,0.0,1.0,compromised,1,98.83088040213352
1.0,0.0,0.0,0.0,0.0,0.0,0.0,0.0,0.3333333333333333,1.0,0.0,0.3333333333333333,0.0,1.0,0.0,0.5309229333333334,0.3333333333333333,0.0,0.0,0.6,medium,0,72.21660912579574
0.0,0.0,0.0,0.0,0.0,0.0,0.0,0.0,0.0,0.0,0.0,0.3333333333333333,0.0,0.0,0.0,0.18633066666666664,0.0,0.0,1.0,0.6,normal,0,21.610251103699294
0.0,0.0,0.0,0.0,0.0,0.0,0.0,0.0,0.0,0.0,0.0,0.3333333333333333,0.0,0.0,0.0,0.18833826666666667,0.0,0.0,1.0,0.7,normal,0,25.281954232198107
0.0,0.0,0.0,0.0,0.0,0.0,0.0,0.0,0.0,0.0,0.0,0.3333333333333333,0.0,0.0,0.0,0.0,0.0,0.0,1.0,0.4,innocent_security_change,0,16.192001592937693
0.0,0.0,0.0,0.0,0.0,0.0,0.0,0.0,0.0,0.0,0.0,0.3333333333333333,0.0,0.0,0.0,0.177914,0.0,0.0,1.0,0.5,normal,0,16.809232458498897
1.0,1.0,1.0,0.0,1.0,0.0,1.0,0.0,0.0,0.0,0.0,1.0,1.0,1.0,1.0,1.0,1.6666666666666667,0.8666666666666667,0.0,1.0,compromised,1,100.0
0.0,0.0,0.0,0.0,0.0,0.0,0.0,0.0,0.0,0.0,1.0,0.0,0.0,0.0,0.0,0.0,0.0,0.0,0.0,0.5,normal,0,13.23612803935637
0.0,0.0,0.0,0.0,0.0,0.0,0.0,0.0,0.0,0.0,1.0,0.0,0.0,0.0,0.0,0.0,0.0,0.0,0.0,0.5,normal,0,8.105407084205275
1.0,0.0,0.0,0.0,0.0,0.0,0.0,0.0,0.3333333333333333,1.0,1.0,0.3333333333333333,0.0,1.0,0.0,1.0,0.3333333333333333,0.0,0.0,0.7,medium,0,79.51973947671415
0.0,0.0,0.0,0.0,0.0,0.0,0.0,0.0,0.0,0.0,1.0,0.0,0.0,0.0,0.0,0.0,0.0,0.0,0.0,0.2,compromised,1,10.291566702299397
0.0,0.0,0.0,0.0,0.0,0.0,0.0,0.0,0.0,0.0,0.0,0.3333333333333333,0.0,0.0,0.0,0.0,0.0,0.0,0.0,0.5,normal,0,9.015315969527123
0.0,0.0,0.0,0.0,0.0,0.0,0.0,0.0,0.3333333333333333,1.0,1.0,0.3333333333333333,0.0,1.0,0.0,1.0,0.0,0.0,0.0,0.8,medium,0,55.23870865030962
1.0,1.0,1.0,0.0,1.0,0.0,1.0,0.0,0.0,0.0,1.0,1.0,1.0,1.0,1.0,1.0,1.6666666666666667,0.8611111111111112,0.0,1.0,compromised,1,98.48048153238594
0.0,0.0,0.0,0.0,0.0,0.0,0.0,0.0,0.0,0.0,1.0,0.3333333333333333,1.0,0.0,0.0,0.16428826666666668,0.0,0.0,0.0,0.7,normal,0,34.06503618463469
0.0,0.0,0.0,0.0,0.0,0.0,0.0,0.0,0.0,0.0,0.0,0.3333333333333333,0.0,0.0,0.0,0.1024604,0.0,0.0,0.0,0.6,normal,0,10.143443310423352
1.0,1.0,1.0,0.0,1.0,0.0,1.0,0.0,0.0,0.0,0.0,1.0,1.0,1.0,1.0,1.0,1.6666666666666667,0.8666666666666667,0.0,1.0,compromised,1,99.06055155519049
0.0,0.0,0.0,0.0,0.0,0.0,0.0,0.0,0.0,0.0,0.0,0.3333333333333333,0.0,0.0,0.0,0.12250493333333334,0.0,0.0,0.0,0.5,normal,0,10.195673118976979
0.0,0.0,0.0,0.0,0.0,0.0,0.0,0.0,0.0,0.0,0.0,0.3333333333333333,0.0,0.0,0.0,0.051954933333333335,0.0,0.0,0.0,0.5,normal,0,11.771958540364977
0.0,0.0,0.0,0.0,0.0,0.0,0.0,0.0,0.0,0.0,0.0,0.0,0.0,0.0,0.0,0.0,0.0,0.0,0.0,0.5,normal,0,5.109460813560188
0.0,0.0,0.0,0.0,0.0,0.0,0.0,0.0,0.3333333333333333,1.0,1.0,0.3333333333333333,0.0,1.0,0.0,1.0,0.0,0.0,0.0,0.9,medium,0,52.40053093799389
0.0,0.0,0.0,0.0,0.0,0.0,0.0,0.0,0.3333333333333333,1.0,1.0,0.3333333333333333,0.0,1.0,0.0,1.0,0.0,0.0,0.0,0.4,medium,0,55.7779424944605
0.0,0.0,0.0,0.0,0.0,0.0,0.0,0.0,0.0,0.0,0.0,0.3333333333333333,1.0,0.0,0.0,0.19398266666666666,0.0,0.0,0.0,0.7,normal,0,23.472603817404117
0.0,0.0,0.0,0.0,0.0,0.0,0.0,0.0,0.0,0.0,0.0,0.3333333333333333,0.0,0.0,0.0,0.13618826666666667,0.0,0.0,0.0,0.6,normal,0,13.68672088536415
0.0,0.0,0.0,0.0,0.0,0.0,0.0,0.0,0.0,0.0,0.0,0.3333333333333333,1.0,0.0,0.0,0.16383533333333333,0.0,0.0,0.0,0.6,normal,0,24.84908141884115
1.0,1.0,1.0,0.0,1.0,0.0,1.0,0.0,0.0,0.0,0.0,1.0,1.0,1.0,1.0,1.0,1.6666666666666667,0.8722222222222222,0.0,1.0,compromised,1,100.0
0.0,0.0,0.0,0.0,0.0,0.0,0.0,0.0,0.0,0.0,0.0,0.3333333333333333,0.0,0.0,0.0,0.19901226666666666,0.0,0.0,1.0,0.6,normal,0,19.517714769220632
0.0,0.0,0.0,0.0,0.0,1.0,0.0,0.0,0.0,0.0,1.0,0.3333333333333333,0.0,0.0,0.0,0.10876093333333332,0.3333333333333333,0.0,0.0,0.8,innocent_security_change,0,37.25221731709309
0.0,0.0,0.0,0.0,0.0,0.0,0.0,0.0,0.0,0.0,0.0,0.0,0.0,0.0,0.0,0.0,0.0,0.0,0.0,0.5,normal,0,3.5224930888082238
0.0,0.0,0.0,0.0,0.0,0.0,0.0,0.0,0.0,0.0,1.0,0.0,0.0,0.0,0.0,0.0,0.0,0.0,0.0,0.5,normal,0,12.779131492154677
1.0,1.0,1.0,0.0,1.0,0.0,1.0,0.0,0.0,0.0,1.0,1.0,1.0,1.0,1.0,1.0,1.6666666666666667,0.8666666666666667,0.0,1.0,compromised,1,100.0
0.0,1.0,0.0,0.0,0.0,0.0,0.0,0.0,0.0,0.0,0.0,0.3333333333333333,0.0,0.0,0.0,0.6341232550683144,0.3333333333333333,0.0,1.0,0.4,innocent_security_change,0,43.043969519537086
0.0,0.0,0.0,0.0,0.0,0.0,0.0,0.0,0.3333333333333333,1.0,1.0,0.3333333333333333,0.0,1.0,0.0,0.5566122666666666,0.0,0.0,0.0,0.6,medium,0,48.02486905579524
1.0,1.0,1.0,0.0,1.0,0.0,1.0,0.0,0.0,0.0,0.0,1.0,1.0,1.0,1.0,1.0,1.6666666666666667,0.8888888888888888,0.0,1.1,compromised,1,95.13859839941907
1.0,1.0,1.0,0.0,0.0,0.0,1.0,0.0,0.0,0.0,1.0,1.0,1.0,1.0,1.0,1.0,1.3333333333333333,0.8944444444444445,0.0,1.0,compromised,1,99.0572665019172
0.0,0.0,0.0,0.0,0.0,0.0,0.0,0.0,0.0,0.0,0.0,0.3333333333333333,0.0,0.0,0.0,0.1598116,0.0,0.0,0.0,0.6,normal,0,16.246113295262134
0.0,0.0,0.0,0.0,0.0,0.0,0.0,0.0,0.0,0.0,0.0,0.0,0.0,0.0,0.0,0.0,0.0,0.0,0.0,0.5,normal,0,3.3099190571838766
0.0,0.0,0.0,0.0,0.0,1.0,0.0,0.0,0.0,0.0,0.0,0.3333333333333333,0.0,0.0,0.0,0.19719266666666668,0.3333333333333333,0.0,1.0,0.7,innocent_security_change,0,36.91942119363584
0.0,0.0,0.0,0.0,0.0,0.0,0.0,0.0,0.0,0.0,0.0,0.3333333333333333,0.0,0.0,0.0,0.0,0.0,0.0,0.0,0.6,normal,0,10.074445903645946
0.0,0.0,0.0,0.0,0.0,0.0,0.0,0.0,0.0,0.0,0.0,0.0,0.0,0.0,0.0,0.0,0.0,0.0,0.0,0.5,normal,0,6.4757378600480315
0.0,0.0,0.0,0.0,0.0,0.0,0.0,0.0,0.0,0.0,0.0,0.3333333333333333,0.0,0.0,0.0,0.2377641395572869,0.0,0.0,0.0,0.6,normal,0,10.64369706550043
0.0,0.0,0.0,0.0,0.0,0.0,0.0,0.0,0.0,0.0,0.0,0.3333333333333333,1.0,0.0,0.0,0.9801010701852962,0.0,0.0,0.0,0.6,normal,0,33.042882893684094
0.0,0.0,0.0,0.0,0.0,0.0,0.0,0.0,0.3333333333333333,1.0,0.0,0.3333333333333333,0.0,1.0,0.0,0.7074372,0.0,0.0,0.0,0.4,medium,0,47.81515748803203
0.0,0.0,0.0,0.0,0.0,0.0,0.0,0.0,0.0,0.0,1.0,0.3333333333333333,1.0,0.0,0.0,0.17471666666666666,0.0,0.0,0.0,0.7,normal,0,33.64676854586675
1.0,1.0,1.0,0.0,1.0,0.0,1.0,0.0,0.0,0.0,1.0,1.0,1.0,1.0,1.0,1.0,1.6666666666666667,0.8777777777777778,0.0,1.0,compromised,1,98.48783940353718
1.0,0.0,0.0,0.0,0.0,0.0,0.0,0.0,0.3333333333333333,1.0,0.0,0.3333333333333333,0.0,1.0,0.0,0.6575313333333334,0.3333333333333333,0.0,0.0,0.8,medium,0,76.20365864764304
1.0,0.0,0.0,0.0,0.0,0.0,0.0,0.0,0.0,0.0,1.0,0.0,0.0,0.0,0.0,0.0,0.3333333333333333,0.0,0.0,0.3,compromised,1,50.070866924593936
0.0,0.0,0.0,0.0,0.0,0.0,0.0,0.0,0.0,0.0,0.0,0.3333333333333333,0.0,0.0,0.0,0.055034266666666665,0.0,0.0,0.0,0.5,normal,0,11.659956498782272
0.0,0.0,0.0,0.0,0.0,0.0,0.0,0.0,0.0,0.0,0.0,0.0,0.0,0.0,0.0,0.0,0.0,0.0,0.0,0.5,normal,0,1.9358528957089958
0.0,0.0,0.0,0.0,0.0,0.0,0.0,0.0,0.0,0.0,0.0,0.3333333333333333,0.0,0.0,0.0,0.1013368,0.0,0.0,0.0,0.6,normal,0,6.6410682388263025
0.0,0.0,0.0,0.0,0.0,0.0,0.0,0.0,0.0,0.0,0.0,0.0,0.0,0.0,0.0,0.0,0.0,0.0,0.0,0.5,normal,0,4.849048602340007
0.0,0.0,0.0,0.0,0.0,0.0,0.0,0.0,0.0,0.0,1.0,0.3333333333333333,0.0,0.0,0.0,0.08821573333333334,0.0,0.0,0.0,0.7,normal,0,24.25343339842326
0.0,0.0,0.0,0.0,0.0,0.0,0.0,0.0,0.0,0.0,0.0,0.3333333333333333,0.0,0.0,0.0,0.07016653333333334,0.0,0.0,0.0,0.6,normal,0,10.47058884090436
0.0,0.0,0.0,0.0,0.0,0.0,0.0,0.0,0.0,0.0,0.0,0.3333333333333333,0.0,0.0,0.0,0.06868026666666667,0.0,0.0,0.0,0.7,normal,0,13.823524578947126
0.0,0.0,0.0,0.0,0.0,1.0,0.0,0.0,0.0,0.0,0.0,0.3333333333333333,0.0,0.0,0.0,0.4220040196447048,0.3333333333333333,0.0,0.0,0.5,innocent_security_change,0,36.64353871254279
1.0,1.0,1.0,0.0,1.0,0.0,1.0,0.0,0.0,0.0,0.0,1.0,1.0,1.0,1.0,1.0,1.6666666666666667,0.8777777777777778,0.0,1.0,compromised,1,100.0
0.0,0.0,0.0,0.0,0.0,0.0,0.0,0.0,0.0,0.0,0.0,0.3333333333333333,0.0,0.0,0.0,0.11361693333333334,0.0,0.0,0.0,0.6,normal,0,15.476003398312397
0.0,0.0,0.0,0.0,0.0,0.0,0.0,0.0,0.0,0.0,0.0,0.3333333333333333,0.0,0.0,0.0,0.1492476,0.0,0.0,0.0,0.6,normal,0,13.689528671615044
1.0,0.0,0.0,0.0,0.0,0.0,0.0,0.0,0.3333333333333333,1.0,0.0,0.3333333333333333,0.0,1.0,0.0,1.0,0.3333333333333333,0.0,0.0,0.8,medium,0,75.16757988702246
0.0,0.0,0.0,0.0,0.0,0.0,0.0,0.0,0.0,0.0,1.0,0.3333333333333333,0.0,0.0,0.0,0.1153012,0.0,0.0,0.0,0.6,normal,0,16.55002106591217
1.0,1.0,1.0,0.0,0.0,0.0,0.0,0.0,0.0,0.0,0.0,0.0,0.0,0.0,0.0,0.0,1.0,0.9222222222222223,0.0,0.5,compromised,1,85.02895702376908
1.0,0.0,0.0,0.0,0.0,0.0,0.0,0.0,0.3333333333333333,1.0,1.0,0.3333333333333333,0.0,1.0,0.0,0.48604013333333335,0.3333333333333333,0.0,0.0,1.0,medium,0,74.06446214577481
0.0,0.0,0.0,0.0,0.0,0.0,0.0,0.0,0.0,0.0,0.0,0.0,0.0,0.0,0.0,0.0,0.0,0.0,0.0,0.4,normal,0,8.29454100445233
1.0,0.0,0.0,0.0,0.0,0.0,0.0,0.0,0.3333333333333333,1.0,0.0,0.3333333333333333,0.0,1.0,0.0,0.772068,0.3333333333333333,0.0,0.0,0.8,medium,0,73.6958368393362
0.0,0.0,0.0,0.0,0.0,0.0,0.0,0.0,0.0,0.0,0.0,0.0,0.0,0.0,0.0,0.0,0.0,0.0,0.0,0.3,normal,0,2.466200708724366
0.0,0.0,0.0,0.0,0.0,0.0,0.0,0.0,0.3333333333333333,1.0,0.0,0.3333333333333333,0.0,1.0,0.0,1.0,0.0,0.0,0.0,0.4,medium,0,49.031565317189184
0.0,0.0,0.0,0.0,0.0,0.0,0.0,0.0,0.0,0.0,0.0,0.3333333333333333,0.0,0.0,0.0,0.129256,0.0,0.0,0.0,0.6,normal,0,11.686468370667193
0.0,0.0,0.0,0.0,0.0,0.0,0.0,0.0,0.0,0.0,1.0,0.0,0.0,0.0,0.0,0.0,0.0,0.0,0.0,0.5,normal,0,17.77470855031725
1.0,0.0,0.0,0.0,0.0,0.0,0.0,0.0,0.3333333333333333,1.0,0.0,0.3333333333333333,0.0,1.0,0.0,0.521768,0.3333333333333333,0.0,0.0,0.7,medium,0,71.42413170073036
0.0,0.0,0.0,0.0,0.0,0.0,0.0,0.0,0.0,0.0,0.0,0.0,0.0,0.0,0.0,0.0,0.0,0.0,0.0,0.4,normal,0,3.3537028488009026
1.0,0.0,0.0,0.0,0.0,0.0,0.0,0.0,0.0,0.0,1.0,0.0,0.0,0.0,0.0,0.0,0.3333333333333333,0.0,0.0,0.3,compromised,1,54.972771192846906
0.0,0.0,0.0,0.0,0.0,0.0,0.0,0.0,0.0,0.0,0.0,0.3333333333333333,0.0,0.0,0.0,0.0,0.0,0.0,0.0,0.7,normal,0,7.252159861341125
0.0,0.0,0.0,0.0,0.0,0.0,0.0,0.0,0.3333333333333333,1.0,1.0,0.3333333333333333,0.0,1.0,0.0,1.0,0.0,0.0,0.0,0.8,medium,0,52.87933509662386
0.0,0.0,0.0,0.0,0.0,0.0,0.0,0.0,0.0,0.0,0.0,0.3333333333333333,0.0,0.0,0.0,0.090044,0.0,0.0,0.0,0.6,normal,0,10.979105732174885
0.0,0.0,0.0,0.0,0.0,0.0,0.0,0.0,0.0,0.0,0.0,0.3333333333333333,0.0,0.0,0.0,0.052506800000000006,0.0,0.0,0.0,0.7,normal,0,10.159502775760233
0.0,0.0,0.0,0.0,0.0,0.0,0.0,0.0,0.0,0.0,1.0,0.3333333333333333,0.0,0.0,0.0,0.0,0.0,0.0,1.0,0.7,innocent_security_change,0,25.035296108963948
0.0,0.0,0.0,0.0,0.0,0.0,0.0,0.0,0.0,0.0,0.0,0.3333333333333333,0.0,0.0,0.0,0.14432506666666667,0.0,0.0,0.0,0.7,normal,0,8.89460388217726
0.0,0.0,0.0,0.0,0.0,0.0,0.0,0.0,0.0,0.0,0.0,0.3333333333333333,1.0,0.0,0.0,0.19234493333333336,0.0,0.0,0.0,0.7,normal,0,24.586835520813764
1.0,1.0,1.0,0.0,1.0,0.0,1.0,0.0,0.0,0.0,1.0,1.0,1.0,1.0,1.0,1.0,1.6666666666666667,0.9,0.0,1.1,compromised,1,94.2791818759965
0.0,0.0,0.0,0.0,0.0,0.0,0.0,0.0,0.0,0.0,0.0,0.0,0.0,0.0,0.0,0.0,0.0,0.0,0.0,0.5,normal,0,5.471182012751562
0.0,0.0,0.0,0.0,0.0,0.0,0.0,0.0,0.3333333333333333,1.0,0.0,0.3333333333333333,0.0,1.0,0.0,0.4276789333333333,0.0,0.0,0.0,0.7,medium,0,44.54252470412202
0.0,0.0,0.0,0.0,0.0,0.0,0.0,0.0,0.3333333333333333,1.0,1.0,0.3333333333333333,0.0,1.0,0.0,0.7624230666666667,0.0,0.0,0.0,0.7,medium,0,48.81737863335154
1.0,1.0,1.0,0.0,1.0,0.0,1.0,0.0,0.0,0.0,0.0,1.0,1.0,1.0,1.0,1.0,1.6666666666666667,0.8666666666666667,0.0,1.0,compromised,1,97.00476436712562
0.0,0.0,0.0,0.0,0.0,0.0,0.0,0.0,0.0,0.0,0.0,0.3333333333333333,0.0,0.0,0.0,0.14394453333333335,0.0,0.0,0.0,0.6,normal,0,9.885785558039005
1.0,1.0,1.0,0.0,1.0,0.0,0.0,0.0,0.0,0.0,0.0,0.0,0.0,0.0,0.0,0.0,1.3333333333333333,0.9111111111111111,0.0,0.6,compromised,1,92.66043375532237
1.0,1.0,1.0,0.0,1.0,0.0,1.0,0.0,0.0,0.0,1.0,1.0,1.0,1.0,1.0,1.0,1.6666666666666667,0.9,0.0,1.1,compromised,1,100.0
1.0,1.0,1.0,0.0,1.0,0.0,1.0,0.0,0.0,0.0,0.0,1.0,1.0,1.0,1.0,1.0,1.6666666666666667,0.8833333333333333,0.0,1.0,compromised,1,93.10060417389474
0.0,0.0,0.0,0.0,0.0,0.0,0.0,0.0,0.0,0.0,0.0,0.3333333333333333,0.0,0.0,0.0,0.08197112506245731,0.0,0.0,0.0,0.6,normal,0,11.25477874462969
0.0,0.0,0.0,0.0,0.0,0.0,0.0,0.0,0.0,0.0,0.0,0.3333333333333333,0.0,0.0,0.0,0.02958226666666667,0.0,0.0,0.0,0.6,normal,0,9.8858426033546
0.0,0.0,0.0,0.0,0.0,0.0,0.0,0.0,0.0,0.0,1.0,0.0,0.0,0.0,0.0,0.0,0.0,0.0,0.0,0.6,normal,0,15.841971280437527
1.0,1.0,1.0,0.0,1.0,0.0,1.0,0.0,0.0,0.0,1.0,1.0,1.0,1.0,1.0,1.0,1.6666666666666667,0.8611111111111112,0.0,1.0,compromised,1,98.53722390353249
0.0,0.0,0.0,0.0,0.0,0.0,0.0,0.0,0.0,0.0,0.0,0.3333333333333333,0.0,0.0,0.0,0.0908001890704311,0.0,0.0,0.0,0.7,normal,0,9.84588946514717
1.0,1.0,0.0,0.0,0.0,0.0,0.0,0.0,0.0,0.0,0.0,0.0,0.0,0.0,0.0,0.0,0.6666666666666666,0.7333333333333334,0.0,0.4,compromised,1,72.35900032153559
0.0,0.0,0.0,0.0,0.0,0.0,0.0,0.0,0.0,0.0,0.0,0.3333333333333333,0.0,0.0,0.0,0.11746480000000001,0.0,0.0,0.0,0.7,normal,0,10.077455521944106
0.0,0.0,0.0,0.0,0.0,1.0,0.0,0.0,0.0,0.0,0.0,0.3333333333333333,0.0,0.0,0.0,0.0,0.3333333333333333,0.0,0.0,0.6,innocent_security_change,0,31.5561100961963
1.0,1.0,1.0,0.0,1.0,0.0,1.0,0.0,0.0,0.0,1.0,1.0,1.0,1.0,1.0,1.0,1.6666666666666667,0.8777777777777778,0.0,1.1,compromised,1,98.08155655557162
0.0,0.0,0.0,0.0,0.0,0.0,0.0,0.0,0.0,0.0,1.0,0.3333333333333333,0.0,0.0,0.0,0.1591972,0.0,0.0,0.0,0.8,normal,0,26.953442691316255
0.0,0.0,0.0,0.0,0.0,0.0,0.0,0.0,0.0,0.0,0.0,0.3333333333333333,0.0,0.0,0.0,0.03788415719769745,0.0,0.0,0.0,0.6,normal,0,10.242790899733903
1.0,1.0,1.0,0.0,0.0,0.0,0.0,0.0,0.0,0.0,0.0,0.0,0.0,0.0,0.0,0.0,1.0,0.9388888888888889,0.0,0.5,compromised,1,83.94253216092196
1.0,0.0,0.0,0.0,0.0,0.0,0.0,0.0,0.3333333333333333,1.0,0.0,0.3333333333333333,0.0,1.0,0.0,1.0,0.3333333333333333,0.0,0.0,0.5,medium,0,70.64279802715787
0.0,0.0,0.0,0.0,0.0,0.0,0.0,0.0,0.0,0.0,0.0,0.3333333333333333,1.0,0.0,0.0,0.17208933333333334,0.0,0.0,0.0,0.4,normal,0,18.40107735386884
0.0,0.0,0.0,0.0,0.0,1.0,0.0,0.0,0.0,0.0,1.0,0.3333333333333333,0.0,0.0,0.0,0.0309584,0.3333333333333333,0.0,0.0,0.7,innocent_security_change,0,33.00419864043495
1.0,0.0,0.0,0.0,0.0,0.0,0.0,0.0,0.3333333333333333,1.0,0.0,0.0,0.0,0.0,0.0,0.0,0.3333333333333333,0.0,0.0,0.4,medium,0,62.70203245850388
0.0,0.0,0.0,0.0,0.0,0.0,0.0,0.0,0.3333333333333333,1.0,0.0,0.3333333333333333,0.0,1.0,0.0,0.6979917333333333,0.0,0.0,0.0,0.5,medium,0,46.97023894004706
0.0,0.0,0.0,0.0,0.0,0.0,0.0,0.0,0.0,0.0,0.0,0.3333333333333333,0.0,0.0,0.0,0.13951093333333334,0.0,0.0,0.0,0.6,normal,0,7.756280595914383
0.0,0.0,0.0,0.0,0.0,0.0,0.0,0.0,0.0,0.0,0.0,0.3333333333333333,0.0,0.0,0.0,0.43017842313390026,0.0,0.0,1.0,0.7,normal,0,25.51666700821727
1.0,1.0,1.0,0.0,1.0,0.0,1.0,0.0,0.0,0.0,0.0,1.0,1.0,1.0,1.0,1.0,1.6666666666666667,0.8111111111111111,0.0,1.0,compromised,1,96.5339280895606
0.0,0.0,0.0,0.0,0.0,0.0,0.0,0.0,0.0,0.0,0.0,0.0,0.0,0.0,0.0,0.0,0.0,0.0,0.0,0.4,normal,0,3.2341667406716694
1.0,1.0,1.0,0.0,1.0,0.0,1.0,0.0,0.0,0.0,0.0,1.0,1.0,1.0,1.0,1.0,1.6666666666666667,0.8666666666666667,0.0,1.1,compromised,1,100.0
1.0,1.0,1.0,0.0,1.0,0.0,0.0,0.0,0.0,0.0,0.0,0.0,0.0,0.0,0.0,0.0,1.3333333333333333,0.8888888888888888,0.0,0.6,compromised,1,94.05181928518329
0.0,0.0,0.0,0.0,0.0,0.0,0.0,0.0,0.0,0.0,1.0,0.3333333333333333,0.0,0.0,0.0,0.1576072,0.0,0.0,0.0,0.7,normal,0,20.94313571802628
0.0,0.0,0.0,0.0,0.0,0.0,0.0,0.0,0.0,0.0,0.0,0.3333333333333333,0.0,0.0,0.0,0.17793053333333333,0.0,0.0,1.0,0.6,normal,0,17.602942513880443
1.0,0.0,0.0,0.0,0.0,0.0,0.0,0.0,0.3333333333333333,1.0,0.0,0.3333333333333333,0.0,1.0,0.0,1.0,0.3333333333333333,0.0,0.0,0.5,medium,0,69.04754550536667
0.0,0.0,0.0,0.0,0.0,0.0,0.0,0.0,0.0,0.0,0.0,0.3333333333333333,0.0,0.0,0.0,0.06694106666666666,0.0,0.0,0.0,0.6,normal,0,8.97447471541908
0.0,0.0,0.0,0.0,0.0,1.0,0.0,0.0,0.0,0.0,1.0,0.3333333333333333,0.0,0.0,0.0,0.0,0.3333333333333333,0.0,0.0,0.6,innocent_security_change,0,35.69003424767139
0.0,0.0,0.0,0.0,0.0,0.0,0.0,0.0,0.3333333333333333,1.0,0.0,0.3333333333333333,0.0,1.0,0.0,0.6697081333333333,0.0,0.0,0.0,0.7,medium,0,43.793978960244296
1.0,0.0,0.0,0.0,0.0,0.0,0.0,0.0,0.3333333333333333,1.0,0.0,0.3333333333333333,0.0,1.0,0.0,0.5403974666666667,0.3333333333333333,0.0,0.0,0.8,medium,0,72.92098967066477
0.0,0.0,0.0,0.0,0.0,0.0,0.0,0.0,0.0,0.0,1.0,0.3333333333333333,0.0,0.0,0.0,0.10441493333333333,0.0,0.0,0.0,0.7,normal,0,21.197766452674
0.0,0.0,0.0,0.0,0.0,0.0,0.0,0.0,0.0,0.0,0.0,0.3333333333333333,1.0,0.0,0.0,0.18244533333333332,0.0,0.0,0.0,0.5,normal,0,23.02061122945574
0.0,0.0,0.0,0.0,0.0,0.0,0.0,0.0,0.3333333333333333,1.0,1.0,0.3333333333333333,0.0,1.0,0.0,0.4269592,0.0,0.0,0.0,0.6,medium,0,48.094737096768796
0.0,0.0,0.0,0.0,0.0,0.0,0.0,0.0,0.0,0.0,0.0,0.0,0.0,0.0,0.0,0.0,0.0,0.0,0.0,0.5,normal,0,3.9926787834443744
0.0,0.0,0.0,0.0,0.0,0.0,0.0,0.0,0.0,0.0,0.0,0.0,0.0,0.0,0.0,0.0,0.0,0.0,0.0,0.5,normal,0,4.6758937274510775
0.0,0.0,0.0,0.0,0.0,0.0,0.0,0.0,0.3333333333333333,1.0,0.0,0.3333333333333333,0.0,1.0,0.0,1.0,0.0,0.0,0.0,0.7,medium,0,46.0566044147301
1.0,0.0,0.0,0.0,0.0,0.0,0.0,0.0,0.3333333333333333,1.0,0.0,0.3333333333333333,0.0,1.0,0.0,0.6650810666666667,0.3333333333333333,0.0,0.0,0.9,medium,0,77.44760068260096
0.0,0.0,0.0,0.0,0.0,0.0,0.0,0.0,0.0,0.0,0.0,0.3333333333333333,0.0,0.0,0.0,0.0978788,0.0,0.0,0.0,0.5,normal,0,10.278143494117213
0.0,0.0,0.0,0.0,0.0,1.0,0.0,0.0,0.0,0.0,0.0,0.3333333333333333,1.0,0.0,0.0,0.31988551330886955,0.3333333333333333,0.0,0.0,0.7,innocent_security_change,0,41.76426422303653
0.0,0.0,0.0,0.0,0.0,0.0,0.0,0.0,0.0,0.0,0.0,0.0,0.0,0.0,0.0,0.0,0.0,0.0,0.0,0.4,normal,0,4.637720268849189
0.0,0.0,0.0,0.0,0.0,0.0,0.0,0.0,0.0,0.0,1.0,0.3333333333333333,0.0,0.0,0.0,0.08701266666666667,0.0,0.0,0.0,0.6,normal,0,20.810410199861817
0.0,0.0,0.0,0.0,0.0,0.0,0.0,0.0,0.3333333333333333,1.0,0.0,0.3333333333333333,0.0,1.0,0.0,1.0,0.0,0.0,0.0,0.8,medium,0,51.536582627607096
0.0,0.0,0.0,0.0,0.0,0.0,0.0,0.0,0.3333333333333333,1.0,1.0,0.3333333333333333,0.0,1.0,0.0,1.0,0.0,0.0,0.0,0.6,medium,0,54.45857655202603
0.0,0.0,0.0,0.0,0.0,0.0,0.0,0.0,0.0,0.0,1.0,0.0,0.0,0.0,0.0,0.0,0.0,0.0,0.0,0.4,normal,0,11.374874107105525
0.0,0.0,0.0,0.0,0.0,0.0,0.0,0.0,0.0,0.0,0.0,0.3333333333333333,0.0,0.0,0.0,0.10199586666666666,0.0,0.0,0.0,0.6,normal,0,12.129919938720214
1.0,1.0,1.0,0.0,1.0,0.0,0.0,0.0,0.0,0.0,1.0,0.0,0.0,0.0,0.0,0.0,1.3333333333333333,0.9222222222222223,0.0,0.6,compromised,1,89.86774831068023
0.0,0.0,0.0,1.0,0.0,0.0,0.0,0.0,0.0,0.0,0.0,0.3333333333333333,0.0,0.0,0.0,0.029404533333333337,0.3333333333333333,0.0,0.0,0.4,innocent_security_change,0,28.40329478073682
1.0,0.0,0.0,0.0,0.0,0.0,0.0,0.0,0.3333333333333333,1.0,0.0,0.3333333333333333,0.0,1.0,0.0,0.6537966666666667,0.3333333333333333,0.0,0.0,0.6,medium,0,73.21814309879409
1.0,0.0,0.0,0.0,0.0,0.0,0.0,0.0,0.3333333333333333,1.0,1.0,0.3333333333333333,0.0,1.0,0.0,0.4807745333333333,0.3333333333333333,0.0,0.0,0.6,medium,0,74.93014886930331
1.0,0.0,0.0,0.0,0.0,0.0,0.0,0.0,0.3333333333333333,1.0,1.0,0.3333333333333333,0.0,1.0,0.0,0.6686804,0.3333333333333333,0.0,0.0,0.8,medium,0,76.13593551275629
1.0,0.0,0.0,0.0,0.0,0.0,0.0,0.0,0.3333333333333333,1.0,0.0,0.3333333333333333,0.0,1.0,0.0,1.0,0.3333333333333333,0.0,0.0,0.9,medium,0,70.45568400446625
1.0,1.0,1.0,0.0,1.0,0.0,1.0,0.0,0.0,0.0,0.0,1.0,1.0,1.0,1.0,1.0,1.6666666666666667,0.8722222222222222,0.0,1.0,compromised,1,96.40956334503161
1.0,1.0,1.0,0.0,1.0,0.0,1.0,0.0,0.0,0.0,1.0,1.0,1.0,1.0,1.0,1.0,1.6666666666666667,0.8555555555555556,0.0,1.0,compromised,1,98.23311649483708
0.0,0.0,0.0,0.0,0.0,0.0,0.0,0.0,0.0,0.0,0.0,0.0,0.0,0.0,0.0,0.0,0.0,0.0,0.0,0.2,compromised,1,1.8436590259323893
0.0,0.0,0.0,0.0,0.0,0.0,0.0,0.0,0.0,0.0,0.0,0.0,0.0,0.0,0.0,0.0,0.0,0.0,0.0,0.5,normal,0,1.0018542512126598
0.0,0.0,0.0,0.0,0.0,0.0,0.0,0.0,0.3333333333333333,1.0,0.0,0.3333333333333333,0.0,1.0,0.0,0.5919097333333334,0.0,0.0,0.0,0.6,medium,0,48.41792570064688
0.0,0.0,0.0,0.0,0.0,0.0,0.0,0.0,0.0,0.0,1.0,0.0,0.0,0.0,0.0,0.0,0.0,0.0,0.0,0.5,normal,0,11.371643828704114
1.0,1.0,1.0,0.0,1.0,0.0,1.0,0.0,0.0,0.0,0.0,1.0,1.0,1.0,1.0,1.0,1.6666666666666667,0.9166666666666666,0.0,1.0,compromised,1,100.0
0.0,0.0,0.0,0.0,0.0,0.0,0.0,0.0,0.3333333333333333,1.0,0.0,0.3333333333333333,0.0,1.0,0.0,1.0,0.0,0.0,0.0,0.7,medium,0,49.85058801301643
0.0,0.0,0.0,0.0,0.0,0.0,0.0,0.0,0.3333333333333333,1.0,0.0,0.3333333333333333,0.0,1.0,0.0,0.4693537333333333,0.0,0.0,0.0,0.7,medium,0,43.057257273218525
0.0,0.0,0.0,0.0,0.0,0.0,0.0,0.0,0.0,0.0,0.0,0.3333333333333333,0.0,0.0,0.0,0.06510853333333334,0.0,0.0,0.0,0.6,normal,0,15.186848419986855
0.0,0.0,0.0,0.0,0.0,0.0,0.0,0.0,0.0,0.0,0.0,0.3333333333333333,0.0,0.0,0.0,0.14757959999999998,0.0,0.0,0.0,0.6,normal,0,8.828724645775164
1.0,1.0,1.0,0.0,1.0,0.0,1.0,0.0,0.0,0.0,0.0,1.0,1.0,1.0,1.0,1.0,1.6666666666666667,0.8555555555555556,0.0,1.0,compromised,1,100.0
0.0,0.0,0.0,0.0,0.0,0.0,0.0,0.0,0.3333333333333333,1.0,0.0,0.3333333333333333,0.0,1.0,0.0,0.5938746666666667,0.0,0.0,0.0,0.4,medium,0,46.968855862989905
0.0,0.0,0.0,0.0,0.0,0.0,0.0,0.0,0.0,0.0,0.0,0.3333333333333333,0.0,0.0,0.0,0.0878256,0.0,0.0,0.0,0.6,normal,0,9.366447510794794
0.0,0.0,0.0,0.0,0.0,0.0,0.0,0.0,0.0,0.0,1.0,0.0,0.0,0.0,0.0,0.0,0.0,0.0,0.0,0.6,normal,0,17.644784339472185
0.0,0.0,0.0,0.0,0.0,0.0,0.0,0.0,0.0,0.0,1.0,0.3333333333333333,0.0,0.0,0.0,0.12268546666666666,0.0,0.0,0.0,0.6,normal,0,20.015103469747167
0.0,0.0,0.0,0.0,0.0,0.0,0.0,0.0,0.0,0.0,0.0,0.3333333333333333,1.0,0.0,0.0,0.19875493333333336,0.0,0.0,0.0,0.6,normal,0,25.03798910236271
1.0,1.0,1.0,0.0,1.0,0.0,1.0,0.0,0.0,0.0,1.0,0.6666666666666666,1.0,1.0,0.0,1.0,1.6666666666666667,0.8666666666666667,0.0,1.0,compromised,1,98.01760287900987
1.0,1.0,1.0,0.0,1.0,0.0,1.0,0.0,0.0,0.0,1.0,1.0,1.0,1.0,1.0,1.0,1.6666666666666667,0.85,0.0,1.0,compromised,1,97.66199907601911
0.0,0.0,0.0,0.0,0.0,0.0,0.0,0.0,0.0,0.0,0.0,0.3333333333333333,0.0,0.0,0.0,0.11417253333333334,0.0,0.0,0.0,0.6,normal,0,13.410274569225571
0.0,0.0,0.0,0.0,0.0,0.0,0.0,0.0,0.0,0.0,1.0,0.3333333333333333,0.0,0.0,0.0,0.0616428,0.0,0.0,0.0,0.6,normal,0,21.916173898321045
0.0,0.0,0.0,0.0,0.0,0.0,0.0,0.0,0.0,0.0,0.0,0.3333333333333333,1.0,0.0,0.0,0.163756,0.0,0.0,0.0,0.7,normal,0,20.109884974884523
1.0,1.0,0.0,0.0,0.0,0.0,0.0,0.0,0.0,0.0,1.0,0.0,0.0,0.0,0.0,0.0,0.6666666666666666,0.7666666666666666,0.0,0.4,compromised,1,79.42404614854829
1.0,0.0,0.0,0.0,0.0,0.0,0.0,0.0,0.0,0.0,1.0,0.0,0.0,0.0,0.0,0.0,0.3333333333333333,0.0,0.0,0.3,compromised,1,52.672717687002844
0.0,0.0,0.0,0.0,0.0,0.0,0.0,0.0,0.0,0.0,1.0,0.3333333333333333,0.0,0.0,0.0,0.187044,0.0,0.0,1.0,0.6,normal,0,30.793076163091822
0.0,0.0,0.0,0.0,0.0,0.0,0.0,0.0,0.0,0.0,0.0,0.3333333333333333,0.0,0.0,0.0,0.029012399999999997,0.0,0.0,0.0,0.5,normal,0,12.440603948339017
1.0,0.0,0.0,0.0,0.0,0.0,0.0,0.0,0.3333333333333333,1.0,1.0,0.3333333333333333,0.0,1.0,0.0,0.6876644000000001,0.3333333333333333,0.0,0.0,0.9,medium,0,73.96491052281179
0.0,0.0,0.0,0.0,0.0,0.0,0.0,0.0,0.0,0.0,1.0,0.0,0.0,0.0,0.0,0.0,0.0,0.0,0.0,0.6,normal,0,13.136585369424902
0.0,0.0,0.0,0.0,0.0,0.0,0.0,0.0,0.3333333333333333,1.0,1.0,0.3333333333333333,0.0,1.0,0.0,0.71634,0.0,0.0,0.0,0.7,medium,0,49.37727357209283
0.0,0.0,0.0,0.0,0.0,0.0,0.0,0.0,0.0,0.0,0.0,0.3333333333333333,0.0,0.0,0.0,0.15218253333333334,0.0,0.0,0.0,0.5,normal,0,10.691268861492425
0.0,0.0,0.0,0.0,0.0,0.0,0.0,0.0,0.3333333333333333,1.0,0.0,0.3333333333333333,0.0,1.0,0.0,1.0,0.0,0.0,0.0,0.5,medium,0,47.26209166103581
0.0,0.0,0.0,0.0,0.0,0.0,0.0,0.0,0.0,0.0,1.0,0.0,0.0,0.0,0.0,0.0,0.0,0.0,0.0,0.5,normal,0,15.486232279913715
0.0,0.0,0.0,0.0,0.0,0.0,0.0,0.0,0.0,0.0,0.0,0.3333333333333333,0.0,0.0,0.0,0.04254493333333333,0.0,0.0,0.0,0.6,normal,0,13.730940604851032
0.0,0.0,0.0,0.0,0.0,0.0,0.0,0.0,0.3333333333333333,1.0,1.0,0.3333333333333333,0.0,1.0,0.0,0.4053232,0.0,0.0,1.0,0.6,medium,0,57.43355953131353
0.0,0.0,0.0,1.0,0.0,0.0,0.0,0.0,0.0,0.0,1.0,0.3333333333333333,0.0,0.0,0.0,0.0853944,0.3333333333333333,0.0,0.0,0.8,innocent_security_change,0,36.50943439121233
0.0,0.0,0.0,0.0,0.0,0.0,0.0,0.0,0.3333333333333333,1.0,1.0,0.3333333333333333,0.0,1.0,0.0,0.40269946666666667,0.0,0.0,0.0,0.6,medium,0,49.018952098097415
1.0,1.0,0.0,0.0,0.0,0.0,0.0,0.0,0.0,0.0,1.0,0.0,0.0,0.0,0.0,0.0,0.6666666666666666,0.8333333333333334,0.0,0.3,compromised,1,72.24178698093979
0.0,0.0,0.0,0.0,0.0,0.0,0.0,0.0,0.0,0.0,0.0,0.3333333333333333,0.0,0.0,0.0,0.05792800000000001,0.0,0.0,0.0,0.5,normal,0,7.988481278293984
0.0,0.0,0.0,0.0,0.0,0.0,0.0,0.0,0.0,0.0,1.0,0.3333333333333333,0.0,0.0,0.0,0.1281352,0.0,0.0,0.0,0.7,normal,0,23.68984417282678
1.0,1.0,0.0,0.0,0.0,0.0,0.0,0.0,0.0,0.0,1.0,0.0,0.0,0.0,0.0,0.0,0.6666666666666666,0.8333333333333334,0.0,0.4,compromised,1,80.65998817337125
0.0,0.0,0.0,0.0,0.0,0.0,0.0,0.0,0.0,0.0,0.0,0.3333333333333333,1.0,0.0,0.0,0.19900506666666665,0.0,0.0,1.0,0.6,normal,0,27.809760348538866
0.0,0.0,0.0,0.0,0.0,0.0,0.0,0.0,0.0,0.0,1.0,0.0,0.0,0.0,0.0,0.0,0.0,0.0,1.0,0.3,innocent_security_change,0,18.412739497211202
0.0,0.0,0.0,0.0,0.0,0.0,0.0,0.0,0.0,0.0,0.0,0.0,0.0,0.0,0.0,0.0,0.0,0.0,0.0,0.5,normal,0,3.5050277111302375
1.0,0.0,0.0,0.0,0.0,0.0,0.0,0.0,0.3333333333333333,1.0,1.0,0.3333333333333333,0.0,1.0,0.0,1.0,0.3333333333333333,0.0,0.0,0.8,medium,0,78.26534698862979
0.0,0.0,0.0,0.0,0.0,0.0,0.0,0.0,0.0,0.0,1.0,0.3333333333333333,0.0,0.0,0.0,0.07466626666666668,0.0,0.0,1.0,0.4,innocent_security_change,0,23.93545953873801
0.0,0.0,0.0,1.0,0.0,0.0,0.0,0.0,0.0,0.0,0.0,0.3333333333333333,0.0,0.0,0.0,0.1080996,0.3333333333333333,0.0,0.0,0.4,innocent_security_change,0,30.010000052254725
0.0,0.0,0.0,0.0,0.0,0.0,0.0,0.0,0.3333333333333333,1.0,1.0,0.3333333333333333,0.0,1.0,0.0,1.0,0.0,0.0,0.0,0.5,medium,0,52.21851062374955
0.0,0.0,0.0,0.0,0.0,0.0,0.0,0.0,0.0,0.0,0.0,0.0,0.0,0.0,0.0,0.0,0.0,0.0,0.0,0.5,normal,0,3.5349114263318575
0.0,0.0,0.0,0.0,0.0,0.0,0.0,0.0,0.0,0.0,1.0,0.3333333333333333,0.0,0.0,0.0,0.49569693337538906,0.0,0.0,1.0,0.7,innocent_security_change,0,33.22644311338662
0.0,0.0,0.0,0.0,0.0,0.0,0.0,0.0,0.0,0.0,0.0,0.3333333333333333,0.0,0.0,0.0,0.06867426666666666,0.0,0.0,0.0,0.5,normal,0,10.159775699627088
0.0,0.0,0.0,0.0,0.0,0.0,0.0,0.0,0.0,0.0,0.0,0.0,0.0,0.0,0.0,0.0,0.0,0.0,0.0,0.5,normal,0,2.480077377211134
0.0,0.0,0.0,0.0,0.0,0.0,0.0,0.0,0.0,0.0,0.0,0.3333333333333333,0.0,0.0,0.0,0.0,0.0,0.0,0.0,0.6,normal,0,9.625290986048416
0.0,0.0,0.0,0.0,0.0,0.0,0.0,0.0,0.0,0.0,0.0,0.3333333333333333,0.0,0.0,0.0,0.1871624,0.0,0.0,1.0,0.6,normal,0,19.717595829950707
0.0,0.0,0.0,0.0,0.0,0.0,0.0,0.0,0.0,0.0,0.0,0.3333333333333333,0.0,0.0,0.0,0.09806373333333333,0.0,0.0,0.0,0.6,normal,0,10.250345127017887
0.0,0.0,0.0,0.0,0.0,0.0,0.0,0.0,0.0,0.0,0.0,0.0,0.0,0.0,0.0,0.0,0.0,0.0,0.0,0.5,normal,0,2.9240519468597994
0.0,0.0,0.0,0.0,0.0,0.0,0.0,0.0,0.0,0.0,0.0,0.0,0.0,0.0,0.0,0.0,0.0,0.0,0.0,0.5,normal,0,7.567660029789348
1.0,1.0,1.0,0.0,1.0,0.0,1.0,0.0,0.0,0.0,0.0,1.0,1.0,1.0,1.0,1.0,1.6666666666666667,0.8777777777777778,0.0,1.0,compromised,1,99.18725699387068
0.0,0.0,0.0,0.0,0.0,0.0,0.0,0.0,0.3333333333333333,1.0,0.0,0.3333333333333333,0.0,1.0,0.0,0.7779529333333334,0.0,0.0,1.0,0.8,medium,0,51.309553191969044
0.0,0.0,0.0,0.0,0.0,0.0,0.0,0.0,0.3333333333333333,1.0,0.0,0.3333333333333333,0.0,1.0,0.0,0.509784,0.0,0.0,0.0,0.7,medium,0,46.73962290031293
0.0,0.0,0.0,0.0,0.0,0.0,0.0,0.0,0.3333333333333333,1.0,1.0,0.3333333333333333,0.0,1.0,0.0,0.6040405333333333,0.0,0.0,0.0,0.6,medium,0,50.1637410864372
1.0,1.0,1.0,0.0,1.0,0.0,1.0,0.0,0.0,0.0,0.0,1.0,1.0,1.0,1.0,1.0,1.6666666666666667,0.8555555555555556,0.0,1.0,compromised,1,100.0
0.0,0.0,0.0,0.0,0.0,0.0,0.0,0.0,0.3333333333333333,1.0,0.0,0.3333333333333333,0.0,1.0,0.0,1.0,0.0,0.0,0.0,0.7,medium,0,49.70670758883245
1.0,1.0,1.0,0.0,1.0,0.0,0.0,0.0,0.0,0.0,0.0,0.0,0.0,0.0,0.0,0.0,1.3333333333333333,0.9333333333333333,0.0,0.6,compromised,1,91.6466785221454
0.0,0.0,0.0,0.0,0.0,0.0,0.0,0.0,0.0,0.0,1.0,0.3333333333333333,1.0,0.0,0.0,0.18393413333333333,0.0,0.0,0.0,0.6,normal,0,33.1110946743141
0.0,0.0,0.0,0.0,0.0,0.0,0.0,0.0,0.0,0.0,0.0,0.0,0.0,0.0,0.0,0.0,0.0,0.0,0.0,0.5,normal,0,0.0
0.0,0.0,0.0,0.0,0.0,0.0,0.0,0.0,0.0,0.0,0.0,0.3333333333333333,0.0,0.0,0.0,0.15978706666666667,0.0,0.0,0.0,0.7,normal,0,9.79024812579247
0.0,0.0,0.0,0.0,0.0,0.0,0.0,0.0,0.0,0.0,1.0,0.3333333333333333,0.0,0.0,0.0,0.14389013333333334,0.0,0.0,0.0,0.8,normal,0,19.04224118776726
0.0,0.0,0.0,0.0,0.0,0.0,0.0,0.0,0.0,0.0,0.0,0.3333333333333333,0.0,0.0,0.0,0.05182453333333333,0.0,0.0,0.0,0.6,normal,0,10.933308975872855
0.0,0.0,0.0,0.0,0.0,0.0,0.0,0.0,0.0,0.0,0.0,0.3333333333333333,0.0,0.0,0.0,0.10210386666666667,0.0,0.0,0.0,0.6,normal,0,15.558843169769363
1.0,1.0,1.0,0.0,1.0,0.0,1.0,0.0,0.0,0.0,0.0,0.6666666666666666,1.0,1.0,0.0,1.0,1.6666666666666667,0.8388888888888889,0.0,0.9,compromised,1,100.0
0.0,0.0,0.0,0.0,0.0,0.0,0.0,0.0,0.0,0.0,1.0,0.3333333333333333,0.0,0.0,0.0,0.16190413333333334,0.0,0.0,1.0,0.6,normal,0,29.543849058013844
0.0,0.0,0.0,0.0,0.0,0.0,0.0,0.0,0.0,0.0,0.0,0.3333333333333333,0.0,0.0,0.0,0.03245493333333333,0.0,0.0,0.0,0.5,normal,0,10.921195211144711
1.0,1.0,0.0,0.0,0.0,0.0,0.0,0.0,0.0,0.0,0.0,0.0,0.0,0.0,0.0,0.0,0.6666666666666666,0.7,0.0,0.4,compromised,1,68.39242538343365
0.0,0.0,0.0,0.0,0.0,0.0,0.0,0.0,0.0,0.0,1.0,0.3333333333333333,1.0,0.0,0.0,1.0,0.0,0.0,0.0,0.8,normal,0,39.11915391466612
1.0,0.0,0.0,0.0,0.0,0.0,0.0,0.0,0.3333333333333333,1.0,1.0,0.3333333333333333,0.0,1.0,0.0,1.0,0.3333333333333333,0.0,0.0,0.8,medium,0,75.59548471181017
0.0,0.0,0.0,0.0,0.0,0.0,0.0,0.0,0.0,0.0,0.0,0.0,0.0,0.0,0.0,0.0,0.0,0.0,0.0,0.5,normal,0,2.018923107899765
1.0,1.0,1.0,0.0,1.0,0.0,1.0,0.0,0.0,0.0,0.0,0.0,0.0,0.0,0.0,0.0,1.6666666666666667,0.8833333333333333,0.0,0.8,compromised,1,94.20910421494821
0.0,0.0,0.0,0.0,0.0,0.0,0.0,0.0,0.0,0.0,0.0,0.3333333333333333,0.0,0.0,0.0,0.1052072,0.0,0.0,0.0,0.5,normal,0,9.439712772103901
0.0,0.0,0.0,0.0,0.0,0.0,0.0,0.0,0.3333333333333333,1.0,0.0,0.3333333333333333,0.0,1.0,0.0,0.7222106666666667,0.0,0.0,0.0,0.5,medium,0,40.941131398002945
1.0,1.0,1.0,0.0,0.0,0.0,0.0,0.0,0.0,0.0,0.0,0.0,0.0,0.0,0.0,0.0,1.0,0.9055555555555556,0.0,0.5,compromised,1,87.44411557423139
0.0,0.0,0.0,0.0,0.0,0.0,0.0,0.0,0.3333333333333333,1.0,0.0,0.3333333333333333,0.0,1.0,0.0,0.5557646666666667,0.0,0.0,0.0,0.7,medium,0,42.682015721431206
0.0,0.0,0.0,1.0,0.0,0.0,0.0,0.0,0.0,0.0,0.0,0.0,0.0,0.0,0.0,0.0,0.3333333333333333,0.0,0.0,0.5,innocent_security_change,0,24.4680784905905
0.0,0.0,0.0,0.0,0.0,0.0,0.0,0.0,0.3333333333333333,1.0,1.0,0.3333333333333333,0.0,1.0,0.0,1.0,0.0,0.0,0.0,0.9,medium,0,59.92433436748031
0.0,0.0,0.0,0.0,0.0,0.0,0.0,0.0,0.0,0.0,0.0,0.3333333333333333,0.0,0.0,0.0,0.0880064,0.0,0.0,0.0,0.6,normal,0,8.746875931171243
1.0,0.0,0.0,0.0,0.0,0.0,0.0,0.0,0.0,0.0,0.0,0.0,0.0,0.0,0.0,0.0,0.3333333333333333,0.0,0.0,0.4,compromised,1,45.87606274676958
0.0,0.0,0.0,0.0,0.0,0.0,0.0,0.0,0.3333333333333333,1.0,1.0,0.3333333333333333,0.0,1.0,0.0,1.0,0.0,0.0,0.0,0.5,medium,0,52.68809843672656
1.0,0.0,0.0,0.0,0.0,0.0,0.0,0.0,0.3333333333333333,1.0,1.0,0.3333333333333333,0.0,1.0,0.0,0.5115813333333333,0.3333333333333333,0.0,0.0,0.7,medium,0,78.48969951859357
0.0,0.0,0.0,0.0,0.0,0.0,0.0,0.0,0.3333333333333333,1.0,0.0,0.3333333333333333,0.0,1.0,0.0,1.0,0.0,0.0,0.0,0.4,medium,0,52.548720512639505
0.0,0.0,0.0,1.0,0.0,0.0,0.0,0.0,0.0,0.0,0.0,0.0,0.0,0.0,0.0,0.0,0.3333333333333333,0.0,0.0,0.3,innocent_security_change,0,19.680648712274937
1.0,1.0,1.0,0.0,1.0,0.0,1.0,0.0,0.0,0.0,1.0,1.0,1.0,1.0,1.0,1.0,1.6666666666666667,0.8611111111111112,0.0,0.9,compromised,1,99.23141280826877
0.0,0.0,0.0,0.0,0.0,0.0,0.0,0.0,0.3333333333333333,1.0,1.0,0.3333333333333333,0.0,1.0,0.0,0.5877749333333334,0.0,0.0,0.0,0.6,medium,0,49.71894300349051
0.0,0.0,0.0,0.0,0.0,0.0,0.0,0.0,0.0,0.0,0.0,0.3333333333333333,1.0,0.0,0.0,0.16493226666666666,0.0,0.0,0.0,0.6,normal,0,23.67812841181852
0.0,0.0,0.0,0.0,0.0,0.0,0.0,0.0,0.3333333333333333,1.0,0.0,0.3333333333333333,0.0,1.0,0.0,1.0,0.0,0.0,0.0,0.5,medium,0,54.643035739042745
0.0,0.0,0.0,0.0,0.0,0.0,0.0,0.0,0.0,0.0,1.0,0.0,0.0,0.0,0.0,0.0,0.0,0.0,0.0,0.6,normal,0,10.40619526832348
0.0,1.0,0.0,0.0,0.0,0.0,0.0,0.0,0.0,0.0,1.0,0.3333333333333333,0.0,0.0,0.0,0.65441270561452,0.3333333333333333,0.0,1.0,0.7,innocent_security_change,0,54.34872737156263
0.0,0.0,0.0,1.0,0.0,0.0,0.0,0.0,0.0,0.0,0.0,0.3333333333333333,0.0,0.0,0.0,0.13285346666666667,0.3333333333333333,0.0,0.0,0.7,innocent_security_change,0,31.902326079732607
0.0,0.0,0.0,0.0,0.0,0.0,0.0,0.0,0.0,0.0,1.0,0.3333333333333333,0.0,0.0,0.0,0.12931906666666668,0.0,0.0,0.0,0.8,normal,0,24.576086229909205
0.0,0.0,0.0,0.0,0.0,0.0,0.0,0.0,0.0,0.0,0.0,0.0,0.0,0.0,0.0,0.0,0.0,0.0,0.0,0.5,normal,0,3.815999987204794
0.0,0.0,0.0,0.0,0.0,0.0,0.0,0.0,0.0,0.0,0.0,0.3333333333333333,0.0,0.0,0.0,0.19572333333333333,0.0,0.0,1.0,0.7,normal,0,21.38769349514218
0.0,0.0,0.0,0.0,0.0,0.0,0.0,0.0,0.3333333333333333,1.0,0.0,0.3333333333333333,0.0,1.0,0.0,0.6839978666666666,0.0,0.0,0.0,0.4,medium,0,44.21149539195606
0.0,0.0,0.0,0.0,0.0,0.0,0.0,0.0,0.0,0.0,0.0,0.0,0.0,0.0,0.0,0.0,0.0,0.0,0.0,0.5,normal,0,4.243859456640323
0.0,0.0,0.0,0.0,0.0,0.0,0.0,0.0,0.0,0.0,0.0,0.3333333333333333,0.0,0.0,0.0,0.17250333333333334,0.0,0.0,1.0,0.8,normal,0,20.068201223795317
0.0,0.0,0.0,0.0,0.0,0.0,0.0,0.0,0.3333333333333333,1.0,0.0,0.3333333333333333,0.0,1.0,0.0,0.46939186666666666,0.0,0.0,0.0,0.5,medium,0,45.416426475555056
0.0,0.0,0.0,0.0,0.0,0.0,0.0,0.0,0.3333333333333333,1.0,0.0,0.3333333333333333,1.0,1.0,0.0,1.0,0.0,0.0,0.0,0.7,medium,0,54.79191688091705
1.0,1.0,1.0,0.0,0.0,0.0,0.0,0.0,0.0,0.0,0.0,0.0,0.0,0.0,0.0,0.0,1.0,0.6666666666666667,0.0,0.5,compromised,1,85.47892452982998
0.0,0.0,0.0,0.0,0.0,0.0,0.0,0.0,0.0,0.0,0.0,0.0,0.0,0.0,0.0,0.0,0.0,0.0,0.0,0.6,normal,0,4.196642565021302
0.0,0.0,0.0,0.0,0.0,0.0,0.0,0.0,0.0,0.0,0.0,0.3333333333333333,1.0,0.0,0.0,0.19570466666666667,0.0,0.0,0.0,0.7,normal,0,27.646468113881777
0.0,0.0,0.0,0.0,0.0,0.0,0.0,0.0,0.0,0.0,0.0,0.3333333333333333,0.0,0.0,0.0,0.5115191157925951,0.0,0.0,0.0,0.6,normal,0,16.231255845709263
0.0,0.0,0.0,0.0,0.0,0.0,0.0,0.0,0.3333333333333333,1.0,0.0,0.3333333333333333,0.0,1.0,0.0,1.0,0.0,0.0,0.0,0.5,medium,0,43.59959620098296
0.0,0.0,0.0,0.0,0.0,0.0,0.0,0.0,0.0,0.0,1.0,0.0,0.0,0.0,0.0,0.0,0.0,0.0,0.0,0.4,normal,0,16.060771295491598
0.0,0.0,0.0,0.0,0.0,0.0,0.0,0.0,0.0,0.0,1.0,0.0,0.0,0.0,0.0,0.0,0.0,0.0,0.0,0.5,normal,0,11.272750197083818
0.0,0.0,0.0,0.0,0.0,0.0,0.0,0.0,0.0,0.0,0.0,0.0,0.0,0.0,0.0,0.0,0.0,0.0,0.0,0.4,normal,0,1.2327683640857465
0.0,0.0,0.0,0.0,0.0,0.0,0.0,0.0,0.3333333333333333,1.0,0.0,0.3333333333333333,0.0,1.0,0.0,1.0,0.0,0.0,0.0,0.5,medium,0,46.54302413639143
0.0,0.0,0.0,0.0,0.0,0.0,0.0,0.0,0.0,0.0,0.0,0.0,0.0,0.0,0.0,0.0,0.0,0.0,0.0,0.4,normal,0,6.303279443634839
0.0,0.0,0.0,0.0,0.0,0.0,0.0,0.0,0.0,0.0,0.0,0.3333333333333333,0.0,0.0,0.0,1.0,0.0,0.0,0.0,0.6,normal,0,16.757132558060956
0.0,0.0,0.0,0.0,0.0,0.0,0.0,0.0,0.3333333333333333,1.0,1.0,0.3333333333333333,0.0,1.0,0.0,0.5213533333333333,0.0,0.0,0.0,0.7,medium,0,58.60912769711159
1.0,0.0,0.0,0.0,0.0,0.0,0.0,0.0,0.3333333333333333,1.0,0.0,0.3333333333333333,0.0,1.0,0.0,1.0,0.3333333333333333,0.0,0.0,0.5,medium,0,77.06722603135506
1.0,1.0,1.0,0.0,1.0,0.0,1.0,0.0,0.0,0.0,1.0,1.0,1.0,1.0,1.0,1.0,1.6666666666666667,0.9,0.0,1.0,compromised,1,98.58478076411463
1.0,1.0,1.0,0.0,1.0,0.0,1.0,0.0,0.0,0.0,0.0,1.0,1.0,1.0,1.0,1.0,1.6666666666666667,0.8833333333333333,0.0,1.0,compromised,1,97.65130034646837
1.0,1.0,1.0,0.0,0.0,0.0,0.0,0.0,0.0,0.0,0.0,0.0,0.0,0.0,0.0,0.0,1.0,0.9055555555555556,0.0,0.5,compromised,1,86.2882251210817
0.0,1.0,0.0,0.0,0.0,0.0,0.0,0.0,0.0,0.0,0.0,0.3333333333333333,0.0,0.0,0.0,0.06512502711262508,0.3333333333333333,0.0,0.0,0.8,innocent_security_change,0,40.15627010722538
0.0,0.0,0.0,0.0,0.0,0.0,0.0,0.0,0.0,0.0,1.0,0.0,0.0,0.0,0.0,0.0,0.0,0.0,0.0,0.5,normal,0,15.150119914115509
0.0,0.0,0.0,0.0,0.0,1.0,0.0,0.0,0.0,0.0,0.0,0.3333333333333333,0.0,0.0,0.0,0.04846026666666667,0.3333333333333333,0.0,0.0,0.6,innocent_security_change,0,30.7547466864151
0.0,0.0,0.0,1.0,0.0,0.0,0.0,0.0,0.0,0.0,0.0,0.0,0.0,0.0,0.0,0.0,0.3333333333333333,0.0,0.0,0.5,innocent_security_change,0,24.09391303345075
0.0,0.0,0.0,0.0,0.0,0.0,0.0,0.0,0.0,0.0,0.0,0.0,0.0,0.0,0.0,0.0,0.0,0.0,0.0,0.4,normal,0,2.373838159939481
0.0,0.0,0.0,0.0,0.0,0.0,0.0,0.0,0.0,0.0,0.0,0.3333333333333333,0.0,0.0,0.0,0.6811384869221871,0.0,0.0,0.0,0.7,normal,0,18.611189639504616
0.0,0.0,0.0,0.0,0.0,0.0,0.0,0.0,0.0,0.0,0.0,0.3333333333333333,0.0,0.0,0.0,0.12257493333333334,0.0,0.0,0.0,0.6,normal,0,11.004221516214464
1.0,0.0,0.0,0.0,0.0,0.0,0.0,0.0,0.0,0.0,1.0,0.0,0.0,0.0,0.0,0.0,0.3333333333333333,0.0,0.0,0.3,compromised,1,59.66337289925969
0.0,0.0,0.0,0.0,0.0,0.0,0.0,0.0,0.3333333333333333,1.0,0.0,0.3333333333333333,0.0,1.0,0.0,1.0,0.0,0.0,0.0,0.7,medium,0,50.26649391403937
0.0,0.0,0.0,0.0,0.0,0.0,0.0,0.0,0.3333333333333333,1.0,0.0,0.3333333333333333,0.0,1.0,0.0,0.7724993333333333,0.0,0.0,0.0,0.5,medium,0,38.932769029734835
1.0,1.0,0.0,0.0,0.0,0.0,0.0,0.0,0.0,0.0,1.0,0.0,0.0,0.0,0.0,0.0,0.6666666666666666,0.8666666666666667,0.0,0.4,compromised,1,78.48639257645293
0.0,0.0,0.0,0.0,0.0,0.0,0.0,0.0,0.0,0.0,0.0,0.3333333333333333,0.0,0.0,0.0,0.037122361712914,0.0,0.0,0.0,0.6,normal,0,10.871353982403377
0.0,0.0,0.0,0.0,0.0,0.0,0.0,0.0,0.0,0.0,0.0,0.3333333333333333,0.0,0.0,0.0,0.13165813333333334,0.0,0.0,0.0,0.6,normal,0,11.561579908751835
0.0,0.0,0.0,0.0,0.0,0.0,0.0,0.0,0.3333333333333333,1.0,0.0,0.3333333333333333,0.0,1.0,0.0,0.6900634666666667,0.0,0.0,0.0,0.6,medium,0,45.058415390644015
0.0,0.0,0.0,0.0,0.0,0.0,0.0,0.0,0.0,0.0,0.0,0.3333333333333333,0.0,0.0,0.0,0.0,0.0,0.0,0.0,0.6,normal,0,12.709597295828026
0.0,0.0,0.0,0.0,0.0,0.0,0.0,0.0,0.0,0.0,0.0,0.0,0.0,0.0,0.0,0.0,0.0,0.0,0.0,0.4,normal,0,5.236000366014941
1.0,0.0,0.0,0.0,0.0,0.0,0.0,0.0,0.3333333333333333,1.0,1.0,0.3333333333333333,0.0,1.0,0.0,1.0,0.3333333333333333,0.0,0.0,0.7,medium,0,75.46899111427908
0.0,0.0,0.0,0.0,0.0,0.0,0.0,0.0,0.0,0.0,0.0,0.3333333333333333,0.0,0.0,0.0,0.17314,0.0,0.0,1.0,0.5,normal,0,20.207091077823947
0.0,0.0,0.0,0.0,0.0,0.0,0.0,0.0,0.0,0.0,1.0,0.0,0.0,0.0,0.0,0.0,0.0,0.0,0.0,0.4,normal,0,10.476825707353404
0.0,0.0,0.0,0.0,0.0,0.0,0.0,0.0,0.3333333333333333,1.0,0.0,0.3333333333333333,0.0,1.0,0.0,0.749786,0.0,0.0,0.0,0.6,medium,0,43.0474708807293
0.0,0.0,0.0,0.0,0.0,0.0,0.0,0.0,0.0,0.0,0.0,0.0,0.0,0.0,0.0,0.0,0.0,0.0,0.0,0.5,normal,0,2.0042490420526424
0.0,0.0,0.0,0.0,0.0,0.0,0.0,0.0,0.3333333333333333,1.0,0.0,0.3333333333333333,0.0,1.0,0.0,1.0,0.0,0.0,0.0,0.6,medium,0,50.56473782347413
1.0,1.0,1.0,0.0,1.0,0.0,1.0,0.0,0.0,0.0,1.0,1.0,1.0,1.0,1.0,1.0,1.6666666666666667,0.9111111111111111,0.0,1.0,compromised,1,100.0
1.0,1.0,1.0,0.0,1.0,0.0,1.0,0.0,0.0,0.0,0.0,0.0,0.0,0.0,0.0,0.0,1.6666666666666667,0.8888888888888888,0.0,0.7,compromised,1,95.88171243876334
0.0,0.0,0.0,0.0,0.0,0.0,0.0,0.0,0.0,0.0,0.0,0.3333333333333333,0.0,0.0,0.0,1.0,0.0,0.0,1.0,0.4,normal,0,29.636595168281676
0.0,0.0,0.0,0.0,0.0,0.0,0.0,0.0,0.0,0.0,1.0,0.3333333333333333,0.0,0.0,0.0,0.18938013333333334,0.0,0.0,1.0,0.8,normal,0,30.56282963649228
1.0,1.0,1.0,0.0,0.0,0.0,0.0,0.0,0.0,0.0,0.0,0.0,0.0,0.0,0.0,0.0,1.0,0.95,0.0,0.5,compromised,1,84.15594896590758
0.0,0.0,0.0,0.0,0.0,0.0,0.0,0.0,0.0,0.0,0.0,0.0,0.0,0.0,0.0,0.0,0.0,0.0,0.0,0.5,normal,0,4.650848465212407
1.0,1.0,1.0,0.0,1.0,0.0,1.0,0.0,0.0,0.0,0.0,1.0,1.0,1.0,1.0,1.0,1.6666666666666667,0.8777777777777778,0.0,1.0,compromised,1,99.78598218708679
1.0,0.0,0.0,0.0,0.0,0.0,0.0,0.0,0.3333333333333333,1.0,0.0,0.3333333333333333,0.0,1.0,0.0,0.6661326666666666,0.3333333333333333,0.0,0.0,0.9,medium,0,75.80998690823576
1.0,0.0,0.0,0.0,0.0,0.0,0.0,0.0,0.3333333333333333,1.0,0.0,0.3333333333333333,0.0,1.0,0.0,1.0,0.3333333333333333,0.0,0.0,0.5,medium,0,77.39936743737654
0.0,0.0,0.0,0.0,0.0,0.0,0.0,0.0,0.0,0.0,0.0,0.0,0.0,0.0,0.0,0.0,0.0,0.0,0.0,0.4,normal,0,4.637943828710456
1.0,0.0,0.0,0.0,0.0,0.0,0.0,0.0,0.3333333333333333,1.0,1.0,0.3333333333333333,0.0,1.0,0.0,1.0,0.3333333333333333,0.0,0.0,0.9,medium,0,78.60613676536174
0.0,0.0,0.0,0.0,0.0,0.0,0.0,0.0,0.0,0.0,0.0,0.3333333333333333,1.0,0.0,0.0,0.43397932785860216,0.0,0.0,1.0,0.6,normal,0,35.89295644672958
0.0,0.0,0.0,0.0,0.0,0.0,0.0,0.0,0.0,0.0,0.0,0.3333333333333333,0.0,0.0,0.0,0.06686933333333334,0.0,0.0,1.0,0.6,innocent_security_change,0,18.459022944475123
0.0,0.0,0.0,0.0,0.0,0.0,0.0,0.0,0.0,0.0,0.0,0.3333333333333333,0.0,0.0,0.0,0.14778146666666667,0.0,0.0,0.0,0.6,normal,0,9.610719448570128
0.0,0.0,0.0,0.0,0.0,0.0,0.0,0.0,0.0,0.0,0.0,0.3333333333333333,0.0,0.0,0.0,0.08989186666666667,0.0,0.0,0.0,0.7,normal,0,11.306481861883425
0.0,0.0,0.0,0.0,0.0,0.0,0.0,0.0,0.0,0.0,0.0,0.0,0.0,0.0,0.0,0.0,0.0,0.0,0.0,0.4,normal,0,1.0049275986916735
0.0,0.0,0.0,0.0,0.0,1.0,0.0,0.0,0.0,0.0,0.0,0.3333333333333333,0.0,0.0,0.0,0.0,0.3333333333333333,0.0,0.0,0.7,innocent_security_change,0,27.693607398133913
0.0,0.0,0.0,0.0,0.0,0.0,0.0,0.0,0.0,0.0,0.0,0.3333333333333333,0.0,0.0,0.0,0.10036199999999999,0.0,0.0,0.0,0.5,normal,0,10.19562917101033
1.0,1.0,1.0,0.0,1.0,0.0,1.0,0.0,0.0,0.0,1.0,1.0,1.0,1.0,1.0,1.0,1.6666666666666667,0.9055555555555556,0.0,1.0,compromised,1,96.04882029896768
1.0,1.0,1.0,0.0,1.0,0.0,1.0,0.0,0.0,0.0,0.0,1.0,1.0,1.0,1.0,1.0,1.6666666666666667,0.8944444444444445,0.0,1.0,compromised,1,97.0257681523251
0.0,0.0,0.0,0.0,0.0,0.0,0.0,0.0,0.0,0.0,0.0,0.3333333333333333,0.0,0.0,0.0,0.39663969570206087,0.0,0.0,0.0,0.6,normal,0,10.216354880122406
0.0,0.0,0.0,0.0,0.0,0.0,0.0,0.0,0.0,0.0,1.0,0.0,0.0,0.0,0.0,0.0,0.0,0.0,0.0,0.6,normal,0,14.69685535774371
0.0,0.0,0.0,0.0,0.0,0.0,0.0,0.0,0.0,0.0,0.0,0.0,0.0,0.0,0.0,0.0,0.0,0.0,0.0,0.5,normal,0,3.574055791933116
0.0,0.0,0.0,0.0,0.0,0.0,0.0,0.0,0.0,0.0,0.0,0.3333333333333333,0.0,0.0,0.0,0.1030236,0.0,0.0,0.0,0.5,normal,0,8.548824722534846
0.0,0.0,0.0,0.0,0.0,0.0,0.0,0.0,0.0,0.0,0.0,0.0,0.0,0.0,0.0,0.0,0.0,0.0,0.0,0.4,normal,0,4.515298381788808
0.0,0.0,0.0,0.0,0.0,0.0,0.0,0.0,0.3333333333333333,1.0,1.0,0.3333333333333333,0.0,1.0,0.0,0.4031337333333333,0.0,0.0,0.0,0.4,medium,0,51.1498678295647
0.0,0.0,0.0,0.0,0.0,0.0,0.0,0.0,0.3333333333333333,1.0,0.0,0.3333333333333333,0.0,1.0,0.0,1.0,0.0,0.0,0.0,0.6,medium,0,44.389854481594796
0.0,0.0,0.0,0.0,0.0,0.0,0.0,0.0,0.3333333333333333,1.0,0.0,0.3333333333333333,1.0,1.0,0.0,0.5316832,0.0,0.0,0.0,0.8,medium,0,51.0309560322252
1.0,0.0,0.0,0.0,0.0,0.0,0.0,0.0,0.3333333333333333,1.0,1.0,0.0,0.0,0.0,0.0,0.0,0.3333333333333333,0.0,0.0,0.6,medium,0,64.5267378175012
0.0,0.0,0.0,0.0,0.0,0.0,0.0,0.0,0.0,0.0,0.0,0.3333333333333333,0.0,0.0,0.0,0.0,0.0,0.0,0.0,0.5,normal,0,6.891891422515364
1.0,1.0,0.0,0.0,1.0,0.0,1.0,0.0,0.0,0.0,0.0,1.0,1.0,1.0,1.0,1.0,1.3333333333333333,0.9333333333333333,0.0,0.9,compromised,1,98.38760503094426
0.0,0.0,0.0,0.0,0.0,0.0,0.0,0.0,0.3333333333333333,1.0,0.0,0.3333333333333333,0.0,1.0,0.0,1.0,0.0,0.0,0.0,0.6,medium,0,47.92418879558522
1.0,0.0,0.0,0.0,0.0,0.0,0.0,0.0,0.3333333333333333,1.0,1.0,0.3333333333333333,0.0,1.0,0.0,0.6003026666666667,0.3333333333333333,0.0,0.0,0.6,medium,0,75.21228145281192
1.0,1.0,1.0,0.0,1.0,0.0,1.0,0.0,0.0,0.0,0.0,1.0,1.0,1.0,1.0,1.0,1.6666666666666667,0.9277777777777778,0.0,1.0,compromised,1,92.80728806380495
0.0,0.0,0.0,0.0,0.0,0.0,0.0,0.0,0.0,0.0,1.0,0.0,0.0,0.0,0.0,0.0,0.0,0.0,0.0,0.6,normal,0,15.752166164834428
0.0,0.0,0.0,0.0,0.0,0.0,0.0,0.0,0.0,0.0,0.0,0.0,0.0,0.0,0.0,0.0,0.0,0.0,0.0,0.4,normal,0,0.0
0.0,0.0,0.0,0.0,0.0,0.0,0.0,0.0,0.0,0.0,0.0,0.0,0.0,0.0,0.0,0.0,0.0,0.0,0.0,0.4,normal,0,3.0170157863736167
0.0,0.0,0.0,0.0,0.0,0.0,0.0,0.0,0.3333333333333333,0.0,0.0,0.3333333333333333,0.0,1.0,0.0,1.0,0.0,0.0,0.0,0.5,medium,0,38.36343845300645
0.0,0.0,0.0,0.0,0.0,0.0,0.0,0.0,0.3333333333333333,1.0,1.0,0.3333333333333333,0.0,1.0,0.0,0.433004,0.0,0.0,0.0,0.8,medium,0,53.89099708174086
1.0,0.0,0.0,0.0,0.0,0.0,0.0,0.0,0.3333333333333333,1.0,0.0,0.3333333333333333,0.0,1.0,0.0,0.6671304,0.3333333333333333,0.0,0.0,0.7,medium,0,70.27399163104148
0.0,0.0,0.0,0.0,0.0,0.0,0.0,0.0,0.0,0.0,1.0,0.3333333333333333,0.0,0.0,0.0,0.13469773333333332,0.0,0.0,0.0,0.6,normal,0,13.229978786962608
0.0,0.0,0.0,0.0,0.0,0.0,0.0,0.0,0.0,0.0,0.0,0.3333333333333333,0.0,0.0,0.0,0.11109600000000001,0.0,0.0,0.0,0.6,normal,0,11.803213256090247
0.0,0.0,0.0,0.0,0.0,0.0,0.0,0.0,0.0,0.0,1.0,0.3333333333333333,0.0,0.0,0.0,0.13472133333333333,0.0,0.0,0.0,0.6,normal,0,25.280309074739012
0.0,0.0,0.0,0.0,0.0,0.0,0.0,0.0,0.0,0.0,0.0,0.0,0.0,0.0,0.0,0.0,0.0,0.0,0.0,0.5,normal,0,6.668407985876149
0.0,0.0,0.0,0.0,0.0,0.0,0.0,0.0,0.0,0.0,1.0,0.3333333333333333,0.0,0.0,0.0,0.11890079999999999,0.0,0.0,0.0,0.9,normal,0,22.834345866180275
1.0,0.0,0.0,0.0,0.0,0.0,0.0,0.0,0.3333333333333333,1.0,0.0,0.3333333333333333,0.0,1.0,0.0,1.0,0.3333333333333333,0.0,0.0,0.5,medium,0,73.19799354460982
1.0,0.0,0.0,0.0,0.0,0.0,0.0,0.0,0.3333333333333333,1.0,0.0,0.3333333333333333,0.0,1.0,0.0,0.4200536,0.3333333333333333,0.0,0.0,0.6,medium,0,74.39568555052112
0.0,0.0,0.0,0.0,0.0,0.0,0.0,0.0,0.0,0.0,0.0,0.3333333333333333,0.0,0.0,0.0,0.013719733333333333,0.0,0.0,0.0,0.8,normal,0,8.943551734840389
0.0,0.0,0.0,0.0,0.0,0.0,0.0,0.0,0.0,0.0,0.0,0.3333333333333333,0.0,0.0,0.0,0.0106032,0.0,0.0,0.0,0.6,normal,0,11.229063627165086
1.0,0.0,0.0,0.0,0.0,0.0,0.0,0.0,0.3333333333333333,1.0,0.0,0.3333333333333333,0.0,1.0,0.0,1.0,0.3333333333333333,0.0,0.0,0.6,medium,0,75.87606957821676
0.0,0.0,0.0,0.0,0.0,0.0,0.0,0.0,0.0,0.0,0.0,0.0,0.0,0.0,0.0,0.0,0.0,0.0,0.0,0.5,normal,0,6.221566872274755
0.0,0.0,0.0,0.0,0.0,0.0,0.0,0.0,0.0,0.0,0.0,0.3333333333333333,0.0,0.0,0.0,0.20538001278479115,0.0,0.0,0.0,0.6,normal,0,19.45027785605001
0.0,0.0,0.0,0.0,0.0,0.0,0.0,0.0,0.0,0.0,0.0,0.3333333333333333,1.0,0.0,0.0,0.8563824334974185,0.0,0.0,0.0,0.5,normal,0,31.699310549091102
0.0,0.0,0.0,0.0,0.0,1.0,0.0,0.0,0.0,0.0,1.0,0.3333333333333333,0.0,0.0,0.0,0.019696133333333334,0.3333333333333333,0.0,0.0,0.7,innocent_security_change,0,35.58878340120099
0.0,0.0,0.0,0.0,0.0,0.0,0.0,0.0,0.0,0.0,0.0,0.3333333333333333,0.0,0.0,0.0,0.028384666666666666,0.0,0.0,0.0,0.7,normal,0,10.856820211913808
0.0,0.0,0.0,0.0,0.0,0.0,0.0,0.0,0.0,0.0,0.0,0.0,0.0,0.0,0.0,0.0,0.0,0.0,0.0,0.4,normal,0,0.0
0.0,0.0,0.0,1.0,0.0,0.0,0.0,0.0,0.0,0.0,0.0,0.3333333333333333,0.0,0.0,0.0,0.08356306666666666,0.3333333333333333,0.0,0.0,0.7,innocent_security_change,0,28.4979158645208
1.0,1.0,1.0,0.0,1.0,0.0,1.0,0.0,0.0,0.0,1.0,1.0,1.0,1.0,1.0,1.0,1.6666666666666667,0.8777777777777778,0.0,1.0,compromised,1,96.99067926675757
0.0,0.0,0.0,0.0,0.0,0.0,0.0,0.0,0.0,0.0,0.0,0.0,0.0,0.0,0.0,0.0,0.0,0.0,0.0,0.4,normal,0,1.5569632158713147
1.0,0.0,0.0,0.0,0.0,0.0,0.0,0.0,0.0,0.0,1.0,0.0,0.0,0.0,0.0,0.0,0.3333333333333333,0.0,0.0,0.3,compromised,1,57.20983483717634
1.0,0.0,0.0,0.0,0.0,0.0,0.0,0.0,0.0,0.0,1.0,0.0,0.0,0.0,0.0,0.0,0.3333333333333333,0.0,0.0,0.3,compromised,1,54.77289782613653
0.0,0.0,0.0,0.0,0.0,0.0,0.0,0.0,0.0,0.0,0.0,0.0,0.0,0.0,0.0,0.0,0.0,0.0,0.0,0.4,normal,0,5.669760879018975
1.0,1.0,0.0,0.0,0.0,0.0,0.0,0.0,0.0,0.0,1.0,0.0,0.0,0.0,0.0,0.0,0.6666666666666666,0.8,0.0,0.4,compromised,1,76.39374088594496
0.0,0.0,0.0,0.0,0.0,0.0,0.0,0.0,0.0,0.0,0.0,0.3333333333333333,1.0,0.0,0.0,0.1992785333333333,0.0,0.0,0.0,0.5,normal,0,23.746376501764093
0.0,0.0,0.0,0.0,0.0,0.0,0.0,0.0,0.0,0.0,0.0,0.3333333333333333,0.0,0.0,0.0,0.050686133333333334,0.0,0.0,0.0,0.6,normal,0,9.741405899913683
1.0,1.0,1.0,0.0,1.0,0.0,1.0,0.0,0.0,0.0,1.0,1.0,1.0,1.0,1.0,1.0,1.6666666666666667,0.9,0.0,1.0,compromised,1,98.41466018843917
0.0,0.0,0.0,0.0,0.0,0.0,0.0,0.0,0.0,0.0,0.0,0.3333333333333333,0.0,0.0,0.0,0.1310912,0.0,0.0,0.0,0.8,normal,0,14.940304728376399
0.0,0.0,0.0,0.0,0.0,0.0,0.0,0.0,0.0,0.0,0.0,0.0,0.0,0.0,0.0,0.0,0.0,0.0,0.0,0.5,normal,0,1.4032165642503043
0.0,0.0,0.0,0.0,0.0,0.0,0.0,0.0,0.0,0.0,0.0,0.0,0.0,0.0,0.0,0.0,0.0,0.0,0.0,0.6,normal,0,2.6245083765456063
0.0,0.0,0.0,0.0,0.0,0.0,0.0,0.0,0.0,0.0,1.0,0.0,0.0,0.0,0.0,0.0,0.0,0.0,0.0,0.6,normal,0,13.4043060173697
0.0,0.0,0.0,0.0,0.0,0.0,0.0,0.0,0.3333333333333333,0.0,1.0,0.3333333333333333,0.0,1.0,0.0,1.0,0.0,0.0,0.0,0.7,medium,0,41.55422792335615
0.0,0.0,0.0,0.0,0.0,0.0,0.0,0.0,0.0,0.0,0.0,0.0,0.0,0.0,0.0,0.0,0.0,0.0,0.0,0.5,normal,0,1.522897454223811
1.0,1.0,1.0,0.0,1.0,0.0,1.0,0.0,0.0,0.0,1.0,1.0,1.0,1.0,1.0,1.0,1.6666666666666667,0.8888888888888888,0.0,1.0,compromised,1,96.82974257845791
1.0,0.0,0.0,0.0,0.0,0.0,0.0,0.0,0.0,0.0,1.0,0.0,0.0,0.0,0.0,0.0,0.3333333333333333,0.0,0.0,0.3,compromised,1,59.01492060887385
0.0,0.0,0.0,0.0,0.0,0.0,0.0,0.0,0.0,0.0,0.0,0.0,0.0,0.0,0.0,0.0,0.0,0.0,0.0,0.5,normal,0,4.227445426032368
0.0,0.0,0.0,0.0,0.0,0.0,0.0,0.0,0.0,0.0,1.0,0.3333333333333333,0.0,0.0,0.0,0.15759373333333335,0.0,0.0,0.0,0.7,normal,0,22.0982835754183
0.0,0.0,0.0,1.0,0.0,0.0,0.0,0.0,0.0,0.0,0.0,0.3333333333333333,0.0,0.0,0.0,0.1265084,0.3333333333333333,0.0,0.0,0.8,innocent_security_change,0,33.298776176369465
0.0,0.0,0.0,0.0,0.0,0.0,0.0,0.0,0.0,0.0,0.0,0.3333333333333333,0.0,0.0,0.0,0.13302533333333333,0.0,0.0,0.0,0.5,normal,0,10.637435261810312
1.0,1.0,0.0,0.0,0.0,0.0,0.0,0.0,0.0,0.0,0.0,0.0,0.0,0.0,0.0,0.0,0.6666666666666666,0.7666666666666666,0.0,0.4,compromised,1,74.39183859325239
0.0,0.0,0.0,0.0,0.0,0.0,0.0,0.0,0.0,1.0,1.0,0.3333333333333333,0.0,1.0,0.0,0.5712334666666667,0.0,0.0,0.0,0.5,medium,0,47.682580095975005
0.0,0.0,0.0,0.0,0.0,0.0,0.0,0.0,0.0,0.0,0.0,0.0,0.0,0.0,0.0,0.0,0.0,0.0,0.0,0.5,normal,0,4.234447977026626
1.0,1.0,1.0,0.0,1.0,0.0,1.0,0.0,0.0,0.0,0.0,1.0,1.0,1.0,1.0,1.0,1.6666666666666667,0.8611111111111112,0.0,1.0,compromised,1,96.31729605671418
0.0,0.0,0.0,0.0,0.0,1.0,0.0,0.0,0.0,0.0,0.0,0.0,0.0,0.0,0.0,0.0,0.3333333333333333,0.0,0.0,0.5,innocent_security_change,0,17.772918434621555
0.0,0.0,0.0,0.0,0.0,0.0,0.0,0.0,0.0,0.0,0.0,0.3333333333333333,0.0,0.0,0.0,1.0,0.0,0.0,0.0,0.6,normal,0,21.760620187541935
1.0,1.0,0.0,0.0,0.0,0.0,0.0,0.0,0.0,0.0,1.0,0.0,0.0,0.0,0.0,0.0,0.6666666666666666,0.9,0.0,0.3,compromised,1,80.45957235077628
0.0,0.0,0.0,0.0,0.0,0.0,0.0,0.0,0.0,0.0,0.0,0.3333333333333333,0.0,0.0,0.0,0.14072746666666666,0.0,0.0,0.0,0.6,normal,0,14.040417548092925
0.0,0.0,0.0,0.0,0.0,0.0,0.0,0.0,0.0,0.0,0.0,0.3333333333333333,0.0,0.0,0.0,0.1249752,0.0,0.0,0.0,0.5,normal,0,13.290062353390425
0.0,0.0,0.0,0.0,0.0,0.0,0.0,0.0,0.0,0.0,0.0,0.3333333333333333,0.0,0.0,0.0,0.17965493333333335,0.0,0.0,1.0,0.6,normal,0,22.94135551399889
0.0,0.0,0.0,0.0,0.0,0.0,0.0,0.0,0.0,0.0,0.0,0.3333333333333333,0.0,0.0,0.0,0.15225653333333333,0.0,0.0,0.0,0.6,normal,0,12.094432385384353
0.0,1.0,0.0,0.0,0.0,0.0,0.0,0.0,0.0,0.0,0.0,0.3333333333333333,0.0,0.0,0.0,0.14873933333333333,0.3333333333333333,0.0,0.0,0.6,innocent_security_change,0,39.20084445417459
1.0,1.0,1.0,0.0,1.0,0.0,1.0,0.0,0.0,0.0,0.0,1.0,1.0,1.0,1.0,1.0,1.6666666666666667,0.9,0.0,0.9,compromised,1,96.2390379794047
0.0,0.0,0.0,0.0,0.0,0.0,0.0,0.0,0.3333333333333333,1.0,1.0,0.3333333333333333,0.0,1.0,0.0,0.7614259999999999,0.0,0.0,0.0,0.9,medium,0,52.35074788541362
1.0,1.0,1.0,0.0,1.0,0.0,1.0,0.0,0.0,0.0,1.0,1.0,1.0,1.0,1.0,1.0,1.6666666666666667,0.8722222222222222,0.0,1.0,compromised,1,99.55010075898286
0.0,0.0,0.0,0.0,0.0,0.0,0.0,0.0,0.3333333333333333,1.0,0.0,0.3333333333333333,0.0,1.0,0.0,1.0,0.0,0.0,0.0,0.7,medium,0,51.792313201259255
1.0,1.0,1.0,0.0,1.0,0.0,1.0,0.0,0.0,0.0,0.0,1.0,1.0,1.0,1.0,1.0,1.6666666666666667,0.8611111111111112,0.0,1.0,compromised,1,97.42557701154064
0.0,0.0,0.0,0.0,0.0,0.0,0.0,0.0,0.0,0.0,0.0,0.0,0.0,0.0,0.0,0.0,0.0,0.0,0.0,0.4,normal,0,1.741711048579267
0.0,0.0,0.0,0.0,0.0,0.0,0.0,0.0,0.0,0.0,1.0,0.3333333333333333,0.0,0.0,0.0,0.14358533333333331,0.0,0.0,0.0,0.5,normal,0,20.30491789335572
0.0,0.0,0.0,0.0,0.0,0.0,0.0,0.0,0.0,0.0,0.0,0.3333333333333333,0.0,0.0,0.0,0.029333733333333337,0.0,0.0,0.0,0.5,normal,0,11.13108200677108
0.0,0.0,0.0,0.0,0.0,0.0,0.0,0.0,0.3333333333333333,1.0,0.0,0.3333333333333333,0.0,1.0,0.0,0.7556004,0.0,0.0,0.0,0.5,medium,0,42.54190517102148
0.0,0.0,0.0,0.0,0.0,0.0,0.0,0.0,0.0,0.0,0.0,0.0,0.0,0.0,0.0,0.0,0.0,0.0,0.0,0.4,normal,0,0.0
1.0,1.0,1.0,0.0,1.0,0.0,1.0,0.0,0.0,0.0,0.0,0.0,0.0,0.0,0.0,0.0,1.6666666666666667,0.8444444444444444,0.0,0.6,compromised,1,93.11243603915922
0.0,0.0,0.0,0.0,0.0,0.0,0.0,0.0,0.0,0.0,0.0,0.0,0.0,0.0,0.0,0.0,0.0,0.0,0.0,0.5,normal,0,0.5192610387421586
1.0,1.0,1.0,0.0,1.0,0.0,1.0,0.0,0.0,0.0,0.0,0.6666666666666666,1.0,1.0,0.0,1.0,1.6666666666666667,0.8611111111111112,0.0,0.9,compromised,1,95.76671463662665
0.0,0.0,0.0,0.0,0.0,0.0,0.0,0.0,0.0,0.0,0.0,0.3333333333333333,0.0,0.0,0.0,0.19642933333333334,0.0,0.0,1.0,0.8,normal,0,20.831441211279667
0.0,0.0,0.0,0.0,0.0,0.0,0.0,0.0,0.0,0.0,0.0,0.3333333333333333,0.0,0.0,0.0,0.13004813333333334,0.0,0.0,0.0,0.6,normal,0,10.454528636483577
0.0,0.0,0.0,0.0,0.0,0.0,0.0,0.0,0.0,0.0,0.0,0.3333333333333333,0.0,0.0,0.0,0.05235,0.0,0.0,0.0,0.6,normal,0,14.213954629487242
0.0,0.0,0.0,0.0,0.0,0.0,0.0,0.0,0.0,0.0,0.0,0.3333333333333333,0.0,0.0,0.0,0.16436426666666668,0.0,0.0,1.0,0.6,normal,0,20.48943315702842
0.0,0.0,0.0,1.0,0.0,0.0,0.0,0.0,0.0,0.0,1.0,0.0,0.0,0.0,0.0,0.0,0.3333333333333333,0.0,0.0,0.3,innocent_security_change,0,31.489113626758535
0.0,0.0,0.0,0.0,0.0,0.0,0.0,0.0,0.0,0.0,0.0,0.0,0.0,0.0,0.0,0.0,0.0,0.0,0.0,0.5,normal,0,5.12655996363606
1.0,0.0,0.0,0.0,0.0,0.0,0.0,0.0,0.3333333333333333,1.0,0.0,0.3333333333333333,0.0,1.0,0.0,1.0,0.3333333333333333,0.0,0.0,0.8,medium,0,72.13191299531655
0.0,0.0,0.0,0.0,0.0,0.0,0.0,0.0,0.0,0.0,0.0,0.3333333333333333,0.0,0.0,0.0,0.048123733333333335,0.0,0.0,0.0,0.6,normal,0,13.125580946353605
1.0,0.0,0.0,0.0,0.0,0.0,0.0,0.0,0.3333333333333333,1.0,0.0,0.3333333333333333,0.0,1.0,0.0,1.0,0.3333333333333333,0.0,0.0,0.9,medium,0,74.97089590187169
0.0,0.0,0.0,0.0,0.0,0.0,0.0,0.0,0.0,0.0,0.0,0.3333333333333333,0.0,0.0,0.0,0.16658773333333332,0.0,0.0,1.0,0.6,normal,0,21.374747549598805
0.0,0.0,0.0,0.0,0.0,0.0,0.0,0.0,0.0,0.0,0.0,0.3333333333333333,0.0,0.0,0.0,0.09379306666666666,0.0,0.0,0.0,0.6,normal,0,8.440535696184151
0.0,0.0,0.0,0.0,0.0,0.0,0.0,0.0,0.3333333333333333,1.0,0.0,0.3333333333333333,0.0,1.0,0.0,1.0,0.0,0.0,0.0,0.6,medium,0,44.52435722747707
0.0,0.0,0.0,0.0,0.0,0.0,0.0,0.0,0.0,0.0,1.0,0.0,0.0,0.0,0.0,0.0,0.0,0.0,0.0,0.2,compromised,1,13.674611312246777
0.0,0.0,0.0,0.0,0.0,0.0,0.0,0.0,0.3333333333333333,1.0,0.0,0.3333333333333333,0.0,1.0,0.0,1.0,0.0,0.0,0.0,0.5,medium,0,48.97320118674395
0.0,0.0,0.0,0.0,0.0,0.0,0.0,0.0,0.0,0.0,0.0,0.3333333333333333,0.0,0.0,0.0,0.1165868,0.0,0.0,0.0,0.6,normal,0,9.159238730706022
0.0,0.0,0.0,0.0,0.0,0.0,0.0,0.0,0.0,0.0,0.0,0.0,0.0,0.0,0.0,0.0,0.0,0.0,0.0,0.5,normal,0,1.3968844003408192
0.0,0.0,0.0,0.0,0.0,0.0,0.0,0.0,0.0,0.0,0.0,0.3333333333333333,0.0,0.0,0.0,0.06091093333333333,0.0,0.0,0.0,0.6,normal,0,13.507648158007996
0.0,0.0,0.0,0.0,0.0,0.0,0.0,0.0,0.0,0.0,0.0,0.3333333333333333,1.0,0.0,0.0,0.19753306666666667,0.0,0.0,0.0,0.7,normal,0,21.877801132850188
0.0,0.0,0.0,0.0,0.0,0.0,0.0,0.0,0.3333333333333333,1.0,1.0,0.3333333333333333,0.0,1.0,0.0,1.0,0.0,0.0,0.0,0.4,medium,0,57.16966958716283
0.0,0.0,0.0,0.0,0.0,0.0,0.0,0.0,0.0,0.0,0.0,0.3333333333333333,0.0,0.0,0.0,0.05521826666666667,0.0,0.0,0.0,0.5,normal,0,7.716125987912022
0.0,0.0,0.0,0.0,0.0,0.0,0.0,0.0,0.0,0.0,0.0,0.3333333333333333,0.0,0.0,0.0,0.021747199999999998,0.0,0.0,0.0,0.5,normal,0,11.124264858413373
0.0,0.0,0.0,0.0,0.0,0.0,0.0,0.0,0.0,0.0,0.0,0.3333333333333333,1.0,0.0,0.0,0.17430720000000002,0.0,0.0,1.0,0.7,normal,0,30.327944429647843
0.0,0.0,0.0,0.0,0.0,0.0,0.0,0.0,0.0,0.0,0.0,0.0,0.0,0.0,0.0,0.0,0.0,0.0,0.0,0.4,normal,0,4.375152788413654
0.0,0.0,0.0,0.0,0.0,0.0,0.0,0.0,0.0,0.0,0.0,0.3333333333333333,0.0,0.0,0.0,0.0,0.0,0.0,0.0,0.6,normal,0,8.539030490577511
0.0,0.0,0.0,0.0,0.0,0.0,0.0,0.0,0.0,0.0,0.0,0.0,0.0,0.0,0.0,0.0,0.0,0.0,0.0,0.5,normal,0,3.1640598383468195
0.0,0.0,0.0,0.0,0.0,0.0,0.0,0.0,0.0,0.0,0.0,0.3333333333333333,1.0,0.0,0.0,0.1636668,0.0,0.0,0.0,0.7,normal,0,24.582533018203033
0.0,0.0,0.0,0.0,0.0,1.0,0.0,0.0,0.0,0.0,0.0,0.3333333333333333,0.0,0.0,0.0,0.1492953962595022,0.3333333333333333,0.0,0.0,0.4,innocent_security_change,0,26.868846544774126
1.0,0.0,0.0,0.0,0.0,0.0,0.0,0.0,0.0,0.0,1.0,0.0,0.0,0.0,0.0,0.0,0.3333333333333333,0.0,0.0,0.3,compromised,1,58.681008520642344
0.0,0.0,0.0,0.0,0.0,0.0,0.0,0.0,0.0,0.0,0.0,0.0,0.0,0.0,0.0,0.0,0.0,0.0,0.0,0.4,normal,0,1.584150294528833
0.0,0.0,0.0,0.0,0.0,0.0,0.0,0.0,0.0,0.0,0.0,0.3333333333333333,0.0,0.0,0.0,0.07530680000000001,0.0,0.0,0.0,0.6,normal,0,10.309367416054219
0.0,0.0,0.0,0.0,0.0,0.0,0.0,0.0,0.0,0.0,0.0,0.3333333333333333,0.0,0.0,0.0,0.105612,0.0,0.0,0.0,0.6,normal,0,8.786968944116223
0.0,0.0,0.0,0.0,0.0,0.0,0.0,0.0,0.0,0.0,0.0,0.0,0.0,0.0,0.0,0.0,0.0,0.0,0.0,0.4,normal,0,0.0
0.0,0.0,0.0,0.0,0.0,0.0,0.0,0.0,0.3333333333333333,1.0,0.0,0.3333333333333333,0.0,1.0,0.0,1.0,0.0,0.0,0.0,0.5,medium,0,47.55460796499974
0.0,0.0,0.0,0.0,0.0,0.0,0.0,0.0,0.0,0.0,1.0,0.0,0.0,0.0,0.0,0.0,0.0,0.0,0.0,0.6,normal,0,20.19515964334365
1.0,1.0,1.0,0.0,1.0,0.0,1.0,0.0,0.0,0.0,0.0,1.0,1.0,1.0,1.0,1.0,1.6666666666666667,0.8666666666666667,0.0,1.0,compromised,1,99.73929777949535
0.0,0.0,0.0,0.0,0.0,0.0,0.0,0.0,0.0,0.0,0.0,0.0,0.0,0.0,0.0,0.0,0.0,0.0,0.0,0.5,normal,0,3.522891154191569
0.0,0.0,0.0,0.0,0.0,0.0,0.0,0.0,0.0,0.0,0.0,0.3333333333333333,1.0,0.0,0.0,0.28718933908112837,0.0,0.0,0.0,0.6,normal,0,24.626327452524304
0.0,0.0,0.0,1.0,0.0,0.0,0.0,0.0,0.0,0.0,1.0,0.3333333333333333,0.0,0.0,0.0,0.1031568,0.3333333333333333,0.0,0.0,0.6,innocent_security_change,0,37.22390756006986
1.0,1.0,1.0,0.0,1.0,0.0,1.0,0.0,0.0,0.0,1.0,1.0,1.0,1.0,1.0,1.0,1.6666666666666667,0.8777777777777778,0.0,1.0,compromised,1,99.38168314997836
0.0,0.0,0.0,0.0,0.0,0.0,0.0,0.0,0.0,0.0,0.0,0.3333333333333333,0.0,0.0,0.0,0.14335906666666667,0.0,0.0,0.0,0.7,normal,0,9.446057502997474
0.0,0.0,0.0,0.0,0.0,1.0,0.0,0.0,0.0,0.0,1.0,0.3333333333333333,0.0,0.0,0.0,0.06640389110165097,0.3333333333333333,0.0,0.0,0.6,innocent_security_change,0,39.61675407993552
1.0,1.0,1.0,0.0,1.0,0.0,0.0,0.0,0.0,0.0,0.0,0.0,0.0,0.0,0.0,0.0,1.3333333333333333,0.9055555555555556,0.0,0.6,compromised,1,93.63778861543427
0.0,0.0,0.0,0.0,0.0,0.0,0.0,0.0,0.0,0.0,0.0,0.0,0.0,0.0,0.0,0.0,0.0,0.0,0.0,0.2,compromised,1,3.239482360208725
1.0,1.0,0.0,0.0,0.0,0.0,0.0,0.0,0.0,0.0,0.0,0.0,0.0,0.0,0.0,0.0,0.6666666666666666,0.9,0.0,0.5,compromised,1,75.7085835273245
1.0,1.0,1.0,0.0,1.0,0.0,1.0,0.0,0.0,0.0,1.0,0.0,0.0,0.0,0.0,0.0,1.6666666666666667,0.9222222222222223,0.0,0.7,compromised,1,95.25297348564084
0.0,0.0,0.0,0.0,0.0,0.0,0.0,0.0,0.0,0.0,0.0,0.3333333333333333,0.0,0.0,0.0,0.0247136,0.0,0.0,0.0,0.6,normal,0,11.904772568388534
0.0,1.0,0.0,0.0,0.0,0.0,0.0,0.0,0.0,0.0,1.0,0.3333333333333333,0.0,0.0,0.0,0.1891262184322823,0.3333333333333333,0.0,0.0,0.5,innocent_security_change,0,46.44483243008383
0.0,0.0,0.0,0.0,0.0,0.0,0.0,0.0,0.0,0.0,0.0,0.3333333333333333,0.0,0.0,0.0,0.028450266666666668,0.0,0.0,0.0,0.7,normal,0,10.03650418893618
0.0,0.0,0.0,0.0,0.0,0.0,0.0,0.0,0.0,0.0,0.0,0.3333333333333333,1.0,0.0,0.0,0.3931551159599105,0.0,0.0,0.0,0.7,normal,0,25.525480338376603
0.0,0.0,0.0,0.0,0.0,0.0,0.0,0.0,0.0,0.0,0.0,0.3333333333333333,1.0,0.0,0.0,0.19533040000000002,0.0,0.0,0.0,0.6,normal,0,24.5331872481727
1.0,1.0,1.0,0.0,1.0,0.0,1.0,0.0,0.0,0.0,1.0,1.0,1.0,1.0,1.0,1.0,1.6666666666666667,0.8888888888888888,0.0,1.0,compromised,1,100.0
0.0,0.0,0.0,0.0,0.0,0.0,0.0,0.0,0.0,0.0,0.0,0.3333333333333333,0.0,0.0,0.0,0.05536733333333334,0.0,0.0,0.0,0.6,normal,0,7.524253354176507
0.0,0.0,0.0,0.0,0.0,0.0,0.0,0.0,0.0,0.0,0.0,0.3333333333333333,0.0,0.0,0.0,0.023770933333333334,0.0,0.0,0.0,0.6,normal,0,6.541495630986229
0.0,0.0,0.0,0.0,0.0,0.0,0.0,0.0,0.0,0.0,0.0,0.3333333333333333,0.0,0.0,0.0,0.04743053333333333,0.0,0.0,0.0,0.5,normal,0,10.277537021013474
0.0,0.0,0.0,0.0,0.0,0.0,0.0,0.0,0.3333333333333333,1.0,1.0,0.3333333333333333,0.0,1.0,0.0,1.0,0.0,0.0,0.0,0.7,medium,0,54.20319576107716
1.0,0.0,0.0,0.0,0.0,0.0,0.0,0.0,0.3333333333333333,1.0,1.0,0.3333333333333333,0.0,1.0,0.0,0.4780237333333333,0.3333333333333333,0.0,0.0,0.5,medium,0,75.69470574683625
1.0,1.0,1.0,0.0,1.0,0.0,0.0,0.0,0.0,0.0,0.0,0.0,0.0,0.0,0.0,0.0,1.3333333333333333,0.9166666666666666,0.0,0.7,compromised,1,92.54439329862943
0.0,0.0,0.0,0.0,0.0,0.0,0.0,0.0,0.3333333333333333,1.0,0.0,0.3333333333333333,0.0,1.0,0.0,0.6120665333333333,0.0,0.0,0.0,0.5,medium,0,44.45748940541662
0.0,0.0,0.0,0.0,0.0,0.0,0.0,0.0,0.0,0.0,1.0,0.3333333333333333,0.0,0.0,0.0,0.08135093333333333,0.0,0.0,0.0,0.6,normal,0,23.88630666701478
1.0,0.0,0.0,0.0,0.0,0.0,0.0,0.0,0.3333333333333333,1.0,0.0,0.3333333333333333,0.0,1.0,0.0,0.4152261333333333,0.3333333333333333,0.0,0.0,0.6,medium,0,68.3562166843856
0.0,0.0,0.0,0.0,0.0,0.0,0.0,0.0,0.0,0.0,0.0,0.3333333333333333,0.0,0.0,0.0,0.009681333333333333,0.0,0.0,0.0,0.6,normal,0,7.9548628783985045
0.0,0.0,0.0,0.0,0.0,0.0,0.0,0.0,0.0,0.0,0.0,0.0,0.0,0.0,0.0,0.0,0.0,0.0,0.0,0.5,normal,0,3.3129052031549366
1.0,1.0,1.0,0.0,1.0,0.0,1.0,0.0,0.0,0.0,1.0,1.0,1.0,1.0,1.0,1.0,1.6666666666666667,0.8777777777777778,0.0,1.0,compromised,1,93.9059133341549
1.0,1.0,1.0,0.0,1.0,0.0,0.0,0.0,0.0,0.0,1.0,0.0,0.0,0.0,0.0,0.0,1.3333333333333333,0.8666666666666667,0.0,0.6,compromised,1,92.16893043982782
0.0,0.0,0.0,0.0,0.0,0.0,0.0,0.0,0.3333333333333333,1.0,0.0,0.3333333333333333,0.0,1.0,0.0,0.6096249333333333,0.0,0.0,0.0,0.7,medium,0,49.94390789320471
0.0,0.0,0.0,0.0,0.0,0.0,0.0,0.0,0.0,0.0,0.0,0.0,0.0,0.0,0.0,0.0,0.0,0.0,0.0,0.5,normal,0,3.62325832426746
1.0,1.0,1.0,0.0,1.0,0.0,1.0,0.0,0.0,0.0,1.0,1.0,1.0,1.0,1.0,1.0,1.6666666666666667,0.9111111111111111,0.0,1.0,compromised,1,98.60980384250239
0.0,0.0,0.0,0.0,0.0,0.0,0.0,0.0,0.0,0.0,0.0,0.3333333333333333,0.0,0.0,0.0,0.1803696,0.0,0.0,1.0,0.7,normal,0,17.289674696335023
0.0,0.0,0.0,0.0,0.0,0.0,0.0,0.0,0.3333333333333333,1.0,1.0,0.3333333333333333,0.0,1.0,0.0,0.5743490666666666,0.0,0.0,0.0,0.6,medium,0,49.245302083605054
0.0,0.0,0.0,0.0,0.0,0.0,0.0,0.0,0.0,0.0,1.0,0.3333333333333333,0.0,0.0,0.0,0.124454,0.0,0.0,0.0,0.7,normal,0,20.29756121951258
1.0,0.0,0.0,0.0,0.0,0.0,0.0,0.0,0.3333333333333333,1.0,0.0,0.3333333333333333,0.0,1.0,0.0,0.4519906666666667,0.3333333333333333,0.0,0.0,0.6,medium,0,71.71160930623168
0.0,0.0,0.0,0.0,0.0,0.0,0.0,0.0,0.0,0.0,0.0,0.3333333333333333,0.0,0.0,0.0,0.12761213333333332,0.0,0.0,0.0,0.7,normal,0,15.401320126460961
0.0,0.0,0.0,0.0,0.0,0.0,0.0,0.0,0.0,0.0,1.0,0.3333333333333333,0.0,0.0,0.0,0.08683106666666666,0.0,0.0,0.0,0.7,normal,0,22.1975656057876
1.0,0.0,0.0,0.0,0.0,0.0,0.0,0.0,0.0,0.0,1.0,0.0,0.0,0.0,0.0,0.0,0.3333333333333333,0.0,0.0,0.3,compromised,1,54.050302764749446
1.0,1.0,0.0,0.0,0.0,0.0,0.0,0.0,0.0,0.0,1.0,0.0,0.0,0.0,0.0,0.0,0.6666666666666666,0.9,0.0,0.5,compromised,1,77.85249310769875
1.0,0.0,0.0,0.0,0.0,0.0,0.0,0.0,0.3333333333333333,1.0,0.0,0.3333333333333333,0.0,1.0,0.0,1.0,0.3333333333333333,0.0,0.0,0.6,medium,0,75.85794855154215
1.0,1.0,1.0,0.0,1.0,0.0,1.0,0.0,0.0,0.0,0.0,0.0,0.0,0.0,0.0,0.0,1.6666666666666667,0.8833333333333333,0.0,0.7,compromised,1,97.44063553668754
1.0,1.0,1.0,0.0,1.0,0.0,1.0,0.0,0.0,0.0,0.0,1.0,1.0,1.0,1.0,1.0,1.6666666666666667,0.9388888888888889,0.0,1.0,compromised,1,100.0
0.0,0.0,0.0,0.0,0.0,0.0,0.0,0.0,0.0,0.0,0.0,0.3333333333333333,0.0,0.0,0.0,0.14584053333333336,0.0,0.0,0.0,0.7,normal,0,9.891967442733293
1.0,0.0,0.0,0.0,0.0,0.0,0.0,0.0,0.3333333333333333,1.0,0.0,0.3333333333333333,0.0,1.0,0.0,1.0,0.3333333333333333,0.0,0.0,0.6,medium,0,72.58525040227434
0.0,0.0,0.0,0.0,0.0,1.0,0.0,0.0,0.0,0.0,1.0,0.3333333333333333,0.0,0.0,0.0,0.09925866666666666,0.3333333333333333,0.0,0.0,0.7,innocent_security_change,0,34.44372455593951
0.0,0.0,0.0,0.0,0.0,0.0,0.0,0.0,0.0,0.0,0.0,0.3333333333333333,0.0,0.0,0.0,0.18141626666666666,0.0,0.0,1.0,0.6,normal,0,19.286510112331516
0.0,0.0,0.0,0.0,0.0,0.0,0.0,0.0,0.0,0.0,0.0,0.0,0.0,0.0,0.0,0.0,0.0,0.0,0.0,0.5,normal,0,4.736938039643391
0.0,0.0,0.0,1.0,0.0,0.0,0.0,0.0,0.0,0.0,0.0,0.3333333333333333,1.0,0.0,0.0,0.5879726032511029,0.3333333333333333,0.0,0.0,0.5,innocent_security_change,0,45.593157579506375
0.0,0.0,0.0,0.0,0.0,0.0,0.0,0.0,0.0,0.0,0.0,0.0,0.0,0.0,0.0,0.0,0.0,0.0,0.0,0.4,normal,0,2.677306651601489
0.0,0.0,0.0,0.0,0.0,0.0,0.0,0.0,0.3333333333333333,1.0,0.0,0.3333333333333333,0.0,1.0,0.0,0.7621152,0.0,0.0,0.0,0.4,medium,0,45.01024600975994
1.0,0.0,0.0,0.0,0.0,0.0,0.0,0.0,0.3333333333333333,1.0,1.0,0.3333333333333333,0.0,1.0,0.0,1.0,0.3333333333333333,0.0,0.0,0.8,medium,0,77.94433907220262
0.0,0.0,0.0,0.0,0.0,0.0,0.0,0.0,0.0,0.0,0.0,0.0,0.0,0.0,0.0,0.0,0.0,0.0,0.0,0.5,normal,0,1.4831848494524977
0.0,0.0,0.0,0.0,0.0,0.0,0.0,0.0,0.0,0.0,0.0,0.3333333333333333,0.0,0.0,0.0,0.09067453333333333,0.0,0.0,0.0,0.7,normal,0,16.94804617917807
0.0,0.0,0.0,0.0,0.0,0.0,0.0,0.0,0.3333333333333333,1.0,0.0,0.3333333333333333,0.0,1.0,0.0,1.0,0.0,0.0,0.0,0.6,medium,0,44.389601574722086
0.0,0.0,0.0,0.0,0.0,0.0,0.0,0.0,0.0,0.0,0.0,0.0,0.0,0.0,0.0,0.0,0.0,0.0,0.0,0.5,normal,0,4.032893550766866
1.0,1.0,1.0,0.0,1.0,0.0,1.0,0.0,0.0,0.0,0.0,1.0,1.0,1.0,1.0,1.0,1.6666666666666667,0.8611111111111112,0.0,1.0,compromised,1,100.0
0.0,0.0,0.0,0.0,0.0,0.0,0.0,0.0,0.0,0.0,0.0,0.3333333333333333,0.0,0.0,0.0,0.09330426666666666,0.0,0.0,0.0,0.6,normal,0,11.130858971848468
1.0,1.0,1.0,0.0,1.0,0.0,1.0,0.0,0.0,0.0,1.0,1.0,1.0,1.0,1.0,1.0,1.6666666666666667,0.8444444444444444,0.0,1.0,compromised,1,97.51943480012278
1.0,1.0,1.0,0.0,1.0,0.0,1.0,0.0,0.0,0.0,1.0,1.0,1.0,1.0,1.0,1.0,1.6666666666666667,0.8777777777777778,0.0,1.0,compromised,1,97.12027180501426
1.0,1.0,1.0,0.0,1.0,0.0,1.0,0.0,0.0,0.0,1.0,1.0,1.0,1.0,1.0,1.0,1.6666666666666667,0.8722222222222222,0.0,1.0,compromised,1,97.55969368014898
0.0,0.0,0.0,0.0,0.0,0.0,0.0,0.0,0.0,0.0,0.0,0.3333333333333333,0.0,0.0,0.0,0.08218653333333333,0.0,0.0,0.0,0.5,normal,0,13.752273157752024
0.0,0.0,0.0,0.0,0.0,0.0,0.0,0.0,0.3333333333333333,1.0,0.0,0.3333333333333333,0.0,1.0,0.0,0.6534246666666667,0.0,0.0,0.0,0.6,medium,0,40.211666191618875
0.0,0.0,0.0,0.0,0.0,0.0,0.0,0.0,0.0,0.0,0.0,0.0,0.0,0.0,0.0,0.0,0.0,0.0,0.0,0.5,normal,0,7.404626356768369
0.0,0.0,0.0,0.0,0.0,0.0,0.0,0.0,0.0,0.0,0.0,0.0,0.0,0.0,0.0,0.0,0.0,0.0,0.0,0.2,compromised,1,0.0
0.0,0.0,0.0,0.0,0.0,0.0,0.0,0.0,0.0,0.0,1.0,0.3333333333333333,1.0,0.0,0.0,0.4578045291661952,0.0,0.0,0.0,0.7,normal,0,34.45463948740592
0.0,0.0,0.0,0.0,0.0,0.0,0.0,0.0,0.3333333333333333,1.0,1.0,0.3333333333333333,0.0,1.0,0.0,0.6083893333333333,0.0,0.0,0.0,0.5,medium,0,49.59871616662641
0.0,0.0,0.0,0.0,0.0,0.0,0.0,0.0,0.0,0.0,0.0,0.3333333333333333,1.0,0.0,0.0,0.18873120000000002,0.0,0.0,1.0,0.7,normal,0,32.7651732401092
0.0,0.0,0.0,0.0,0.0,0.0,0.0,0.0,0.0,0.0,0.0,0.3333333333333333,0.0,0.0,0.0,0.1419436,0.0,0.0,0.0,0.6,normal,0,7.745181955156866
0.0,0.0,0.0,0.0,0.0,0.0,0.0,0.0,0.0,0.0,1.0,0.3333333333333333,0.0,0.0,0.0,0.018756666666666668,0.0,0.0,0.0,0.8,normal,0,21.750287376465533
0.0,0.0,0.0,0.0,0.0,0.0,0.0,0.0,0.0,0.0,0.0,0.0,0.0,0.0,0.0,0.0,0.0,0.0,0.0,0.4,normal,0,7.927958268924927
0.0,0.0,0.0,0.0,0.0,0.0,0.0,0.0,0.0,0.0,0.0,0.3333333333333333,0.0,0.0,0.0,0.0,0.0,0.0,1.0,0.6,innocent_security_change,0,14.32106543026834
0.0,0.0,0.0,0.0,0.0,0.0,0.0,0.0,0.3333333333333333,1.0,0.0,0.3333333333333333,0.0,1.0,0.0,1.0,0.0,0.0,0.0,0.7,medium,0,49.256867527363205
1.0,1.0,0.0,0.0,0.0,0.0,0.0,0.0,0.0,0.0,1.0,0.0,0.0,0.0,0.0,0.0,0.6666666666666666,0.8333333333333334,0.0,0.4,compromised,1,74.96607567000915
0.0,0.0,0.0,0.0,0.0,0.0,0.0,0.0,0.0,0.0,0.0,0.3333333333333333,0.0,0.0,0.0,0.08508053333333333,0.0,0.0,0.0,0.6,normal,0,12.072189989576884
0.0,0.0,0.0,1.0,0.0,0.0,0.0,0.0,0.0,0.0,0.0,0.3333333333333333,1.0,0.0,0.0,0.19099480000000002,0.3333333333333333,0.0,0.0,0.7,innocent_security_change,0,40.6620308257861
0.0,0.0,0.0,0.0,0.0,0.0,0.0,0.0,0.0,0.0,1.0,0.3333333333333333,0.0,0.0,0.0,0.025757466666666666,0.0,0.0,0.0,0.7,normal,0,18.492948270714017
1.0,1.0,1.0,0.0,1.0,0.0,1.0,0.0,0.0,0.0,0.0,1.0,1.0,1.0,1.0,1.0,1.6666666666666667,0.9166666666666666,0.0,1.1,compromised,1,99.04542732031133
1.0,1.0,1.0,0.0,1.0,0.0,1.0,0.0,0.0,0.0,1.0,1.0,1.0,1.0,1.0,1.0,1.6666666666666667,0.9,0.0,1.0,compromised,1,100.0
0.0,0.0,0.0,0.0,0.0,0.0,0.0,0.0,0.0,0.0,0.0,0.3333333333333333,0.0,0.0,0.0,0.0,0.0,0.0,0.0,0.8,normal,0,10.723126160298946
0.0,0.0,0.0,0.0,0.0,0.0,0.0,0.0,0.0,0.0,0.0,0.3333333333333333,0.0,0.0,0.0,0.0,0.0,0.0,0.0,0.6,normal,0,11.698710351233448
0.0,0.0,0.0,0.0,0.0,0.0,0.0,0.0,0.0,0.0,0.0,0.3333333333333333,0.0,0.0,0.0,1.0,0.0,0.0,1.0,0.8,normal,0,26.660096319717745
0.0,0.0,0.0,0.0,0.0,0.0,0.0,0.0,0.3333333333333333,1.0,1.0,0.3333333333333333,0.0,1.0,0.0,0.49923493333333335,0.0,0.0,0.0,0.7,medium,0,48.21500964229514
0.0,0.0,0.0,0.0,0.0,0.0,0.0,0.0,0.0,0.0,1.0,0.3333333333333333,0.0,0.0,0.0,0.06704773333333333,0.0,0.0,0.0,0.7,normal,0,21.75613104746085
0.0,0.0,0.0,0.0,0.0,0.0,0.0,0.0,0.0,0.0,0.0,0.3333333333333333,0.0,0.0,0.0,0.0590272,0.0,0.0,0.0,0.6,normal,0,14.379878304964995
0.0,0.0,0.0,0.0,0.0,0.0,0.0,0.0,0.0,0.0,0.0,0.3333333333333333,0.0,0.0,0.0,0.029301866666666666,0.0,0.0,0.0,0.5,normal,0,10.516679617830821
1.0,1.0,1.0,0.0,1.0,0.0,1.0,0.0,0.0,0.0,1.0,1.0,1.0,1.0,1.0,1.0,1.6666666666666667,0.8666666666666667,0.0,1.0,compromised,1,97.22481013468128
1.0,1.0,0.0,0.0,0.0,0.0,0.0,0.0,0.0,0.0,0.0,0.0,0.0,0.0,0.0,0.0,0.6666666666666666,0.9333333333333333,0.0,0.4,compromised,1,74.67209386432174
0.0,0.0,0.0,0.0,0.0,0.0,0.0,0.0,0.0,0.0,0.0,0.3333333333333333,0.0,0.0,0.0,0.0,0.0,0.0,1.0,0.6,innocent_security_change,0,14.602981106826071
1.0,1.0,1.0,0.0,1.0,0.0,0.0,0.0,0.0,0.0,0.0,0.0,0.0,0.0,0.0,0.0,1.3333333333333333,0.9055555555555556,0.0,0.6,compromised,1,93.36062364271959
1.0,0.0,0.0,0.0,0.0,0.0,0.0,0.0,0.3333333333333333,1.0,0.0,0.3333333333333333,0.0,1.0,0.0,1.0,0.3333333333333333,0.0,0.0,0.8,medium,0,77.184828445577
1.0,0.0,0.0,0.0,0.0,0.0,0.0,0.0,0.3333333333333333,1.0,1.0,0.3333333333333333,0.0,1.0,0.0,1.0,0.3333333333333333,0.0,0.0,0.9,medium,0,76.59729041442507
1.0,1.0,1.0,0.0,1.0,0.0,1.0,0.0,0.0,0.0,0.0,1.0,1.0,1.0,1.0,1.0,1.6666666666666667,0.8666666666666667,0.0,0.9,compromised,1,96.58646122969695
0.0,0.0,0.0,0.0,0.0,0.0,0.0,0.0,0.0,0.0,0.0,0.3333333333333333,0.0,0.0,0.0,0.0006825940608000958,0.0,0.0,0.0,0.5,normal,0,9.915355372819974
0.0,0.0,0.0,0.0,0.0,0.0,0.0,0.0,0.3333333333333333,1.0,0.0,0.3333333333333333,0.0,1.0,0.0,0.4849266666666667,0.0,0.0,0.0,0.7,medium,0,43.706208942285016
0.0,0.0,0.0,0.0,0.0,0.0,0.0,0.0,0.0,0.0,0.0,0.0,0.0,0.0,0.0,0.0,0.0,0.0,0.0,0.5,normal,0,3.4057105669629992
1.0,1.0,1.0,0.0,1.0,0.0,0.0,0.0,0.0,0.0,1.0,0.0,0.0,0.0,0.0,0.0,1.3333333333333333,0.9333333333333333,0.0,0.6,compromised,1,97.99983882984974
0.0,0.0,0.0,0.0,0.0,0.0,0.0,0.0,0.0,0.0,0.0,0.0,0.0,0.0,0.0,0.0,0.0,0.0,0.0,0.4,normal,0,2.2496199588428043
0.0,0.0,0.0,0.0,0.0,0.0,0.0,0.0,0.0,0.0,0.0,0.0,0.0,0.0,0.0,0.0,0.0,0.0,0.0,0.5,normal,0,2.6751917234744997
0.0,1.0,0.0,0.0,0.0,0.0,0.0,0.0,0.0,0.0,1.0,0.3333333333333333,0.0,0.0,0.0,0.0,0.3333333333333333,0.0,0.0,0.6,innocent_security_change,0,42.221385327864844
0.0,0.0,0.0,0.0,0.0,0.0,0.0,0.0,0.0,0.0,0.0,0.3333333333333333,0.0,0.0,0.0,0.08828693333333335,0.0,0.0,0.0,0.6,normal,0,12.909447046360816
0.0,0.0,0.0,0.0,0.0,0.0,0.0,0.0,0.0,0.0,1.0,0.0,0.0,0.0,0.0,0.0,0.0,0.0,0.0,0.5,normal,0,13.084020516195109
1.0,1.0,1.0,0.0,1.0,0.0,1.0,0.0,0.0,0.0,1.0,1.0,1.0,1.0,1.0,1.0,1.6666666666666667,0.8722222222222222,0.0,1.0,compromised,1,96.38724028875144
0.0,0.0,0.0,0.0,0.0,1.0,0.0,0.0,0.0,0.0,1.0,0.3333333333333333,0.0,0.0,0.0,0.07333973333333332,0.3333333333333333,0.0,0.0,0.6,innocent_security_change,0,40.197905871022414
0.0,0.0,0.0,0.0,0.0,0.0,0.0,0.0,0.3333333333333333,1.0,0.0,0.3333333333333333,0.0,1.0,0.0,1.0,0.0,0.0,0.0,0.4,medium,0,51.201859388372114
1.0,0.0,0.0,0.0,0.0,0.0,0.0,0.0,0.0,0.0,0.0,0.0,0.0,0.0,0.0,0.0,0.3333333333333333,0.0,0.0,0.3,compromised,1,50.35183207726143
0.0,0.0,0.0,0.0,0.0,0.0,0.0,0.0,0.0,0.0,0.0,0.3333333333333333,0.0,0.0,0.0,0.19233586666666666,0.0,0.0,1.0,0.5,normal,0,14.748428990090481
0.0,0.0,0.0,0.0,0.0,0.0,0.0,0.0,0.0,0.0,0.0,0.3333333333333333,0.0,0.0,0.0,0.1486468,0.0,0.0,0.0,0.5,normal,0,13.701689796605386
0.0,0.0,0.0,0.0,0.0,0.0,0.0,0.0,0.3333333333333333,1.0,1.0,0.3333333333333333,0.0,1.0,0.0,0.49066973333333336,0.0,0.0,0.0,0.8,medium,0,49.19132184964266
0.0,0.0,0.0,0.0,0.0,0.0,0.0,0.0,0.0,0.0,1.0,0.3333333333333333,1.0,0.0,0.0,0.18322746666666667,0.0,0.0,0.0,0.8,normal,0,34.94352717477557
1.0,0.0,0.0,0.0,0.0,0.0,0.0,0.0,0.0,0.0,1.0,0.0,0.0,0.0,0.0,0.0,0.3333333333333333,0.0,0.0,0.3,compromised,1,51.90368811281244
0.0,0.0,0.0,0.0,0.0,0.0,0.0,0.0,0.3333333333333333,1.0,0.0,0.3333333333333333,0.0,1.0,0.0,0.6699462666666667,0.0,0.0,0.0,0.5,medium,0,47.70795268170856
0.0,0.0,0.0,0.0,0.0,0.0,0.0,0.0,0.0,0.0,0.0,0.3333333333333333,1.0,0.0,0.0,0.1895992,0.0,0.0,0.0,0.8,normal,0,22.28181011158017
0.0,0.0,0.0,0.0,0.0,0.0,0.0,0.0,0.0,0.0,0.0,0.0,0.0,0.0,0.0,0.0,0.0,0.0,0.0,0.5,normal,0,5.397952401193867
0.0,0.0,0.0,0.0,0.0,0.0,0.0,0.0,0.0,0.0,0.0,0.0,0.0,0.0,0.0,0.0,0.0,0.0,0.0,0.5,normal,0,3.6067247731186405
0.0,1.0,0.0,0.0,0.0,0.0,0.0,0.0,0.0,0.0,0.0,0.3333333333333333,0.0,0.0,0.0,0.042771719802903396,0.3333333333333333,0.0,0.0,0.4,innocent_security_change,0,34.45866796313906
1.0,1.0,1.0,0.0,1.0,0.0,1.0,0.0,0.0,0.0,1.0,1.0,1.0,1.0,1.0,1.0,1.6666666666666667,0.9055555555555556,0.0,1.1,compromised,1,97.02655556006565
0.0,0.0,0.0,0.0,0.0,0.0,0.0,0.0,0.0,0.0,1.0,0.3333333333333333,0.0,0.0,0.0,0.1768424,0.0,0.0,1.0,0.6,normal,0,29.820903297720587
0.0,0.0,0.0,0.0,0.0,0.0,0.0,0.0,0.0,0.0,0.0,0.0,0.0,0.0,0.0,0.0,0.0,0.0,0.0,0.4,innocent_security_change,0,3.1319203434958816
1.0,1.0,1.0,0.0,1.0,0.0,1.0,0.0,0.0,0.0,1.0,1.0,1.0,1.0,1.0,1.0,1.6666666666666667,0.8444444444444444,0.0,1.1,compromised,1,99.47009714898833
0.0,0.0,0.0,0.0,0.0,0.0,0.0,0.0,0.0,0.0,0.0,0.3333333333333333,0.0,0.0,0.0,0.8686932371504402,0.0,0.0,0.0,0.6,normal,0,25.53522456845885
0.0,0.0,0.0,0.0,0.0,0.0,0.0,0.0,0.0,0.0,0.0,0.0,0.0,0.0,0.0,0.0,0.0,0.0,0.0,0.4,normal,0,0.0
0.0,0.0,0.0,0.0,0.0,0.0,0.0,0.0,0.0,0.0,0.0,0.0,0.0,0.0,0.0,0.0,0.0,0.0,1.0,0.3,innocent_security_change,0,14.70360344951653
0.0,0.0,0.0,0.0,0.0,0.0,0.0,0.0,0.0,0.0,0.0,0.3333333333333333,0.0,0.0,0.0,0.1483784,0.0,0.0,0.0,0.6,normal,0,12.083952362392692
0.0,0.0,0.0,0.0,0.0,0.0,0.0,0.0,0.3333333333333333,1.0,0.0,0.3333333333333333,0.0,1.0,0.0,0.7446601333333334,0.0,0.0,0.0,0.6,medium,0,44.20965013735087
0.0,0.0,0.0,0.0,0.0,0.0,0.0,0.0,0.0,0.0,0.0,0.3333333333333333,0.0,0.0,0.0,0.15253693333333335,0.0,0.0,0.0,0.5,normal,0,7.907363341363378
0.0,0.0,0.0,0.0,0.0,0.0,0.0,0.0,0.0,0.0,0.0,0.0,0.0,0.0,0.0,0.0,0.0,0.0,0.0,0.5,normal,0,3.0982411265849716
0.0,0.0,0.0,0.0,0.0,0.0,0.0,0.0,0.0,0.0,0.0,0.0,0.0,0.0,0.0,0.0,0.0,0.0,0.0,0.5,normal,0,5.875167383338704
0.0,0.0,0.0,0.0,0.0,0.0,0.0,0.0,0.0,0.0,0.0,0.3333333333333333,0.0,0.0,0.0,0.049784800000000004,0.0,0.0,0.0,0.6,normal,0,10.230543416360785
0.0,0.0,0.0,0.0,0.0,0.0,0.0,0.0,0.0,0.0,0.0,0.3333333333333333,0.0,0.0,0.0,0.0,0.0,0.0,0.0,0.6,normal,0,13.677202821481362
0.0,0.0,0.0,1.0,0.0,0.0,0.0,0.0,0.0,0.0,1.0,0.3333333333333333,1.0,0.0,0.0,0.17260813333333333,0.3333333333333333,0.0,0.0,0.9,innocent_security_change,0,43.75218833451609
0.0,0.0,0.0,0.0,0.0,0.0,0.0,0.0,0.0,0.0,0.0,0.0,0.0,0.0,0.0,0.0,0.0,0.0,0.0,0.5,normal,0,3.5408197339124188
0.0,0.0,0.0,0.0,0.0,0.0,0.0,0.0,0.0,0.0,0.0,0.3333333333333333,0.0,0.0,0.0,0.02459440615112836,0.0,0.0,0.0,0.6,normal,0,7.090079357723935
1.0,1.0,1.0,0.0,1.0,0.0,1.0,0.0,0.0,0.0,0.0,1.0,1.0,1.0,1.0,1.0,1.6666666666666667,0.8944444444444445,0.0,1.0,compromised,1,98.70475168298512
0.0,0.0,0.0,0.0,0.0,0.0,0.0,0.0,0.0,0.0,0.0,0.0,0.0,0.0,0.0,0.0,0.0,0.0,0.0,0.2,compromised,1,3.6612365211821394
0.0,0.0,0.0,0.0,0.0,0.0,0.0,0.0,0.0,0.0,1.0,0.0,0.0,0.0,0.0,0.0,0.0,0.0,0.0,0.6,normal,0,13.111716605108729
0.0,0.0,0.0,0.0,0.0,0.0,0.0,0.0,0.0,0.0,0.0,0.3333333333333333,0.0,0.0,0.0,0.10103253333333333,0.0,0.0,0.0,0.6,normal,0,4.703186514697963
0.0,0.0,0.0,0.0,0.0,0.0,0.0,0.0,0.0,0.0,0.0,0.3333333333333333,0.0,0.0,0.0,0.19500466666666666,0.0,0.0,1.0,0.8,normal,0,21.68193159784925
0.0,0.0,0.0,0.0,0.0,0.0,0.0,0.0,0.0,0.0,0.0,0.3333333333333333,0.0,0.0,0.0,0.0,0.0,0.0,0.0,0.6,normal,0,10.991161875196767
0.0,0.0,0.0,0.0,0.0,0.0,0.0,0.0,0.0,0.0,0.0,0.3333333333333333,0.0,0.0,0.0,0.0722528,0.0,0.0,0.0,0.7,normal,0,12.49808187415629
0.0,0.0,0.0,0.0,0.0,0.0,0.0,0.0,0.0,0.0,0.0,0.3333333333333333,0.0,0.0,0.0,0.06132845415251398,0.0,0.0,0.0,0.4,normal,0,12.480530865729326
0.0,0.0,0.0,0.0,0.0,0.0,0.0,0.0,0.0,0.0,0.0,0.3333333333333333,0.0,0.0,0.0,0.15193413333333333,0.0,0.0,0.0,0.7,normal,0,9.829651551979039
1.0,1.0,1.0,0.0,1.0,0.0,1.0,0.0,0.0,0.0,1.0,1.0,1.0,1.0,1.0,1.0,1.6666666666666667,0.9,0.0,1.0,compromised,1,99.72722374241785
0.0,0.0,0.0,0.0,0.0,0.0,0.0,0.0,0.0,0.0,0.0,0.0,0.0,0.0,0.0,0.0,0.0,0.0,0.0,0.4,normal,0,5.848452991902733
1.0,0.0,0.0,0.0,0.0,0.0,0.0,0.0,0.3333333333333333,1.0,1.0,0.3333333333333333,0.0,1.0,0.0,0.5762873333333334,0.3333333333333333,0.0,0.0,0.9,medium,0,71.86519119282264
0.0,0.0,0.0,0.0,0.0,0.0,0.0,0.0,0.0,0.0,1.0,0.0,0.0,0.0,0.0,0.0,0.0,0.0,0.0,0.5,normal,0,14.336210514037809
0.0,0.0,0.0,0.0,0.0,0.0,0.0,0.0,0.3333333333333333,1.0,1.0,0.3333333333333333,0.0,1.0,0.0,0.47537039999999997,0.0,0.0,0.0,0.7,medium,0,49.173896739019526
0.0,0.0,0.0,0.0,0.0,0.0,0.0,0.0,0.0,0.0,0.0,0.0,0.0,0.0,0.0,0.0,0.0,0.0,0.0,0.5,normal,0,3.3672354207734405
1.0,1.0,1.0,0.0,1.0,0.0,1.0,0.0,0.0,0.0,1.0,1.0,1.0,1.0,1.0,1.0,1.6666666666666667,0.8444444444444444,0.0,1.0,compromised,1,98.86372359647237
0.0,0.0,0.0,0.0,0.0,0.0,0.0,0.0,0.0,0.0,0.0,0.0,0.0,0.0,0.0,0.0,0.0,0.0,0.0,0.4,normal,0,1.6491128004239153
0.0,0.0,0.0,0.0,0.0,0.0,0.0,0.0,0.3333333333333333,1.0,1.0,0.3333333333333333,0.0,1.0,0.0,0.7750954666666667,0.0,0.0,0.0,0.7,medium,0,50.85953265115753
0.0,0.0,0.0,0.0,0.0,0.0,0.0,0.0,0.0,0.0,0.0,0.0,0.0,0.0,0.0,0.0,0.0,0.0,0.0,0.4,normal,0,2.9525652544278573
0.0,0.0,0.0,0.0,0.0,0.0,0.0,0.0,0.0,0.0,0.0,0.0,0.0,0.0,0.0,0.0,0.0,0.0,0.0,0.5,normal,0,0.8529272563705486
0.0,0.0,0.0,0.0,0.0,0.0,0.0,0.0,0.0,0.0,0.0,0.0,0.0,0.0,0.0,0.0,0.0,0.0,0.0,0.5,normal,0,0.8564792813145918
0.0,0.0,0.0,0.0,0.0,0.0,0.0,0.0,0.0,0.0,0.0,0.3333333333333333,1.0,0.0,0.0,0.1663768,0.0,0.0,0.0,0.5,normal,0,25.10236996329289
1.0,0.0,0.0,0.0,0.0,0.0,0.0,0.0,0.3333333333333333,1.0,0.0,0.3333333333333333,0.0,1.0,0.0,1.0,0.3333333333333333,0.0,0.0,0.5,medium,0,71.55509892079328
0.0,0.0,0.0,0.0,0.0,0.0,0.0,0.0,0.3333333333333333,1.0,0.0,0.3333333333333333,0.0,1.0,0.0,0.7034074666666666,0.0,0.0,0.0,0.5,medium,0,47.406966476696134
1.0,0.0,0.0,0.0,0.0,0.0,0.0,0.0,0.3333333333333333,1.0,1.0,0.3333333333333333,0.0,1.0,0.0,0.6877878666666666,0.3333333333333333,0.0,0.0,0.9,medium,0,77.84922340428868
0.0,0.0,0.0,0.0,0.0,0.0,0.0,0.0,0.0,0.0,0.0,0.3333333333333333,0.0,0.0,0.0,0.10276573333333333,0.0,0.0,0.0,0.5,normal,0,6.2736758938923245
0.0,0.0,0.0,0.0,0.0,0.0,0.0,0.0,0.3333333333333333,1.0,0.0,0.3333333333333333,0.0,1.0,0.0,0.7012441333333334,0.0,0.0,0.0,0.8,medium,0,45.20157360650885
0.0,0.0,0.0,0.0,0.0,0.0,0.0,0.0,0.0,0.0,1.0,0.3333333333333333,1.0,0.0,0.0,0.1983856,0.0,0.0,0.0,0.5,normal,0,34.624515462600534
0.0,0.0,0.0,0.0,0.0,0.0,0.0,0.0,0.0,0.0,0.0,0.3333333333333333,0.0,0.0,0.0,0.0,0.0,0.0,0.0,0.6,normal,0,7.446401668013789
0.0,0.0,0.0,0.0,0.0,1.0,0.0,0.0,0.0,0.0,1.0,0.3333333333333333,0.0,0.0,0.0,0.0,0.3333333333333333,0.0,0.0,0.4,innocent_security_change,0,34.12232893391326
0.0,0.0,0.0,0.0,0.0,0.0,0.0,0.0,0.3333333333333333,1.0,0.0,0.3333333333333333,0.0,1.0,0.0,1.0,0.0,0.0,0.0,0.4,medium,0,48.80800411021776
0.0,0.0,0.0,0.0,0.0,0.0,0.0,0.0,0.0,0.0,1.0,0.3333333333333333,0.0,0.0,0.0,0.024900666666666665,0.0,0.0,0.0,0.6,normal,0,21.461877078531835
1.0,1.0,0.0,0.0,0.0,0.0,0.0,0.0,0.0,0.0,1.0,0.0,0.0,0.0,0.0,0.0,0.6666666666666666,0.8,0.0,0.4,compromised,1,75.76437600853824
1.0,0.0,0.0,0.0,0.0,0.0,0.0,0.0,0.3333333333333333,1.0,0.0,0.3333333333333333,0.0,1.0,0.0,0.4778754666666667,0.3333333333333333,0.0,0.0,0.8,medium,0,71.51097174359616
0.0,0.0,0.0,0.0,0.0,0.0,0.0,0.0,0.0,0.0,0.0,0.3333333333333333,0.0,0.0,0.0,0.09095493333333333,0.0,0.0,0.0,0.6,normal,0,14.639404544615576
0.0,0.0,0.0,0.0,0.0,0.0,0.0,0.0,0.0,0.0,1.0,0.3333333333333333,0.0,0.0,0.0,0.0,0.0,0.0,0.0,0.6,normal,0,23.55856948649483
0.0,0.0,0.0,0.0,0.0,0.0,0.0,0.0,0.0,0.0,1.0,0.0,0.0,0.0,0.0,0.0,0.0,0.0,0.0,0.5,normal,0,15.984226076194854
0.0,0.0,0.0,0.0,0.0,1.0,0.0,0.0,0.0,0.0,0.0,0.0,0.0,0.0,0.0,0.0,0.3333333333333333,0.0,0.0,0.5,innocent_security_change,0,24.083256686725186
1.0,0.0,0.0,0.0,0.0,0.0,0.0,0.0,0.3333333333333333,1.0,0.0,0.3333333333333333,0.0,1.0,0.0,0.6663621333333334,0.3333333333333333,0.0,0.0,0.9,medium,0,71.90446459430628
0.0,0.0,0.0,0.0,0.0,0.0,0.0,0.0,0.0,0.0,1.0,0.3333333333333333,0.0,0.0,0.0,0.5913339209398428,0.0,0.0,0.0,0.6,normal,0,23.793567458567967
0.0,0.0,0.0,0.0,0.0,0.0,0.0,0.0,0.0,0.0,0.0,0.3333333333333333,0.0,0.0,0.0,0.1051408,0.0,0.0,0.0,0.7,normal,0,13.216037899181295
0.0,0.0,0.0,0.0,0.0,0.0,0.0,0.0,0.3333333333333333,1.0,0.0,0.3333333333333333,0.0,1.0,0.0,1.0,0.0,0.0,0.0,0.6,medium,0,49.45474969473894
0.0,0.0,0.0,0.0,0.0,0.0,0.0,0.0,0.0,0.0,0.0,0.3333333333333333,0.0,0.0,0.0,0.1644092,0.0,0.0,1.0,0.8,normal,0,24.337027712748778
0.0,0.0,0.0,0.0,0.0,0.0,0.0,0.0,0.0,0.0,0.0,0.3333333333333333,0.0,0.0,0.0,0.1519916,0.0,0.0,0.0,0.6,normal,0,13.495517525023882
0.0,0.0,0.0,0.0,0.0,0.0,0.0,0.0,0.0,0.0,0.0,0.3333333333333333,0.0,0.0,0.0,0.11817506666666666,0.0,0.0,0.0,0.7,normal,0,8.318903378028814
1.0,1.0,0.0,0.0,0.0,0.0,0.0,0.0,0.0,0.0,0.0,0.0,0.0,0.0,0.0,0.0,0.6666666666666666,0.9,0.0,0.4,compromised,1,77.05695305299723
0.0,0.0,0.0,0.0,0.0,0.0,0.0,0.0,0.0,0.0,0.0,0.3333333333333333,0.0,0.0,0.0,0.05728306666666666,0.0,0.0,0.0,0.7,normal,0,8.799254590902763
0.0,0.0,0.0,0.0,0.0,0.0,0.0,0.0,0.0,0.0,0.0,0.0,0.0,0.0,0.0,0.0,0.0,0.0,0.0,0.4,normal,0,1.907256030826917
0.0,0.0,0.0,0.0,0.0,0.0,0.0,0.0,0.0,0.0,0.0,0.3333333333333333,0.0,0.0,0.0,0.11489733333333332,0.0,0.0,0.0,0.7,normal,0,12.660176189132706
0.0,0.0,0.0,0.0,0.0,0.0,0.0,0.0,0.0,0.0,0.0,0.3333333333333333,0.0,0.0,0.0,0.03523573333333333,0.0,0.0,0.0,0.5,normal,0,14.694782408880933
0.0,0.0,0.0,0.0,0.0,0.0,0.0,0.0,0.0,0.0,0.0,0.3333333333333333,0.0,0.0,0.0,0.7750673904738816,0.0,0.0,1.0,0.7,normal,0,34.807680778122524
0.0,0.0,0.0,0.0,0.0,1.0,0.0,0.0,0.0,0.0,0.0,0.3333333333333333,0.0,0.0,0.0,0.0,0.3333333333333333,0.0,0.0,0.6,innocent_security_change,0,30.382899897540263
1.0,0.0,0.0,0.0,0.0,0.0,0.0,0.0,0.3333333333333333,1.0,0.0,0.3333333333333333,0.0,1.0,0.0,0.6510670666666667,0.3333333333333333,0.0,0.0,0.6,medium,0,72.83262413379231
0.0,0.0,0.0,0.0,0.0,0.0,0.0,0.0,0.0,0.0,0.0,0.3333333333333333,0.0,0.0,0.0,0.13585053333333336,0.0,0.0,0.0,0.6,normal,0,12.99850103822457
1.0,1.0,1.0,0.0,0.0,0.0,0.0,0.0,0.0,0.0,0.0,0.0,0.0,0.0,0.0,0.0,1.0,0.9277777777777778,0.0,0.5,compromised,1,87.88643450338276
1.0,1.0,1.0,0.0,1.0,0.0,1.0,0.0,0.0,0.0,1.0,1.0,1.0,1.0,1.0,1.0,1.6666666666666667,0.8611111111111112,0.0,1.0,compromised,1,97.2025632690453
0.0,1.0,0.0,0.0,0.0,0.0,0.0,0.0,0.0,0.0,0.0,0.0,0.0,0.0,0.0,0.0,0.3333333333333333,0.0,0.0,0.5,innocent_security_change,0,37.456023786216875
0.0,0.0,0.0,0.0,0.0,0.0,0.0,0.0,0.0,0.0,0.0,0.0,0.0,0.0,0.0,0.0,0.0,0.0,0.0,0.5,normal,0,4.1462190015060605
1.0,1.0,1.0,0.0,1.0,0.0,1.0,0.0,0.0,0.0,0.0,0.6666666666666666,1.0,1.0,0.0,1.0,1.6666666666666667,0.8833333333333333,0.0,0.9,compromised,1,98.30051540012641
0.0,0.0,0.0,0.0,0.0,0.0,0.0,0.0,0.0,0.0,0.0,0.3333333333333333,0.0,0.0,0.0,0.054519599999999994,0.0,0.0,0.0,0.6,normal,0,12.275810093285672
0.0,0.0,0.0,0.0,0.0,0.0,0.0,0.0,0.0,0.0,0.0,0.3333333333333333,0.0,0.0,0.0,0.1926036,0.0,0.0,1.0,0.5,normal,0,20.47188356663131
0.0,0.0,0.0,0.0,0.0,0.0,0.0,0.0,0.0,0.0,1.0,0.3333333333333333,0.0,0.0,0.0,0.09500826666666666,0.0,0.0,0.0,0.7,normal,0,22.99483058146148
0.0,0.0,0.0,0.0,0.0,0.0,0.0,0.0,0.0,0.0,0.0,0.0,0.0,0.0,0.0,0.0,0.0,0.0,0.0,0.5,normal,0,2.0279091371602473
0.0,0.0,0.0,0.0,0.0,0.0,0.0,0.0,0.0,0.0,1.0,0.3333333333333333,0.0,0.0,0.0,0.11305986666666666,0.0,0.0,0.0,0.7,normal,0,19.709150990052496
0.0,0.0,0.0,0.0,0.0,0.0,0.0,0.0,0.0,0.0,0.0,0.0,0.0,0.0,0.0,0.0,0.0,0.0,0.0,0.4,normal,0,0.11679862827855869
0.0,0.0,0.0,0.0,0.0,0.0,0.0,0.0,0.0,0.0,0.0,0.3333333333333333,0.0,0.0,0.0,0.10995253333333334,0.0,0.0,0.0,0.6,normal,0,12.427595695294261
0.0,0.0,0.0,0.0,0.0,0.0,0.0,0.0,0.0,0.0,0.0,0.3333333333333333,0.0,0.0,0.0,1.0,0.0,0.0,1.0,0.5,normal,0,30.294210201401356
1.0,0.0,0.0,0.0,0.0,0.0,0.0,0.0,0.3333333333333333,1.0,0.0,0.3333333333333333,0.0,1.0,0.0,0.5223074666666666,0.3333333333333333,0.0,0.0,1.0,medium,0,74.71038786313473
0.0,0.0,0.0,0.0,0.0,0.0,0.0,0.0,0.0,0.0,0.0,0.3333333333333333,1.0,0.0,0.0,0.17132253333333333,0.0,0.0,0.0,0.7,normal,0,28.75051523846598
0.0,0.0,0.0,0.0,0.0,0.0,0.0,0.0,0.0,0.0,0.0,0.3333333333333333,1.0,0.0,0.0,0.17951399999999998,0.0,0.0,0.0,0.6,normal,0,24.090153629397662
0.0,0.0,0.0,0.0,0.0,0.0,0.0,0.0,0.0,0.0,0.0,0.3333333333333333,1.0,0.0,0.0,0.2795946118081146,0.0,0.0,0.0,0.5,normal,0,26.326848825527996
1.0,1.0,1.0,0.0,1.0,0.0,1.0,0.0,0.0,0.0,0.0,1.0,1.0,1.0,1.0,1.0,1.6666666666666667,0.8611111111111112,0.0,1.0,compromised,1,95.04494051039485
1.0,0.0,0.0,0.0,0.0,0.0,0.0,0.0,0.3333333333333333,1.0,0.0,0.3333333333333333,0.0,1.0,0.0,1.0,0.3333333333333333,0.0,0.0,0.8,medium,0,74.01124653358248
0.0,0.0,0.0,0.0,0.0,0.0,0.0,0.0,0.0,0.0,0.0,0.3333333333333333,0.0,0.0,0.0,0.10027946666666666,0.0,0.0,0.0,0.7,normal,0,13.586286121560324
0.0,0.0,0.0,0.0,0.0,0.0,0.0,0.0,0.0,0.0,0.0,0.3333333333333333,0.0,0.0,0.0,0.009946666666666666,0.0,0.0,0.0,0.5,normal,0,11.495617592339073
0.0,0.0,0.0,0.0,0.0,0.0,0.0,0.0,0.0,0.0,0.0,0.3333333333333333,0.0,0.0,0.0,0.10608240000000001,0.0,0.0,0.0,0.6,normal,0,10.543995677238108
0.0,0.0,0.0,0.0,0.0,0.0,0.0,0.0,0.0,0.0,0.0,0.3333333333333333,0.0,0.0,0.0,0.05302213333333333,0.0,0.0,0.0,0.7,normal,0,11.060413735280674
0.0,0.0,0.0,0.0,0.0,0.0,0.0,0.0,0.0,0.0,0.0,0.3333333333333333,0.0,0.0,0.0,0.015540197800416407,0.0,0.0,0.0,0.6,normal,0,6.30806402660337
1.0,0.0,0.0,0.0,0.0,0.0,0.0,0.0,0.3333333333333333,1.0,0.0,0.3333333333333333,0.0,1.0,0.0,0.42679586666666663,0.3333333333333333,0.0,0.0,0.8,medium,0,71.91085904340801
0.0,0.0,0.0,0.0,0.0,0.0,0.0,0.0,0.0,0.0,0.0,0.3333333333333333,0.0,0.0,0.0,0.33252243394576925,0.0,0.0,0.0,0.6,normal,0,16.379454085797914
0.0,0.0,0.0,0.0,0.0,0.0,0.0,0.0,0.0,0.0,0.0,0.0,0.0,0.0,0.0,0.0,0.0,0.0,0.0,0.5,normal,0,5.009054643793971
0.0,0.0,0.0,0.0,0.0,0.0,0.0,0.0,0.0,0.0,0.0,0.3333333333333333,0.0,0.0,0.0,0.10437439999999999,0.0,0.0,0.0,0.6,normal,0,12.50853306744367
0.0,0.0,0.0,0.0,0.0,0.0,0.0,0.0,0.0,0.0,0.0,0.3333333333333333,0.0,0.0,0.0,0.5282690906124917,0.0,0.0,0.0,0.6,normal,0,16.687704117379905
0.0,0.0,0.0,0.0,0.0,0.0,0.0,0.0,0.3333333333333333,0.0,0.0,0.3333333333333333,0.0,1.0,0.0,1.0,0.0,0.0,0.0,0.3,medium,0,36.77441009356822
1.0,0.0,0.0,0.0,0.0,0.0,0.0,0.0,0.3333333333333333,1.0,0.0,0.3333333333333333,0.0,1.0,0.0,0.6702608,0.3333333333333333,0.0,0.0,0.8,medium,0,72.09888957956495
0.0,0.0,0.0,0.0,0.0,0.0,0.0,0.0,0.0,0.0,0.0,0.3333333333333333,1.0,0.0,0.0,0.17800639999999998,0.0,0.0,0.0,0.6,normal,0,25.834569906700203
0.0,1.0,0.0,0.0,0.0,0.0,0.0,0.0,0.0,0.0,0.0,0.3333333333333333,0.0,0.0,0.0,0.051194533333333334,0.3333333333333333,0.0,0.0,0.7,innocent_security_change,0,39.334644010278076
0.0,0.0,0.0,0.0,0.0,0.0,0.0,0.0,0.0,0.0,0.0,0.3333333333333333,0.0,0.0,0.0,0.08763693333333333,0.0,0.0,0.0,0.6,normal,0,12.270603924184627
0.0,0.0,0.0,0.0,0.0,0.0,0.0,0.0,0.0,0.0,0.0,0.3333333333333333,0.0,0.0,0.0,0.13972586666666667,0.0,0.0,0.0,0.6,normal,0,10.396930437342458
0.0,0.0,0.0,0.0,0.0,0.0,0.0,0.0,0.3333333333333333,1.0,0.0,0.3333333333333333,0.0,1.0,0.0,0.5176988,0.0,0.0,0.0,0.7,medium,0,39.67716473507161
0.0,0.0,0.0,0.0,0.0,0.0,0.0,0.0,0.0,0.0,0.0,0.3333333333333333,0.0,0.0,0.0,0.14731906666666666,0.0,0.0,0.0,0.6,normal,0,14.55235652110883
0.0,0.0,0.0,0.0,0.0,0.0,0.0,0.0,0.0,0.0,0.0,0.3333333333333333,0.0,0.0,0.0,0.12328546666666666,0.0,0.0,0.0,0.7,normal,0,10.94484238557197
0.0,0.0,0.0,0.0,0.0,0.0,0.0,0.0,0.0,0.0,1.0,0.0,0.0,0.0,0.0,0.0,0.0,0.0,0.0,0.5,normal,0,11.380141539132564
1.0,0.0,0.0,0.0,0.0,0.0,0.0,0.0,0.3333333333333333,1.0,0.0,0.3333333333333333,0.0,1.0,0.0,0.5493541333333333,0.3333333333333333,0.0,0.0,0.6,medium,0,74.62622052684796
0.0,0.0,0.0,0.0,0.0,0.0,0.0,0.0,0.0,0.0,0.0,0.3333333333333333,0.0,0.0,0.0,0.1038268,0.0,0.0,0.0,0.6,normal,0,10.269768411601744
0.0,0.0,0.0,0.0,0.0,0.0,0.0,0.0,0.0,0.0,0.0,0.0,0.0,0.0,0.0,0.0,0.0,0.0,0.0,0.4,normal,0,5.5170251708243505
0.0,0.0,0.0,0.0,0.0,0.0,0.0,0.0,0.0,0.0,0.0,0.0,0.0,0.0,0.0,0.0,0.0,0.0,0.0,0.3,normal,0,3.700703565704896
0.0,0.0,0.0,0.0,0.0,0.0,0.0,0.0,0.0,0.0,0.0,0.3333333333333333,0.0,0.0,0.0,0.0136332,0.0,0.0,0.0,0.5,normal,0,11.13036895496456
0.0,0.0,0.0,0.0,0.0,0.0,0.0,0.0,0.0,0.0,0.0,0.0,0.0,0.0,0.0,0.0,0.0,0.0,0.0,0.4,normal,0,0.0
0.0,0.0,0.0,0.0,0.0,0.0,0.0,0.0,0.0,0.0,0.0,0.0,0.0,0.0,0.0,0.0,0.0,0.0,1.0,0.3,innocent_security_change,0,13.690431975560973
0.0,0.0,0.0,0.0,0.0,0.0,0.0,0.0,0.0,0.0,0.0,0.3333333333333333,0.0,0.0,0.0,0.1420932,0.0,0.0,0.0,0.7,normal,0,13.035084589630975
0.0,0.0,0.0,0.0,0.0,0.0,0.0,0.0,0.0,0.0,0.0,0.0,0.0,0.0,0.0,0.0,0.0,0.0,0.0,0.5,normal,0,2.6478492554120474
0.0,0.0,0.0,0.0,0.0,0.0,0.0,0.0,0.0,0.0,0.0,0.3333333333333333,0.0,0.0,0.0,0.11334253333333334,0.0,0.0,0.0,0.6,normal,0,11.731025950781653
0.0,0.0,0.0,0.0,0.0,0.0,0.0,0.0,0.0,0.0,0.0,0.3333333333333333,0.0,0.0,0.0,0.1139456,0.0,0.0,0.0,0.7,normal,0,7.581909361960415
0.0,0.0,0.0,0.0,0.0,0.0,0.0,0.0,0.0,0.0,0.0,0.3333333333333333,0.0,0.0,0.0,0.024848400000000003,0.0,0.0,0.0,0.6,normal,0,11.246011779500652
1.0,0.0,0.0,0.0,0.0,0.0,0.0,0.0,0.3333333333333333,1.0,0.0,0.3333333333333333,0.0,1.0,0.0,1.0,0.3333333333333333,0.0,0.0,0.7,medium,0,72.22293276002206
0.0,1.0,0.0,0.0,0.0,0.0,0.0,0.0,0.0,0.0,0.0,0.3333333333333333,0.0,0.0,0.0,0.10828794941277693,0.3333333333333333,0.0,0.0,0.7,innocent_security_change,0,35.41094882127785
1.0,0.0,0.0,0.0,0.0,0.0,0.0,0.0,0.3333333333333333,1.0,0.0,0.3333333333333333,0.0,1.0,0.0,0.6312088,0.3333333333333333,0.0,0.0,0.8,medium,0,69.79426078391229
0.0,0.0,0.0,0.0,0.0,1.0,0.0,0.0,0.0,0.0,1.0,0.3333333333333333,0.0,0.0,0.0,0.19904853333333333,0.3333333333333333,0.0,1.0,0.7,innocent_security_change,0,46.61418800306656
0.0,0.0,0.0,0.0,0.0,0.0,0.0,0.0,0.0,0.0,0.0,0.3333333333333333,0.0,0.0,0.0,0.1836076,0.0,0.0,1.0,0.5,normal,0,17.73924715148454
1.0,1.0,1.0,0.0,1.0,0.0,1.0,0.0,0.0,0.0,1.0,1.0,1.0,1.0,1.0,1.0,1.6666666666666667,0.9,0.0,1.0,compromised,1,100.0
0.0,0.0,0.0,0.0,0.0,0.0,0.0,0.0,0.3333333333333333,1.0,0.0,0.3333333333333333,0.0,1.0,0.0,0.5384088,0.0,0.0,0.0,0.7,medium,0,43.88626704324578
0.0,0.0,0.0,0.0,0.0,0.0,0.0,0.0,0.0,0.0,0.0,0.0,0.0,0.0,0.0,0.0,0.0,0.0,0.0,0.4,normal,0,0.0
1.0,0.0,0.0,0.0,0.0,0.0,0.0,0.0,0.3333333333333333,1.0,1.0,0.3333333333333333,0.0,1.0,0.0,1.0,0.3333333333333333,0.0,0.0,0.7,medium,0,74.60987418396645
0.0,0.0,0.0,0.0,0.0,0.0,0.0,0.0,0.0,0.0,0.0,0.0,0.0,0.0,0.0,0.0,0.0,0.0,1.0,0.5,innocent_security_change,0,15.04017852439624
0.0,0.0,0.0,0.0,0.0,0.0,0.0,0.0,0.0,0.0,0.0,0.3333333333333333,0.0,0.0,0.0,0.09695693333333334,0.0,0.0,0.0,0.6,normal,0,10.771326309765097
1.0,1.0,0.0,0.0,1.0,0.0,1.0,0.0,0.0,0.0,1.0,1.0,1.0,1.0,1.0,1.0,1.3333333333333333,0.8555555555555556,0.0,0.9,compromised,1,95.24852533349633
1.0,1.0,1.0,0.0,1.0,0.0,1.0,0.0,0.0,0.0,0.0,1.0,1.0,1.0,1.0,1.0,1.6666666666666667,0.8888888888888888,0.0,0.9,compromised,1,98.17603617101177
0.0,0.0,0.0,0.0,0.0,0.0,0.0,0.0,0.0,0.0,0.0,0.0,0.0,0.0,0.0,0.0,0.0,0.0,0.0,0.4,normal,0,4.121641051126659
1.0,1.0,1.0,0.0,1.0,0.0,0.0,0.0,0.0,0.0,1.0,0.0,0.0,0.0,0.0,0.0,1.3333333333333333,0.8944444444444445,0.0,0.7,compromised,1,95.51468137336609
0.0,0.0,0.0,0.0,0.0,0.0,0.0,0.0,0.0,0.0,0.0,0.3333333333333333,1.0,0.0,0.0,0.1642444,0.0,0.0,0.0,0.7,normal,0,28.107827646650115
1.0,0.0,0.0,0.0,0.0,0.0,0.0,0.0,0.3333333333333333,1.0,0.0,0.3333333333333333,0.0,1.0,0.0,1.0,0.3333333333333333,0.0,0.0,0.9,medium,0,74.26088500373763
1.0,1.0,1.0,0.0,1.0,0.0,1.0,0.0,0.0,0.0,1.0,1.0,1.0,1.0,1.0,1.0,1.6666666666666667,0.8833333333333333,0.0,1.0,compromised,1,94.70197343663095
0.0,0.0,0.0,0.0,0.0,0.0,0.0,0.0,0.0,0.0,0.0,0.3333333333333333,0.0,0.0,0.0,0.10576173333333333,0.0,0.0,0.0,0.6,normal,0,10.241111880504867
0.0,1.0,0.0,0.0,0.0,0.0,0.0,0.0,0.0,0.0,1.0,0.3333333333333333,1.0,0.0,0.0,0.17170973333333334,0.3333333333333333,0.0,0.0,0.8,innocent_security_change,0,53.97496200428701
1.0,1.0,1.0,0.0,1.0,0.0,0.0,0.0,0.0,0.0,0.0,0.0,0.0,0.0,0.0,0.0,1.3333333333333333,0.8888888888888888,0.0,0.6,compromised,1,89.40032367999292
1.0,1.0,1.0,0.0,1.0,0.0,1.0,0.0,0.0,0.0,1.0,1.0,1.0,1.0,1.0,1.0,1.6666666666666667,0.9222222222222223,0.0,1.0,compromised,1,95.64652183985717
0.0,0.0,0.0,0.0,0.0,0.0,0.0,0.0,0.0,0.0,1.0,0.3333333333333333,0.0,0.0,0.0,0.15388493333333333,0.0,0.0,0.0,0.8,normal,0,22.99979726824932
0.0,0.0,0.0,0.0,0.0,0.0,0.0,0.0,0.0,0.0,1.0,0.3333333333333333,0.0,0.0,0.0,0.021261066666666665,0.0,0.0,0.0,0.6,normal,0,19.3391440375007
0.0,0.0,0.0,0.0,0.0,0.0,0.0,0.0,0.0,0.0,0.0,0.3333333333333333,0.0,0.0,0.0,0.07132680000000001,0.0,0.0,0.0,0.6,normal,0,10.911252880398743
0.0,0.0,0.0,0.0,0.0,0.0,0.0,0.0,0.0,0.0,0.0,0.3333333333333333,0.0,0.0,0.0,0.0,0.0,0.0,1.0,0.6,innocent_security_change,0,15.832762105000192
1.0,0.0,0.0,0.0,0.0,0.0,0.0,0.0,0.3333333333333333,1.0,0.0,0.3333333333333333,0.0,1.0,0.0,0.5705178666666666,0.3333333333333333,0.0,0.0,0.7,medium,0,72.59566613400752
0.0,0.0,0.0,0.0,0.0,0.0,0.0,0.0,0.0,0.0,1.0,0.3333333333333333,0.0,0.0,0.0,0.0,0.0,0.0,0.0,0.6,normal,0,16.90073746633012
0.0,0.0,0.0,0.0,0.0,0.0,0.0,0.0,0.0,0.0,0.0,0.0,0.0,0.0,0.0,0.0,0.0,0.0,0.0,0.4,normal,0,5.092680238519764
0.0,0.0,0.0,0.0,0.0,0.0,0.0,0.0,0.0,0.0,0.0,0.3333333333333333,0.0,0.0,0.0,0.19130253333333333,0.0,0.0,1.0,0.7,normal,0,23.154629143111375
0.0,0.0,0.0,0.0,0.0,0.0,0.0,0.0,0.0,0.0,0.0,0.0,0.0,0.0,0.0,0.0,0.0,0.0,0.0,0.5,normal,0,0.0
1.0,0.0,0.0,0.0,0.0,0.0,0.0,0.0,0.0,0.0,0.0,0.0,0.0,0.0,0.0,0.0,0.3333333333333333,0.0,0.0,0.3,compromised,1,49.52911384112716
1.0,1.0,1.0,0.0,1.0,0.0,1.0,0.0,0.0,0.0,0.0,1.0,1.0,1.0,1.0,1.0,1.6666666666666667,0.8777777777777778,0.0,0.9,compromised,1,94.02746712076586
0.0,0.0,0.0,1.0,0.0,0.0,0.0,0.0,0.0,0.0,0.0,0.0,0.0,0.0,0.0,0.0,0.3333333333333333,0.0,0.0,0.5,innocent_security_change,0,22.24490149429538
1.0,0.0,0.0,0.0,0.0,0.0,0.0,0.0,0.3333333333333333,1.0,0.0,0.3333333333333333,0.0,1.0,0.0,1.0,0.3333333333333333,0.0,0.0,0.7,medium,0,74.58776660600134
0.0,0.0,0.0,0.0,0.0,0.0,0.0,0.0,0.0,0.0,0.0,0.0,0.0,0.0,0.0,0.0,0.0,0.0,0.0,0.5,normal,0,0.0
0.0,0.0,0.0,0.0,0.0,0.0,0.0,0.0,0.0,0.0,0.0,0.3333333333333333,0.0,0.0,0.0,0.029723333333333334,0.0,0.0,0.0,0.6,normal,0,7.983365859525696
1.0,0.0,0.0,0.0,0.0,0.0,0.0,0.0,0.3333333333333333,1.0,1.0,0.3333333333333333,0.0,1.0,0.0,0.4407589333333333,0.3333333333333333,0.0,0.0,0.9,medium,0,73.33016005382082
1.0,1.0,1.0,0.0,1.0,0.0,1.0,0.0,0.0,0.0,0.0,0.0,0.0,0.0,0.0,0.0,1.6666666666666667,0.8777777777777778,0.0,0.7,compromised,1,95.09968118562674
0.0,0.0,0.0,0.0,0.0,0.0,0.0,0.0,0.0,0.0,1.0,0.3333333333333333,0.0,0.0,0.0,0.07808746666666667,0.0,0.0,0.0,0.6,normal,0,20.29710176405168
1.0,1.0,1.0,0.0,1.0,0.0,0.0,0.0,0.0,0.0,0.0,0.0,0.0,0.0,0.0,0.0,1.3333333333333333,0.9222222222222223,0.0,0.6,compromised,1,90.08441417018598
0.0,0.0,0.0,0.0,0.0,0.0,0.0,0.0,0.0,0.0,0.0,0.3333333333333333,0.0,0.0,0.0,0.13580693333333335,0.0,0.0,0.0,0.5,normal,0,11.458926446426132
1.0,1.0,1.0,0.0,1.0,0.0,1.0,0.0,0.0,0.0,1.0,1.0,1.0,1.0,1.0,1.0,1.6666666666666667,0.9166666666666666,0.0,1.0,compromised,1,96.66952770584773
0.0,0.0,0.0,0.0,0.0,0.0,0.0,0.0,0.0,0.0,0.0,0.3333333333333333,0.0,0.0,0.0,0.10134826666666666,0.0,0.0,0.0,0.6,normal,0,10.538660783226325
1.0,1.0,1.0,0.0,1.0,0.0,1.0,0.0,0.0,0.0,1.0,0.6666666666666666,1.0,1.0,0.0,1.0,1.6666666666666667,0.8611111111111112,0.0,1.0,compromised,1,100.0
0.0,0.0,0.0,0.0,0.0,1.0,0.0,0.0,0.0,0.0,1.0,0.3333333333333333,0.0,0.0,0.0,0.0,0.3333333333333333,0.0,0.0,0.5,innocent_security_change,0,39.10345146693678
0.0,0.0,0.0,0.0,0.0,0.0,0.0,0.0,0.3333333333333333,1.0,0.0,0.3333333333333333,0.0,1.0,0.0,1.0,0.0,0.0,0.0,0.4,medium,0,44.40389878476903
1.0,1.0,0.0,0.0,0.0,0.0,0.0,0.0,0.0,0.0,0.0,0.0,0.0,0.0,0.0,0.0,0.6666666666666666,0.8666666666666667,0.0,0.4,compromised,1,76.25222903994874
0.0,0.0,0.0,0.0,0.0,0.0,0.0,0.0,0.0,0.0,1.0,0.0,0.0,0.0,0.0,0.0,0.0,0.0,0.0,0.6,normal,0,16.19211247554034
0.0,0.0,0.0,0.0,0.0,0.0,0.0,0.0,0.0,0.0,0.0,0.0,0.0,0.0,0.0,0.0,0.0,0.0,0.0,0.5,normal,0,0.7003838816460095
0.0,0.0,0.0,0.0,0.0,0.0,0.0,0.0,0.0,0.0,0.0,0.0,0.0,0.0,0.0,0.0,0.0,0.0,0.0,0.5,normal,0,5.6179862129147065
0.0,0.0,0.0,0.0,0.0,0.0,0.0,0.0,0.0,0.0,0.0,0.0,0.0,0.0,0.0,0.0,0.0,0.0,0.0,0.5,normal,0,7.415871899558937
1.0,1.0,1.0,0.0,1.0,0.0,1.0,0.0,0.0,0.0,0.0,1.0,1.0,1.0,1.0,1.0,1.6666666666666667,0.8944444444444445,0.0,1.0,compromised,1,94.98930996081167
1.0,0.0,0.0,0.0,0.0,0.0,0.0,0.0,0.3333333333333333,1.0,0.0,0.3333333333333333,0.0,1.0,0.0,1.0,0.3333333333333333,0.0,0.0,0.5,medium,0,72.13332695615428
0.0,0.0,0.0,0.0,0.0,0.0,0.0,0.0,0.0,0.0,0.0,0.0,0.0,0.0,0.0,0.0,0.0,0.0,0.0,0.4,normal,0,5.411337877816552
0.0,0.0,0.0,0.0,0.0,0.0,0.0,0.0,0.0,0.0,0.0,0.0,0.0,0.0,0.0,0.0,0.0,0.0,0.0,0.4,normal,0,3.545922487771916
0.0,0.0,0.0,0.0,0.0,0.0,0.0,0.0,0.0,0.0,0.0,0.0,0.0,0.0,0.0,0.0,0.0,0.0,0.0,0.5,normal,0,4.949732791626364
1.0,1.0,0.0,0.0,0.0,0.0,0.0,0.0,0.0,0.0,1.0,0.0,0.0,0.0,0.0,0.0,0.6666666666666666,0.8333333333333334,0.0,0.4,compromised,1,77.47250415550191
1.0,1.0,1.0,0.0,1.0,0.0,1.0,0.0,0.0,0.0,1.0,1.0,1.0,1.0,1.0,1.0,1.6666666666666667,0.8944444444444445,0.0,1.0,compromised,1,99.00023150417502
1.0,0.0,0.0,0.0,0.0,0.0,0.0,0.0,0.0,0.0,1.0,0.0,0.0,0.0,0.0,0.0,0.3333333333333333,0.0,0.0,0.3,compromised,1,53.512767336314326
1.0,0.0,0.0,0.0,0.0,0.0,0.0,0.0,0.3333333333333333,1.0,0.0,0.3333333333333333,0.0,1.0,0.0,0.4362433333333333,0.3333333333333333,0.0,0.0,0.6,medium,0,75.06114330982517
0.0,0.0,0.0,1.0,0.0,0.0,0.0,0.0,0.0,0.0,0.0,0.0,0.0,0.0,0.0,0.0,0.3333333333333333,0.0,0.0,0.4,innocent_security_change,0,26.23824505672946
0.0,0.0,0.0,0.0,0.0,0.0,0.0,0.0,0.0,0.0,0.0,0.3333333333333333,0.0,0.0,0.0,0.018045733333333334,0.0,0.0,0.0,0.7,normal,0,10.213216990951373
0.0,0.0,0.0,0.0,0.0,0.0,0.0,0.0,0.0,0.0,0.0,0.3333333333333333,0.0,0.0,0.0,0.020685333333333333,0.0,0.0,0.0,0.6,normal,0,10.061308456664477
0.0,1.0,0.0,0.0,0.0,0.0,0.0,0.0,0.0,0.0,0.0,0.3333333333333333,0.0,0.0,0.0,0.245668097126267,0.3333333333333333,0.0,1.0,0.6,innocent_security_change,0,40.9895716684586
1.0,0.0,0.0,0.0,0.0,0.0,0.0,0.0,0.3333333333333333,1.0,0.0,0.3333333333333333,0.0,1.0,0.0,0.5986742666666667,0.3333333333333333,0.0,0.0,0.5,medium,0,74.17547935439714
0.0,0.0,0.0,0.0,0.0,0.0,0.0,0.0,0.0,0.0,1.0,0.3333333333333333,0.0,0.0,0.0,0.0,0.0,0.0,0.0,0.6,normal,0,20.64146393128624
1.0,1.0,1.0,0.0,1.0,0.0,0.0,0.0,0.0,0.0,0.0,0.0,0.0,0.0,0.0,0.0,1.3333333333333333,0.9333333333333333,0.0,0.6,compromised,1,91.75945633965769
0.0,0.0,0.0,0.0,0.0,0.0,0.0,0.0,0.0,0.0,0.0,0.0,0.0,0.0,0.0,0.0,0.0,0.0,0.0,0.4,normal,0,5.678067610384053
1.0,1.0,1.0,0.0,1.0,0.0,1.0,0.0,0.0,0.0,1.0,1.0,1.0,1.0,1.0,1.0,1.6666666666666667,0.8888888888888888,0.0,1.0,compromised,1,97.1851016848697
1.0,1.0,0.0,0.0,0.0,0.0,0.0,0.0,0.0,0.0,0.0,0.0,0.0,0.0,0.0,0.0,0.6666666666666666,0.8,0.0,0.5,compromised,1,75.27451300602239
0.0,0.0,0.0,0.0,0.0,0.0,0.0,0.0,0.0,0.0,1.0,0.3333333333333333,0.0,0.0,0.0,0.12902253333333333,0.0,0.0,0.0,0.5,normal,0,17.585443281755612
0.0,0.0,0.0,0.0,0.0,0.0,0.0,0.0,0.0,0.0,0.0,0.0,0.0,0.0,0.0,0.0,0.0,0.0,0.0,0.5,normal,0,3.5121617263419598
0.0,0.0,0.0,0.0,0.0,0.0,0.0,0.0,0.0,0.0,0.0,0.0,0.0,0.0,0.0,0.0,0.0,0.0,0.0,0.4,normal,0,2.4312985659507063
0.0,0.0,0.0,0.0,0.0,0.0,0.0,0.0,0.0,0.0,0.0,0.3333333333333333,0.0,0.0,0.0,0.0234572,0.0,0.0,0.0,0.6,normal,0,10.769481049650068
0.0,0.0,0.0,0.0,0.0,0.0,0.0,0.0,0.3333333333333333,1.0,1.0,0.3333333333333333,0.0,1.0,0.0,1.0,0.0,0.0,0.0,0.7,medium,0,53.15215918435372
0.0,0.0,0.0,0.0,0.0,0.0,0.0,0.0,0.0,0.0,0.0,0.3333333333333333,0.0,0.0,0.0,0.0265264,0.0,0.0,0.0,0.6,normal,0,9.91760736828016
0.0,0.0,0.0,0.0,0.0,0.0,0.0,0.0,0.0,0.0,1.0,0.3333333333333333,0.0,0.0,0.0,0.12158586666666667,0.0,0.0,0.0,0.5,normal,0,22.11328515955483
0.0,0.0,0.0,0.0,0.0,0.0,0.0,0.0,0.0,0.0,0.0,0.0,0.0,0.0,0.0,0.0,0.0,0.0,0.0,0.5,normal,0,2.4791315104320115
0.0,0.0,0.0,0.0,0.0,0.0,0.0,0.0,0.0,0.0,0.0,0.3333333333333333,0.0,0.0,0.0,0.084022,0.0,0.0,0.0,0.6,normal,0,6.977326122648938
1.0,1.0,1.0,0.0,1.0,0.0,1.0,0.0,0.0,0.0,0.0,1.0,1.0,1.0,1.0,1.0,1.6666666666666667,0.8888888888888888,0.0,1.0,compromised,1,100.0
0.0,0.0,0.0,0.0,0.0,0.0,0.0,0.0,0.0,0.0,0.0,0.3333333333333333,0.0,0.0,0.0,0.03457813333333334,0.0,0.0,0.0,0.6,normal,0,13.804978589413322
0.0,0.0,0.0,0.0,0.0,0.0,0.0,0.0,0.0,0.0,0.0,0.3333333333333333,0.0,0.0,0.0,0.5956037693474909,0.0,0.0,0.0,0.5,normal,0,13.542726183456747
0.0,0.0,0.0,0.0,0.0,0.0,0.0,0.0,0.3333333333333333,1.0,0.0,0.3333333333333333,0.0,1.0,0.0,0.5408922666666667,0.0,0.0,0.0,0.7,medium,0,46.969822818565255
0.0,0.0,0.0,0.0,0.0,0.0,0.0,0.0,0.0,0.0,0.0,0.0,0.0,0.0,0.0,0.0,0.0,0.0,0.0,0.5,normal,0,2.3136051771491974
0.0,0.0,0.0,0.0,0.0,0.0,0.0,0.0,0.0,0.0,0.0,0.3333333333333333,1.0,0.0,0.0,0.1984976,0.0,0.0,0.0,0.8,normal,0,26.06506799203983
0.0,0.0,0.0,0.0,0.0,0.0,0.0,0.0,0.0,0.0,0.0,0.3333333333333333,0.0,0.0,0.0,0.0,0.0,0.0,0.0,0.8,normal,0,11.935945962150928
0.0,0.0,0.0,0.0,0.0,0.0,0.0,0.0,0.0,0.0,0.0,0.3333333333333333,0.0,0.0,0.0,0.039708799999999995,0.0,0.0,0.0,0.5,normal,0,9.178323121251383
1.0,1.0,1.0,0.0,1.0,0.0,1.0,0.0,0.0,0.0,1.0,1.0,1.0,1.0,1.0,1.0,1.6666666666666667,0.8888888888888888,0.0,1.0,compromised,1,96.06088059835356
0.0,0.0,0.0,0.0,0.0,0.0,0.0,0.0,0.0,0.0,0.0,0.0,0.0,0.0,0.0,0.0,0.0,0.0,0.0,0.4,normal,0,1.1408315799171476
0.0,0.0,0.0,0.0,0.0,0.0,0.0,0.0,0.3333333333333333,1.0,1.0,0.3333333333333333,0.0,1.0,0.0,0.6706026666666667,0.0,0.0,0.0,0.6,medium,0,49.17994382510933
0.0,0.0,0.0,0.0,0.0,0.0,0.0,0.0,0.0,0.0,0.0,0.0,0.0,0.0,0.0,0.0,0.0,0.0,0.0,0.4,normal,0,0.787628690131684
0.0,0.0,0.0,0.0,0.0,0.0,0.0,0.0,0.0,0.0,1.0,0.3333333333333333,0.0,0.0,0.0,0.14215133333333335,0.0,0.0,0.0,0.6,normal,0,20.696655410225194
0.0,0.0,0.0,0.0,0.0,0.0,0.0,0.0,0.0,0.0,0.0,0.3333333333333333,1.0,0.0,0.0,0.18896133333333334,0.0,0.0,0.0,0.7,normal,0,22.968177279999527
1.0,0.0,0.0,0.0,0.0,0.0,0.0,0.0,0.3333333333333333,1.0,0.0,0.3333333333333333,0.0,1.0,0.0,1.0,0.3333333333333333,0.0,0.0,0.8,medium,0,76.68412595405003
1.0,1.0,1.0,0.0,1.0,0.0,1.0,0.0,0.0,0.0,0.0,1.0,1.0,1.0,1.0,1.0,1.6666666666666667,0.8444444444444444,0.0,1.0,compromised,1,100.0
1.0,1.0,1.0,0.0,1.0,0.0,1.0,0.0,0.0,0.0,0.0,1.0,1.0,1.0,1.0,1.0,1.6666666666666667,0.8555555555555556,0.0,1.0,compromised,1,96.32045942454911
0.0,1.0,0.0,0.0,0.0,0.0,0.0,0.0,0.0,0.0,0.0,0.3333333333333333,1.0,0.0,0.0,0.19706133333333334,0.3333333333333333,0.0,0.0,0.7,innocent_security_change,0,48.35578562368283
0.0,0.0,0.0,0.0,0.0,0.0,0.0,0.0,0.0,0.0,0.0,0.3333333333333333,0.0,0.0,0.0,0.17788746666666666,0.0,0.0,1.0,0.7,normal,0,21.660570080898644
0.0,0.0,0.0,0.0,0.0,0.0,0.0,0.0,0.0,0.0,0.0,0.3333333333333333,0.0,0.0,0.0,0.19384791338521043,0.0,0.0,0.0,0.8,normal,0,14.849221380877648
0.0,0.0,0.0,0.0,0.0,0.0,0.0,0.0,0.0,0.0,1.0,0.3333333333333333,1.0,0.0,0.0,0.16920079999999998,0.0,0.0,0.0,0.7,normal,0,32.52965872619644
0.0,0.0,0.0,0.0,0.0,0.0,0.0,0.0,0.0,0.0,0.0,0.3333333333333333,0.0,0.0,0.0,0.012928933333333333,0.0,0.0,0.0,0.6,normal,0,11.925303154113069
0.0,0.0,0.0,0.0,0.0,0.0,0.0,0.0,0.0,0.0,0.0,0.3333333333333333,0.0,0.0,0.0,0.16216466666666668,0.0,0.0,1.0,0.6,normal,0,20.852489411911247
0.0,0.0,0.0,0.0,0.0,0.0,0.0,0.0,0.0,0.0,0.0,0.0,0.0,0.0,0.0,0.0,0.0,0.0,0.0,0.4,normal,0,0.0
1.0,0.0,0.0,0.0,0.0,0.0,0.0,0.0,0.3333333333333333,1.0,1.0,0.3333333333333333,0.0,1.0,0.0,0.7333425333333333,0.3333333333333333,0.0,0.0,0.7,medium,0,78.68032489762885
0.0,0.0,0.0,0.0,0.0,0.0,0.0,0.0,0.3333333333333333,1.0,1.0,0.3333333333333333,0.0,1.0,0.0,1.0,0.0,0.0,0.0,0.6,medium,0,55.95899323218832
0.0,0.0,0.0,0.0,0.0,0.0,0.0,0.0,0.0,0.0,1.0,0.0,0.0,0.0,0.0,0.0,0.0,0.0,0.0,0.4,normal,0,10.997752283260166
1.0,1.0,1.0,0.0,0.0,0.0,1.0,0.0,0.0,0.0,0.0,1.0,1.0,1.0,1.0,1.0,1.3333333333333333,0.9166666666666666,0.0,0.9,compromised,1,96.39084720569194
0.0,0.0,0.0,0.0,0.0,0.0,0.0,0.0,0.3333333333333333,1.0,0.0,0.3333333333333333,0.0,1.0,0.0,1.0,0.0,0.0,0.0,0.5,medium,0,49.74049985352784
0.0,0.0,0.0,0.0,0.0,0.0,0.0,0.0,0.3333333333333333,1.0,0.0,0.3333333333333333,0.0,1.0,0.0,0.6683140000000001,0.0,0.0,0.0,0.7,medium,0,45.72774495509089
0.0,0.0,0.0,0.0,0.0,0.0,0.0,0.0,0.0,0.0,0.0,0.3333333333333333,0.0,0.0,0.0,0.09123613333333333,0.0,0.0,0.0,0.7,normal,0,14.413855209241216
0.0,0.0,0.0,0.0,0.0,0.0,0.0,0.0,0.3333333333333333,1.0,1.0,0.3333333333333333,0.0,1.0,0.0,1.0,0.0,0.0,0.0,0.6,medium,0,59.65044737556987
0.0,0.0,0.0,0.0,0.0,0.0,0.0,0.0,0.0,0.0,0.0,0.3333333333333333,0.0,0.0,0.0,0.09975946666666667,0.0,0.0,0.0,0.5,normal,0,8.584121523261755
0.0,0.0,0.0,0.0,0.0,0.0,0.0,0.0,0.0,0.0,0.0,0.3333333333333333,0.0,0.0,0.0,0.1186874944428255,0.0,0.0,0.0,0.5,normal,0,7.342409755337279
0.0,0.0,0.0,0.0,0.0,0.0,0.0,0.0,0.0,0.0,0.0,0.3333333333333333,1.0,0.0,0.0,0.16613013333333335,0.0,0.0,0.0,0.6,normal,0,24.71579643523432
0.0,0.0,0.0,0.0,0.0,0.0,0.0,0.0,0.0,0.0,0.0,0.3333333333333333,0.0,0.0,0.0,0.3257145259167598,0.0,0.0,0.0,0.8,normal,0,17.11321875070886
0.0,0.0,0.0,0.0,0.0,0.0,0.0,0.0,0.0,0.0,0.0,0.3333333333333333,0.0,0.0,0.0,0.037766666666666664,0.0,0.0,0.0,0.5,normal,0,9.161682224345657
0.0,0.0,0.0,0.0,0.0,0.0,0.0,0.0,0.0,0.0,0.0,0.3333333333333333,0.0,0.0,0.0,0.15207959999999998,0.0,0.0,0.0,0.6,normal,0,15.503672016545128
0.0,0.0,0.0,0.0,0.0,0.0,0.0,0.0,0.3333333333333333,1.0,0.0,0.3333333333333333,0.0,1.0,0.0,0.6564601333333333,0.0,0.0,0.0,0.5,medium,0,42.02288543128635
0.0,0.0,0.0,0.0,0.0,0.0,0.0,0.0,0.0,0.0,0.0,0.0,0.0,0.0,0.0,0.0,0.0,0.0,0.0,0.5,normal,0,5.303338661106583
0.0,0.0,0.0,0.0,0.0,0.0,0.0,0.0,0.3333333333333333,1.0,1.0,0.3333333333333333,0.0,1.0,0.0,0.5385178666666666,0.0,0.0,0.0,0.8,medium,0,49.72876054790999
0.0,0.0,0.0,0.0,0.0,0.0,0.0,0.0,0.0,0.0,1.0,0.3333333333333333,0.0,0.0,0.0,0.18811546666666668,0.0,0.0,1.0,0.9,innocent_security_change,0,34.07042802852973
0.0,0.0,0.0,0.0,0.0,0.0,0.0,0.0,0.0,0.0,0.0,0.3333333333333333,0.0,0.0,0.0,0.17815053333333333,0.0,0.0,1.0,0.6,normal,0,24.81477682975435
0.0,0.0,0.0,0.0,0.0,0.0,0.0,0.0,0.0,0.0,0.0,0.3333333333333333,0.0,0.0,0.0,0.097582,0.0,0.0,0.0,0.5,normal,0,8.60410953822699
0.0,0.0,0.0,0.0,0.0,0.0,0.0,0.0,0.0,0.0,0.0,0.0,0.0,0.0,0.0,0.0,0.0,0.0,0.0,0.5,normal,0,2.197149263756105
1.0,0.0,0.0,0.0,0.0,0.0,0.0,0.0,0.3333333333333333,1.0,0.0,0.3333333333333333,0.0,1.0,0.0,1.0,0.3333333333333333,0.0,0.0,0.7,medium,0,76.94533124792675
1.0,0.0,0.0,0.0,0.0,0.0,0.0,0.0,0.3333333333333333,1.0,0.0,0.3333333333333333,0.0,1.0,0.0,1.0,0.3333333333333333,0.0,0.0,0.5,medium,0,73.45925738421614
1.0,0.0,0.0,0.0,0.0,0.0,0.0,0.0,0.3333333333333333,1.0,0.0,0.3333333333333333,0.0,1.0,0.0,1.0,0.3333333333333333,0.0,0.0,0.8,medium,0,74.86546774493787
0.0,0.0,0.0,0.0,0.0,0.0,0.0,0.0,0.3333333333333333,1.0,0.0,0.3333333333333333,0.0,1.0,0.0,0.5507613333333333,0.0,0.0,0.0,0.8,medium,0,45.783768465946864
0.0,0.0,0.0,0.0,0.0,0.0,0.0,0.0,0.0,0.0,0.0,0.3333333333333333,0.0,0.0,0.0,0.0297364,0.0,0.0,0.0,0.6,normal,0,5.4890030088244615
0.0,0.0,0.0,0.0,0.0,0.0,0.0,0.0,0.0,0.0,0.0,0.3333333333333333,0.0,0.0,0.0,0.0871016,0.0,0.0,0.0,0.5,normal,0,10.349648501452617
1.0,1.0,0.0,0.0,1.0,0.0,1.0,0.0,0.0,0.0,1.0,1.0,1.0,1.0,1.0,1.0,1.3333333333333333,0.9111111111111111,0.0,0.9,compromised,1,94.94912347310724
0.0,0.0,0.0,0.0,0.0,0.0,0.0,0.0,0.0,0.0,0.0,0.0,0.0,0.0,0.0,0.0,0.0,0.0,0.0,0.4,normal,0,1.634377154708366
0.0,1.0,0.0,0.0,0.0,0.0,0.0,0.0,0.0,0.0,0.0,0.0,0.0,0.0,0.0,0.0,0.3333333333333333,0.0,0.0,0.6,innocent_security_change,0,37.06281243567147
0.0,0.0,0.0,0.0,0.0,0.0,0.0,0.0,0.0,0.0,0.0,0.0,0.0,0.0,0.0,0.0,0.0,0.0,0.0,0.4,normal,0,0.0
0.0,0.0,0.0,0.0,0.0,0.0,0.0,0.0,0.0,0.0,0.0,0.3333333333333333,0.0,0.0,0.0,0.1202128,0.0,0.0,0.0,0.6,normal,0,13.49408993787246
0.0,0.0,0.0,0.0,0.0,0.0,0.0,0.0,0.0,0.0,1.0,0.3333333333333333,0.0,0.0,0.0,0.1386584,0.0,0.0,0.0,0.8,normal,0,21.270287990128704
0.0,0.0,0.0,0.0,0.0,0.0,0.0,0.0,0.0,0.0,1.0,0.3333333333333333,0.0,0.0,0.0,0.07333146666666666,0.0,0.0,0.0,0.6,normal,0,19.369064439203974
1.0,1.0,1.0,0.0,1.0,0.0,1.0,0.0,0.0,0.0,1.0,1.0,1.0,1.0,1.0,1.0,1.6666666666666667,0.8777777777777778,0.0,1.0,compromised,1,99.9898151021696
0.0,0.0,0.0,0.0,0.0,0.0,0.0,0.0,0.0,0.0,1.0,0.3333333333333333,1.0,0.0,0.0,0.18688839999999998,0.0,0.0,0.0,0.7,normal,0,33.363747364908086
0.0,0.0,0.0,0.0,0.0,0.0,0.0,0.0,0.0,0.0,0.0,0.0,0.0,0.0,0.0,0.0,0.0,0.0,0.0,0.4,normal,0,4.2937167037566235
0.0,0.0,0.0,0.0,0.0,0.0,0.0,0.0,0.0,0.0,0.0,0.3333333333333333,0.0,0.0,0.0,0.16536013333333333,0.0,0.0,1.0,0.6,normal,0,22.104667749973974
0.0,0.0,0.0,0.0,0.0,0.0,0.0,0.0,0.0,0.0,0.0,0.0,0.0,0.0,0.0,0.0,0.0,0.0,0.0,0.4,normal,0,2.0389132527494893
1.0,1.0,1.0,0.0,0.0,0.0,0.0,0.0,0.0,0.0,0.0,0.0,0.0,0.0,0.0,0.0,1.0,0.8,0.0,0.5,compromised,1,83.59390702989924
0.0,0.0,0.0,0.0,0.0,0.0,0.0,0.0,0.0,0.0,0.0,0.0,0.0,0.0,0.0,0.0,0.0,0.0,0.0,0.5,normal,0,0.8581657871330601
1.0,1.0,1.0,0.0,1.0,0.0,0.0,0.0,0.0,0.0,1.0,1.0,1.0,1.0,1.0,1.0,1.3333333333333333,0.9055555555555556,0.0,1.0,compromised,1,94.97054443023694
0.0,0.0,0.0,0.0,0.0,0.0,0.0,0.0,0.0,0.0,1.0,0.3333333333333333,0.0,0.0,0.0,0.04718226666666667,0.0,0.0,0.0,0.7,normal,0,27.718019538530747
1.0,1.0,1.0,0.0,1.0,0.0,1.0,0.0,0.0,0.0,1.0,1.0,1.0,1.0,1.0,1.0,1.6666666666666667,0.8666666666666667,0.0,1.0,compromised,1,100.0
1.0,0.0,0.0,0.0,0.0,0.0,0.0,0.0,0.3333333333333333,1.0,0.0,0.3333333333333333,0.0,1.0,0.0,0.4796737333333333,0.3333333333333333,0.0,0.0,0.8,medium,0,69.6341214333433
0.0,0.0,0.0,0.0,0.0,0.0,0.0,0.0,0.0,0.0,0.0,0.0,0.0,0.0,0.0,0.0,0.0,0.0,0.0,0.5,normal,0,0.2648972116686301
1.0,1.0,1.0,0.0,1.0,0.0,1.0,0.0,0.0,0.0,1.0,1.0,1.0,1.0,1.0,1.0,1.6666666666666667,0.8833333333333333,0.0,1.0,compromised,1,99.22175780613227
1.0,0.0,0.0,0.0,0.0,0.0,0.0,0.0,0.0,0.0,1.0,0.0,0.0,0.0,0.0,0.0,0.3333333333333333,0.0,0.0,0.3,compromised,1,58.197109650536945
0.0,0.0,0.0,0.0,0.0,0.0,0.0,0.0,0.0,0.0,0.0,0.3333333333333333,0.0,0.0,0.0,0.08689,0.0,0.0,0.0,0.5,normal,0,11.753694202468019
0.0,0.0,0.0,0.0,0.0,1.0,0.0,0.0,0.0,0.0,0.0,0.0,0.0,0.0,0.0,0.0,0.3333333333333333,0.0,0.0,0.5,innocent_security_change,0,23.23257184642838
0.0,0.0,0.0,0.0,0.0,0.0,0.0,0.0,0.0,0.0,0.0,0.3333333333333333,0.0,0.0,0.0,0.09215945516185775,0.0,0.0,0.0,0.7,normal,0,11.429628235205211
0.0,0.0,0.0,0.0,0.0,0.0,0.0,0.0,0.0,0.0,0.0,0.3333333333333333,0.0,0.0,0.0,0.12130946666666666,0.0,0.0,0.0,0.6,normal,0,12.29489795474261
1.0,0.0,0.0,0.0,0.0,0.0,0.0,0.0,0.0,0.0,0.0,0.0,0.0,0.0,0.0,0.0,0.3333333333333333,0.0,0.0,0.3,compromised,1,52.067623507341516
0.0,0.0,0.0,0.0,0.0,0.0,0.0,0.0,0.0,0.0,0.0,0.3333333333333333,1.0,0.0,0.0,0.16510093333333334,0.0,0.0,0.0,0.6,normal,0,18.39661427457201
1.0,1.0,1.0,0.0,1.0,0.0,1.0,0.0,0.0,0.0,0.0,1.0,1.0,1.0,1.0,1.0,1.6666666666666667,0.8777777777777778,0.0,1.0,compromised,1,97.21045929757959
1.0,0.0,0.0,0.0,0.0,0.0,0.0,0.0,0.3333333333333333,1.0,0.0,0.3333333333333333,0.0,1.0,0.0,0.5520154666666667,0.3333333333333333,0.0,0.0,0.6,medium,0,70.77449851705833
1.0,1.0,1.0,0.0,1.0,0.0,1.0,0.0,0.0,0.0,0.0,0.0,0.0,0.0,0.0,0.0,1.6666666666666667,0.9222222222222223,0.0,0.7,compromised,1,95.08914766733965
1.0,0.0,0.0,0.0,0.0,0.0,0.0,0.0,0.3333333333333333,1.0,1.0,0.3333333333333333,0.0,1.0,0.0,1.0,0.3333333333333333,0.0,0.0,0.9,medium,0,85.1906637530163
0.0,0.0,0.0,0.0,0.0,0.0,0.0,0.0,0.0,0.0,0.0,0.3333333333333333,0.0,0.0,0.0,0.14383586666666667,0.0,0.0,0.0,0.6,normal,0,12.683486095518774
0.0,0.0,0.0,0.0,0.0,0.0,0.0,0.0,0.3333333333333333,1.0,0.0,0.3333333333333333,0.0,1.0,0.0,0.6127708,0.0,0.0,0.0,0.5,medium,0,44.2373030841269
0.0,0.0,0.0,0.0,0.0,0.0,0.0,0.0,0.0,0.0,0.0,0.0,0.0,0.0,0.0,0.0,0.0,0.0,0.0,0.6,normal,0,6.5743033541768785
1.0,1.0,1.0,0.0,1.0,0.0,1.0,0.0,0.0,0.0,0.0,1.0,1.0,1.0,1.0,1.0,1.6666666666666667,0.8333333333333334,0.0,1.0,compromised,1,98.96285322900391
0.0,0.0,0.0,0.0,0.0,0.0,0.0,0.0,0.3333333333333333,1.0,1.0,0.3333333333333333,0.0,1.0,0.0,1.0,0.0,0.0,0.0,0.7,medium,0,55.12621273256672
0.0,0.0,0.0,0.0,0.0,0.0,0.0,0.0,0.0,0.0,0.0,0.3333333333333333,0.0,0.0,0.0,0.09017053333333333,0.0,0.0,0.0,0.7,normal,0,13.234854202074509
1.0,0.0,1.0,0.0,1.0,0.0,0.0,0.0,0.0,0.0,0.0,0.0,0.0,0.0,0.0,0.0,1.0,0.9222222222222223,0.0,0.5,compromised,1,93.38775293730868
0.0,0.0,0.0,0.0,0.0,0.0,0.0,0.0,0.0,0.0,0.0,0.0,0.0,0.0,0.0,0.0,0.0,0.0,0.0,0.5,normal,0,0.7438210152127662
0.0,0.0,0.0,0.0,0.0,0.0,0.0,0.0,0.0,0.0,0.0,0.3333333333333333,1.0,0.0,0.0,0.1995248,0.0,0.0,0.0,0.6,normal,0,25.508809858316116
0.0,0.0,0.0,0.0,0.0,0.0,0.0,0.0,0.0,0.0,0.0,0.3333333333333333,0.0,0.0,0.0,0.15650826666666667,0.0,0.0,0.0,0.6,normal,0,9.611319592542756
0.0,0.0,0.0,0.0,0.0,0.0,0.0,0.0,0.3333333333333333,1.0,0.0,0.3333333333333333,0.0,1.0,0.0,1.0,0.0,0.0,0.0,0.4,medium,0,49.04163349294364
1.0,1.0,1.0,0.0,1.0,0.0,1.0,0.0,0.0,0.0,1.0,1.0,1.0,1.0,1.0,1.0,1.6666666666666667,0.8777777777777778,0.0,1.1,compromised,1,95.73156115517654
0.0,0.0,0.0,0.0,0.0,0.0,0.0,0.0,0.0,0.0,0.0,0.3333333333333333,0.0,0.0,0.0,0.1258184,0.0,0.0,0.0,0.6,normal,0,10.48982161040188
0.0,0.0,0.0,0.0,0.0,0.0,0.0,0.0,0.0,0.0,0.0,0.0,0.0,0.0,0.0,0.0,0.0,0.0,1.0,0.5,innocent_security_change,0,11.212924688784128
0.0,0.0,0.0,0.0,0.0,0.0,0.0,0.0,0.0,0.0,1.0,0.0,0.0,0.0,0.0,0.0,0.0,0.0,0.0,0.5,normal,0,15.97662274760214
0.0,0.0,0.0,0.0,0.0,0.0,0.0,0.0,0.0,0.0,1.0,0.3333333333333333,0.0,0.0,0.0,0.12654693333333333,0.0,0.0,0.0,0.7,normal,0,23.55566262908237
0.0,0.0,0.0,0.0,0.0,0.0,0.0,0.0,0.0,0.0,0.0,0.3333333333333333,0.0,0.0,0.0,0.0,0.0,0.0,0.0,0.5,normal,0,6.127355734171564
0.0,0.0,0.0,0.0,0.0,0.0,0.0,0.0,0.0,0.0,0.0,0.3333333333333333,0.0,0.0,0.0,0.15343453333333334,0.0,0.0,0.0,0.6,normal,0,12.02522258900726
0.0,0.0,0.0,0.0,0.0,0.0,0.0,0.0,0.3333333333333333,1.0,1.0,0.3333333333333333,0.0,1.0,0.0,0.46169213333333337,0.0,0.0,0.0,0.7,medium,0,48.561684372559085
0.0,0.0,0.0,0.0,0.0,0.0,0.0,0.0,0.0,0.0,0.0,0.3333333333333333,0.0,0.0,0.0,0.5650068388726222,0.0,0.0,0.0,0.8,normal,0,15.060097371716243
0.0,0.0,0.0,0.0,0.0,0.0,0.0,0.0,0.0,0.0,0.0,0.3333333333333333,0.0,0.0,0.0,0.1146144,0.0,0.0,0.0,0.7,normal,0,11.48851285332434
0.0,0.0,0.0,0.0,0.0,0.0,0.0,0.0,0.0,0.0,0.0,0.3333333333333333,0.0,0.0,0.0,0.023697466666666667,0.0,0.0,0.0,0.6,normal,0,9.438142321019127
0.0,0.0,0.0,0.0,0.0,0.0,0.0,0.0,0.3333333333333333,1.0,1.0,0.3333333333333333,0.0,1.0,0.0,1.0,0.0,0.0,0.0,0.4,medium,0,59.129778419886726
1.0,0.0,0.0,0.0,0.0,0.0,0.0,0.0,0.3333333333333333,0.0,0.0,0.3333333333333333,0.0,1.0,0.0,0.7734614666666667,0.3333333333333333,0.0,0.0,0.8,medium,0,70.06696772860747
0.0,0.0,0.0,0.0,0.0,1.0,0.0,0.0,0.0,0.0,0.0,0.3333333333333333,0.0,0.0,0.0,0.04369733333333334,0.3333333333333333,0.0,0.0,0.6,innocent_security_change,0,25.872740081358902
1.0,1.0,0.0,0.0,1.0,0.0,1.0,0.0,0.0,0.0,0.0,1.0,1.0,1.0,1.0,1.0,1.3333333333333333,0.8944444444444445,0.0,1.0,compromised,1,94.88705952682446
0.0,0.0,0.0,0.0,0.0,0.0,0.0,0.0,0.0,0.0,0.0,0.3333333333333333,0.0,0.0,0.0,0.06412973333333333,0.0,0.0,0.0,0.6,normal,0,13.289321715396245
0.0,0.0,0.0,0.0,0.0,0.0,0.0,0.0,0.0,0.0,0.0,0.3333333333333333,1.0,0.0,0.0,0.19508346666666668,0.0,0.0,0.0,0.6,normal,0,29.49693366230668
0.0,0.0,0.0,0.0,0.0,0.0,0.0,0.0,0.3333333333333333,1.0,1.0,0.3333333333333333,0.0,1.0,0.0,1.0,0.0,0.0,0.0,0.5,medium,0,49.43815071083195
0.0,0.0,0.0,0.0,0.0,0.0,0.0,0.0,0.3333333333333333,1.0,0.0,0.3333333333333333,0.0,1.0,0.0,0.6083506666666667,0.0,0.0,0.0,0.8,medium,0,41.47326841215301
0.0,0.0,0.0,0.0,0.0,0.0,0.0,0.0,0.3333333333333333,1.0,1.0,0.3333333333333333,0.0,1.0,0.0,0.732668,0.0,0.0,0.0,0.7,medium,0,56.93247629841058
0.0,0.0,0.0,0.0,0.0,0.0,0.0,0.0,0.0,0.0,0.0,0.3333333333333333,0.0,0.0,0.0,0.049258038838463004,0.0,0.0,0.0,0.6,normal,0,11.516597711846424
0.0,0.0,0.0,0.0,0.0,0.0,0.0,0.0,0.3333333333333333,1.0,0.0,0.3333333333333333,0.0,1.0,0.0,0.75211,0.0,0.0,0.0,0.5,medium,0,43.953464872368414
0.0,0.0,0.0,0.0,0.0,0.0,0.0,0.0,0.0,0.0,0.0,0.3333333333333333,0.0,0.0,0.0,0.0940988,0.0,0.0,1.0,0.6,innocent_security_change,0,20.183953256999068
0.0,0.0,0.0,0.0,0.0,0.0,0.0,0.0,0.0,0.0,0.0,0.3333333333333333,0.0,0.0,0.0,0.0074903999999999995,0.0,0.0,0.0,0.7,normal,0,4.060248221109821
0.0,0.0,0.0,0.0,0.0,0.0,0.0,0.0,0.0,0.0,0.0,0.3333333333333333,0.0,0.0,0.0,0.405357662059365,0.0,0.0,0.0,0.7,normal,0,15.682128426438403
1.0,1.0,1.0,0.0,1.0,0.0,1.0,0.0,0.0,0.0,0.0,1.0,1.0,1.0,1.0,1.0,1.6666666666666667,0.8666666666666667,0.0,1.0,compromised,1,98.597339991858
0.0,0.0,0.0,0.0,0.0,0.0,0.0,0.0,0.0,0.0,0.0,0.3333333333333333,0.0,0.0,0.0,0.3266517781074623,0.0,0.0,0.0,0.5,normal,0,15.763685376574125
1.0,1.0,1.0,0.0,1.0,0.0,0.0,0.0,0.0,0.0,0.0,0.0,0.0,0.0,0.0,0.0,1.3333333333333333,0.9388888888888889,0.0,0.5,compromised,1,89.33433070199874
0.0,0.0,0.0,0.0,0.0,0.0,0.0,0.0,0.0,0.0,0.0,0.3333333333333333,0.0,0.0,0.0,0.12037373333333334,0.0,0.0,0.0,0.6,normal,0,11.677367412291565
0.0,0.0,0.0,0.0,0.0,0.0,0.0,0.0,0.0,0.0,0.0,0.3333333333333333,0.0,0.0,0.0,0.235299540203775,0.0,0.0,0.0,0.8,normal,0,11.874604679998146
0.0,0.0,0.0,0.0,0.0,0.0,0.0,0.0,0.0,0.0,0.0,0.0,0.0,0.0,0.0,0.0,0.0,0.0,0.0,0.4,normal,0,3.5056435998935886
0.0,0.0,0.0,0.0,0.0,0.0,0.0,0.0,0.0,0.0,0.0,0.0,0.0,0.0,0.0,0.0,0.0,0.0,0.0,0.5,normal,0,1.332676297619995
0.0,0.0,0.0,0.0,0.0,0.0,0.0,0.0,0.0,0.0,0.0,0.0,0.0,0.0,0.0,0.0,0.0,0.0,0.0,0.4,normal,0,1.8469321128072445
0.0,0.0,0.0,0.0,0.0,0.0,0.0,0.0,0.0,0.0,0.0,0.3333333333333333,0.0,0.0,0.0,0.1972672,0.0,0.0,1.0,0.5,normal,0,16.983022214151955
0.0,0.0,0.0,0.0,0.0,0.0,0.0,0.0,0.0,0.0,0.0,0.3333333333333333,0.0,0.0,0.0,0.1440164,0.0,0.0,0.0,0.7,normal,0,14.03430554990847
0.0,0.0,0.0,0.0,0.0,0.0,0.0,0.0,0.0,0.0,1.0,0.3333333333333333,1.0,0.0,0.0,0.16096186666666665,0.0,0.0,0.0,0.6,normal,0,33.910306076353514
1.0,0.0,0.0,0.0,0.0,0.0,0.0,0.0,0.3333333333333333,1.0,1.0,0.3333333333333333,0.0,1.0,0.0,0.42930013333333333,0.3333333333333333,0.0,0.0,0.7,medium,0,74.85862416922038
0.0,1.0,0.0,0.0,0.0,0.0,0.0,0.0,0.0,0.0,1.0,0.3333333333333333,0.0,0.0,0.0,0.1334616,0.3333333333333333,0.0,0.0,0.7,innocent_security_change,0,45.41465702453831
1.0,0.0,0.0,0.0,0.0,0.0,0.0,0.0,0.3333333333333333,1.0,1.0,0.3333333333333333,0.0,1.0,0.0,1.0,0.3333333333333333,0.0,0.0,0.6,medium,0,73.61475262503487
1.0,0.0,0.0,0.0,0.0,0.0,0.0,0.0,0.0,0.0,1.0,0.0,0.0,0.0,0.0,0.0,0.3333333333333333,0.0,0.0,0.4,compromised,1,56.39258837582665
0.0,0.0,0.0,0.0,0.0,0.0,0.0,0.0,0.0,0.0,0.0,0.3333333333333333,0.0,0.0,0.0,0.0,0.0,0.0,0.0,0.5,normal,0,9.116137632683163
0.0,0.0,0.0,0.0,0.0,0.0,0.0,0.0,0.0,0.0,0.0,0.3333333333333333,0.0,0.0,0.0,0.14275506666666665,0.0,0.0,0.0,0.6,normal,0,18.302892351031634
0.0,0.0,0.0,0.0,0.0,0.0,0.0,0.0,0.0,0.0,0.0,0.3333333333333333,0.0,0.0,0.0,0.11130600000000002,0.0,0.0,0.0,0.6,normal,0,8.56637983877203
0.0,0.0,0.0,0.0,0.0,0.0,0.0,0.0,0.0,0.0,0.0,0.3333333333333333,1.0,0.0,0.0,0.1632388,0.0,0.0,0.0,0.6,normal,0,27.58470554210761
0.0,0.0,0.0,0.0,0.0,0.0,0.0,0.0,0.0,0.0,1.0,0.3333333333333333,0.0,0.0,0.0,0.07541226666666667,0.0,0.0,0.0,0.5,normal,0,22.001537633959146
0.0,0.0,0.0,0.0,0.0,0.0,0.0,0.0,0.0,0.0,0.0,0.3333333333333333,0.0,0.0,0.0,0.14345213333333334,0.0,0.0,0.0,0.5,normal,0,11.817362103453885
0.0,0.0,0.0,0.0,0.0,0.0,0.0,0.0,0.0,0.0,0.0,0.3333333333333333,1.0,0.0,0.0,0.18390533333333334,0.0,0.0,0.0,0.7,normal,0,29.098773465490815
0.0,0.0,0.0,0.0,0.0,0.0,0.0,0.0,0.0,0.0,0.0,0.0,0.0,0.0,0.0,0.0,0.0,0.0,0.0,0.5,normal,0,4.501305785044712
0.0,0.0,0.0,0.0,0.0,0.0,0.0,0.0,0.0,0.0,0.0,0.3333333333333333,0.0,0.0,0.0,0.09965159999999999,0.0,0.0,0.0,0.8,normal,0,13.451130912360744
0.0,0.0,0.0,0.0,0.0,0.0,0.0,0.0,0.0,0.0,1.0,0.3333333333333333,0.0,0.0,0.0,0.13726946666666665,0.0,0.0,0.0,0.6,normal,0,20.67558631556481
0.0,0.0,0.0,0.0,0.0,0.0,0.0,0.0,0.0,0.0,1.0,0.3333333333333333,0.0,0.0,0.0,0.0,0.0,0.0,0.0,0.6,normal,0,22.270242533047448
0.0,0.0,0.0,0.0,0.0,0.0,0.0,0.0,0.0,0.0,0.0,0.3333333333333333,1.0,0.0,0.0,0.1821348,0.0,0.0,0.0,0.6,normal,0,26.874243299544148
1.0,1.0,1.0,0.0,1.0,0.0,1.0,0.0,0.0,0.0,1.0,1.0,1.0,1.0,1.0,1.0,1.6666666666666667,0.8944444444444445,0.0,1.0,compromised,1,96.45929848311413
0.0,0.0,0.0,0.0,0.0,0.0,0.0,0.0,0.0,0.0,1.0,0.0,0.0,0.0,0.0,0.0,0.0,0.0,0.0,0.5,normal,0,10.238962962743447
1.0,0.0,0.0,0.0,0.0,0.0,0.0,0.0,0.0,0.0,1.0,0.0,0.0,0.0,0.0,0.0,0.3333333333333333,0.0,0.0,0.3,compromised,1,56.321496063602886
1.0,0.0,0.0,0.0,0.0,0.0,0.0,0.0,0.3333333333333333,1.0,1.0,0.3333333333333333,0.0,1.0,0.0,0.6313805333333333,0.3333333333333333,0.0,0.0,0.8,medium,0,74.32910625431484
0.0,0.0,0.0,0.0,0.0,0.0,0.0,0.0,0.0,0.0,0.0,0.0,0.0,0.0,0.0,0.0,0.0,0.0,0.0,0.5,normal,0,3.4122306669891675
1.0,1.0,1.0,0.0,1.0,0.0,1.0,0.0,0.0,0.0,0.0,1.0,1.0,1.0,1.0,1.0,1.6666666666666667,0.8833333333333333,0.0,1.0,compromised,1,100.0
0.0,0.0,0.0,0.0,0.0,0.0,0.0,0.0,0.0,0.0,0.0,0.3333333333333333,0.0,0.0,0.0,0.18793506666666665,0.0,0.0,1.0,0.7,normal,0,19.384334553732895
1.0,0.0,1.0,0.0,1.0,0.0,1.0,0.0,0.0,0.0,0.0,1.0,1.0,1.0,1.0,1.0,1.3333333333333333,0.8666666666666667,0.0,0.9,compromised,1,96.81593241282974
1.0,1.0,1.0,0.0,1.0,0.0,1.0,0.0,0.0,0.0,0.0,1.0,1.0,1.0,1.0,1.0,1.6666666666666667,0.9222222222222223,0.0,1.0,compromised,1,97.95846978790489
1.0,1.0,1.0,0.0,1.0,0.0,1.0,0.0,0.0,0.0,0.0,0.0,0.0,0.0,0.0,0.0,1.6666666666666667,0.8555555555555556,0.0,0.8,compromised,1,96.70696687446257
1.0,0.0,0.0,0.0,0.0,0.0,0.0,0.0,0.3333333333333333,1.0,0.0,0.3333333333333333,1.0,1.0,0.0,1.0,0.3333333333333333,0.0,0.0,0.9,medium,0,72.9056526838848
0.0,0.0,0.0,0.0,0.0,0.0,0.0,0.0,0.0,0.0,0.0,0.0,0.0,0.0,0.0,0.0,0.0,0.0,0.0,0.4,normal,0,1.3504334737945543
1.0,0.0,0.0,0.0,0.0,0.0,0.0,0.0,0.3333333333333333,1.0,0.0,0.3333333333333333,0.0,1.0,0.0,0.4524386666666667,0.3333333333333333,0.0,0.0,0.7,medium,0,73.23511660904443
0.0,0.0,0.0,0.0,0.0,0.0,0.0,0.0,0.0,0.0,0.0,0.3333333333333333,1.0,0.0,0.0,0.16154053333333335,0.0,0.0,0.0,0.5,normal,0,26.350233156137296
0.0,0.0,0.0,0.0,0.0,0.0,0.0,0.0,0.0,0.0,1.0,0.0,0.0,0.0,0.0,0.0,0.0,0.0,0.0,0.5,normal,0,12.307324830474853
0.0,0.0,0.0,0.0,0.0,0.0,0.0,0.0,0.0,0.0,1.0,0.0,0.0,0.0,0.0,0.0,0.0,0.0,0.0,0.5,normal,0,8.84569918413568
1.0,1.0,1.0,0.0,1.0,0.0,1.0,0.0,0.0,0.0,0.0,1.0,1.0,1.0,1.0,1.0,1.6666666666666667,0.8277777777777777,0.0,1.0,compromised,1,99.30178274296016
1.0,1.0,1.0,0.0,0.0,0.0,0.0,0.0,0.0,0.0,0.0,0.0,0.0,0.0,0.0,0.0,1.0,0.95,0.0,0.5,compromised,1,84.1712469819009
0.0,0.0,0.0,0.0,0.0,0.0,0.0,0.0,0.0,0.0,0.0,0.3333333333333333,1.0,0.0,0.0,0.19435813333333335,0.0,0.0,0.0,0.8,normal,0,22.387256628921342
0.0,0.0,0.0,0.0,0.0,0.0,0.0,0.0,0.0,0.0,1.0,0.3333333333333333,0.0,0.0,0.0,0.1181644,0.0,0.0,0.0,0.7,normal,0,19.60259799824617
0.0,0.0,0.0,0.0,0.0,0.0,0.0,0.0,0.0,0.0,0.0,0.3333333333333333,0.0,0.0,0.0,0.17647266666666667,0.0,0.0,1.0,0.7,normal,0,19.93366375120353
0.0,0.0,0.0,0.0,0.0,0.0,0.0,0.0,0.3333333333333333,1.0,0.0,0.3333333333333333,0.0,1.0,0.0,1.0,0.0,0.0,0.0,0.7,medium,0,47.27074044699168
0.0,0.0,0.0,0.0,0.0,0.0,0.0,0.0,0.0,0.0,0.0,0.0,0.0,0.0,0.0,0.0,0.0,0.0,0.0,0.5,normal,0,0.0
0.0,0.0,0.0,0.0,0.0,0.0,0.0,0.0,0.0,0.0,0.0,0.3333333333333333,1.0,0.0,0.0,0.19669746666666665,0.0,0.0,0.0,0.8,normal,0,27.629481468181893
0.0,0.0,0.0,0.0,0.0,0.0,0.0,0.0,0.0,0.0,0.0,0.3333333333333333,0.0,0.0,0.0,0.023681066666666667,0.0,0.0,0.0,0.7,normal,0,14.046978287375756
0.0,0.0,0.0,0.0,0.0,0.0,0.0,0.0,0.0,0.0,0.0,0.0,0.0,0.0,0.0,0.0,0.0,0.0,0.0,0.4,normal,0,4.49598918905656
1.0,0.0,0.0,0.0,0.0,0.0,0.0,0.0,0.3333333333333333,1.0,0.0,0.3333333333333333,0.0,1.0,0.0,1.0,0.3333333333333333,0.0,0.0,0.6,medium,0,71.76818000423815
1.0,1.0,1.0,0.0,1.0,0.0,1.0,0.0,0.0,0.0,1.0,1.0,1.0,1.0,1.0,1.0,1.6666666666666667,0.9166666666666666,0.0,1.0,compromised,1,97.53249908244709
0.0,0.0,0.0,0.0,0.0,1.0,0.0,0.0,0.0,0.0,1.0,0.3333333333333333,0.0,0.0,0.0,0.0,0.3333333333333333,0.0,0.0,0.6,innocent_security_change,0,36.201556556666986
0.0,0.0,0.0,0.0,0.0,0.0,0.0,0.0,0.0,0.0,0.0,0.3333333333333333,0.0,0.0,0.0,0.06091426666666666,0.0,0.0,0.0,0.7,normal,0,12.838231798951208
1.0,1.0,1.0,0.0,1.0,0.0,1.0,0.0,0.0,0.0,1.0,1.0,1.0,1.0,1.0,1.0,1.6666666666666667,0.9055555555555556,0.0,1.0,compromised,1,99.70072132326278
0.0,0.0,0.0,0.0,0.0,0.0,0.0,0.0,0.0,0.0,0.0,0.0,0.0,0.0,0.0,0.0,0.0,0.0,0.0,0.4,normal,0,1.0317497137615566
1.0,1.0,1.0,0.0,1.0,0.0,1.0,0.0,0.0,0.0,1.0,1.0,1.0,1.0,1.0,1.0,1.6666666666666667,0.9333333333333333,0.0,1.0,compromised,1,98.2507150828117
0.0,1.0,0.0,0.0,0.0,0.0,0.0,0.0,0.0,0.0,0.0,0.3333333333333333,0.0,0.0,0.0,0.0,0.3333333333333333,0.0,0.0,0.7,innocent_security_change,0,38.964117152101856
0.0,0.0,0.0,0.0,0.0,0.0,0.0,0.0,0.0,0.0,1.0,0.3333333333333333,0.0,0.0,0.0,0.192758,0.0,0.0,1.0,0.6,normal,0,31.9109068749221
1.0,0.0,0.0,0.0,0.0,0.0,0.0,0.0,0.3333333333333333,1.0,1.0,0.3333333333333333,0.0,1.0,0.0,0.6851626666666666,0.3333333333333333,0.0,0.0,0.9,medium,0,78.44511001062415
0.0,0.0,0.0,0.0,0.0,0.0,0.0,0.0,0.0,0.0,1.0,0.3333333333333333,0.0,0.0,0.0,0.18642613333333333,0.0,0.0,1.0,0.6,normal,0,30.177900358420942
0.0,0.0,0.0,0.0,0.0,0.0,0.0,0.0,0.3333333333333333,1.0,1.0,0.3333333333333333,0.0,1.0,0.0,0.7867546666666666,0.0,0.0,0.0,0.7,medium,0,52.838772930888766
0.0,0.0,0.0,0.0,0.0,0.0,0.0,0.0,0.0,0.0,0.0,0.3333333333333333,1.0,0.0,0.0,0.1645772,0.0,0.0,0.0,0.6,normal,0,27.465219014684067
0.0,0.0,0.0,0.0,0.0,0.0,0.0,0.0,0.0,0.0,0.0,0.0,0.0,0.0,0.0,0.0,0.0,0.0,0.0,0.5,normal,0,4.595449093426298
0.0,0.0,0.0,0.0,0.0,0.0,0.0,0.0,0.0,0.0,0.0,0.3333333333333333,0.0,0.0,0.0,1.0,0.0,0.0,0.0,0.8,normal,0,21.068541542761558
1.0,1.0,1.0,0.0,1.0,0.0,1.0,0.0,0.0,0.0,0.0,0.3333333333333333,1.0,0.0,0.0,1.0,1.6666666666666667,0.8222222222222222,0.0,0.8,compromised,1,99.66182205278965
0.0,0.0,0.0,0.0,0.0,0.0,0.0,0.0,0.0,0.0,0.0,0.0,0.0,0.0,0.0,0.0,0.0,0.0,0.0,0.4,normal,0,4.611942392055365
0.0,0.0,0.0,0.0,0.0,0.0,0.0,0.0,0.0,0.0,0.0,0.3333333333333333,0.0,0.0,0.0,0.1653548,0.0,0.0,1.0,0.6,normal,0,18.576533740210877
0.0,0.0,0.0,0.0,0.0,0.0,0.0,0.0,0.0,0.0,0.0,0.3333333333333333,0.0,0.0,0.0,0.0,0.0,0.0,0.0,0.5,normal,0,8.042916756789417
1.0,1.0,1.0,0.0,1.0,0.0,1.0,0.0,0.0,0.0,1.0,1.0,1.0,1.0,1.0,1.0,1.6666666666666667,0.85,0.0,1.1,compromised,1,98.75371863513489
0.0,0.0,0.0,0.0,0.0,0.0,0.0,0.0,0.0,0.0,0.0,0.3333333333333333,1.0,0.0,0.0,0.1704816,0.0,0.0,0.0,0.6,normal,0,25.162327882762153
0.0,0.0,0.0,0.0,0.0,0.0,0.0,0.0,0.0,0.0,1.0,0.3333333333333333,0.0,0.0,0.0,0.07342706666666667,0.0,0.0,0.0,0.8,normal,0,21.717016743010877
0.0,0.0,0.0,0.0,0.0,0.0,0.0,0.0,0.0,0.0,0.0,0.3333333333333333,0.0,0.0,0.0,0.11824053333333334,0.0,0.0,0.0,0.6,normal,0,12.213945394042902
0.0,0.0,0.0,0.0,0.0,0.0,0.0,0.0,0.0,0.0,1.0,0.0,0.0,0.0,0.0,0.0,0.0,0.0,0.0,0.5,normal,0,17.78697438568132
0.0,0.0,0.0,0.0,0.0,0.0,0.0,0.0,0.3333333333333333,1.0,1.0,0.3333333333333333,0.0,1.0,0.0,0.7015588,0.0,0.0,0.0,0.6,medium,0,54.36730490151699
1.0,0.0,0.0,0.0,0.0,0.0,0.0,0.0,0.3333333333333333,1.0,0.0,0.3333333333333333,0.0,1.0,0.0,0.5692084,0.3333333333333333,0.0,1.0,0.8,medium,0,76.15250071276836
0.0,0.0,0.0,0.0,0.0,0.0,0.0,0.0,0.0,0.0,0.0,0.0,0.0,0.0,0.0,0.0,0.0,0.0,0.0,0.4,normal,0,5.220460662626504
0.0,0.0,0.0,0.0,0.0,0.0,0.0,0.0,0.3333333333333333,1.0,0.0,0.3333333333333333,0.0,1.0,0.0,1.0,0.0,0.0,0.0,0.5,medium,0,45.450867612681314
0.0,0.0,0.0,1.0,0.0,0.0,0.0,0.0,0.0,0.0,0.0,0.3333333333333333,0.0,0.0,0.0,0.1245036,0.3333333333333333,0.0,0.0,0.5,innocent_security_change,0,30.627618145191654
0.0,1.0,0.0,0.0,0.0,0.0,0.0,0.0,0.0,0.0,0.0,0.3333333333333333,0.0,0.0,0.0,0.30700821284858104,0.3333333333333333,0.0,0.0,0.5,innocent_security_change,0,44.188506079208864
1.0,1.0,0.0,0.0,0.0,0.0,0.0,0.0,0.0,0.0,0.0,0.0,0.0,0.0,0.0,0.0,0.6666666666666666,0.8666666666666667,0.0,0.4,compromised,1,73.63278325676987
0.0,0.0,0.0,0.0,0.0,0.0,0.0,0.0,0.0,0.0,0.0,0.0,0.0,0.0,0.0,0.0,0.0,0.0,0.0,0.4,normal,0,0.748099389160084
1.0,1.0,1.0,0.0,1.0,0.0,1.0,0.0,0.0,0.0,1.0,1.0,1.0,1.0,1.0,1.0,1.6666666666666667,0.8777777777777778,0.0,1.0,compromised,1,96.38366314055767
0.0,0.0,0.0,1.0,0.0,0.0,0.0,0.0,0.0,0.0,1.0,0.3333333333333333,0.0,0.0,0.0,0.056610579769601814,0.3333333333333333,0.0,0.0,0.7,innocent_security_change,0,34.475217220675944
0.0,0.0,0.0,0.0,0.0,0.0,0.0,0.0,0.0,0.0,1.0,0.3333333333333333,0.0,0.0,0.0,0.0879616,0.0,0.0,0.0,0.7,normal,0,18.854455308042027
1.0,1.0,1.0,0.0,1.0,0.0,1.0,0.0,0.0,0.0,0.0,1.0,1.0,1.0,1.0,1.0,1.6666666666666667,0.8444444444444444,0.0,1.0,compromised,1,96.83710445704644
0.0,0.0,0.0,0.0,0.0,0.0,0.0,0.0,0.0,0.0,0.0,0.3333333333333333,0.0,0.0,0.0,0.5370238832907289,0.0,0.0,0.0,0.7,normal,0,13.759376990518007
1.0,1.0,1.0,0.0,1.0,0.0,1.0,0.0,0.0,0.0,1.0,1.0,1.0,1.0,1.0,1.0,1.6666666666666667,0.8833333333333333,0.0,1.0,compromised,1,98.05613848671005
0.0,0.0,0.0,0.0,0.0,0.0,0.0,0.0,0.0,0.0,0.0,0.3333333333333333,0.0,0.0,0.0,0.03217933333333333,0.0,0.0,0.0,0.6,normal,0,12.575750986219107
0.0,0.0,0.0,1.0,0.0,0.0,0.0,0.0,0.0,0.0,0.0,0.0,0.0,0.0,0.0,0.0,0.3333333333333333,0.0,0.0,0.3,innocent_security_change,0,20.485132248038678
0.0,0.0,0.0,0.0,0.0,0.0,0.0,0.0,0.0,0.0,0.0,0.3333333333333333,1.0,0.0,0.0,0.18157040000000002,0.0,0.0,0.0,0.6,normal,0,27.925051507345497
0.0,0.0,0.0,0.0,0.0,0.0,0.0,0.0,0.0,0.0,1.0,0.3333333333333333,0.0,0.0,0.0,0.15098453333333334,0.0,0.0,0.0,0.7,normal,0,22.815897627951916
0.0,0.0,0.0,0.0,0.0,0.0,0.0,0.0,0.0,0.0,0.0,0.3333333333333333,0.0,0.0,0.0,0.0,0.0,0.0,0.0,0.6,normal,0,12.475766959923137
0.0,0.0,0.0,1.0,0.0,0.0,0.0,0.0,0.0,0.0,1.0,0.3333333333333333,0.0,0.0,0.0,0.0,0.3333333333333333,0.0,0.0,0.7,innocent_security_change,0,35.035460851718526
0.0,1.0,0.0,0.0,0.0,0.0,0.0,0.0,0.0,0.0,0.0,0.3333333333333333,0.0,0.0,0.0,0.0,0.3333333333333333,0.0,0.0,0.4,innocent_security_change,0,38.585686778104304
1.0,0.0,0.0,0.0,0.0,0.0,0.0,0.0,0.3333333333333333,1.0,1.0,0.3333333333333333,0.0,1.0,0.0,0.772262,0.3333333333333333,0.0,0.0,1.0,medium,0,74.41436776961217
0.0,0.0,0.0,0.0,0.0,0.0,0.0,0.0,0.0,0.0,0.0,0.3333333333333333,0.0,0.0,0.0,0.141978,0.0,0.0,0.0,0.6,normal,0,13.966553204332152
0.0,0.0,0.0,0.0,0.0,0.0,0.0,0.0,0.0,0.0,0.0,0.0,0.0,0.0,0.0,0.0,0.0,0.0,0.0,0.4,normal,0,3.296782560191624
0.0,0.0,0.0,0.0,0.0,0.0,0.0,0.0,0.0,0.0,0.0,0.3333333333333333,1.0,0.0,0.0,0.635875046309036,0.0,0.0,0.0,0.5,normal,0,29.843250103807698
0.0,0.0,0.0,0.0,0.0,0.0,0.0,0.0,0.0,0.0,0.0,0.3333333333333333,0.0,0.0,0.0,0.028506666666666666,0.0,0.0,0.0,0.5,normal,0,6.678206167882767
1.0,1.0,1.0,0.0,0.0,0.0,0.0,0.0,0.0,0.0,1.0,0.0,0.0,0.0,0.0,0.0,1.0,0.8333333333333334,0.0,0.5,compromised,1,84.55293775329184
0.0,0.0,0.0,0.0,0.0,0.0,0.0,0.0,0.0,0.0,0.0,0.0,0.0,0.0,0.0,0.0,0.0,0.0,0.0,0.5,normal,0,5.064112649161017
0.0,0.0,0.0,0.0,0.0,0.0,0.0,0.0,0.0,0.0,0.0,0.0,0.0,0.0,0.0,0.0,0.0,0.0,0.0,0.5,normal,0,1.2001720929670534
0.0,0.0,0.0,0.0,0.0,0.0,0.0,0.0,0.3333333333333333,0.0,1.0,0.3333333333333333,0.0,1.0,0.0,1.0,0.0,0.0,0.0,0.5,medium,0,45.26988628759744
0.0,0.0,0.0,0.0,0.0,0.0,0.0,0.0,0.0,0.0,0.0,0.0,0.0,0.0,0.0,0.0,0.0,0.0,0.0,0.4,normal,0,0.0
0.0,0.0,0.0,0.0,0.0,0.0,0.0,0.0,0.0,0.0,1.0,0.3333333333333333,0.0,0.0,0.0,0.0571744,0.0,0.0,0.0,0.6,normal,0,22.000830883351682
0.0,0.0,0.0,0.0,0.0,0.0,0.0,0.0,0.0,0.0,0.0,0.3333333333333333,0.0,0.0,0.0,0.07432093333333332,0.0,0.0,0.0,0.5,normal,0,7.136183396423087
0.0,0.0,0.0,0.0,0.0,0.0,0.0,0.0,0.3333333333333333,1.0,1.0,0.3333333333333333,0.0,1.0,0.0,0.6095688,0.0,0.0,0.0,0.7,medium,0,52.773224541767
1.0,0.0,0.0,0.0,0.0,0.0,0.0,0.0,0.3333333333333333,1.0,0.0,0.3333333333333333,0.0,1.0,0.0,0.4047789333333333,0.3333333333333333,0.0,0.0,0.8,medium,0,74.28027376625633
0.0,0.0,0.0,0.0,0.0,0.0,0.0,0.0,0.0,0.0,0.0,0.3333333333333333,1.0,0.0,0.0,0.16849653333333334,0.0,0.0,0.0,0.5,normal,0,21.685620039023913
0.0,0.0,0.0,0.0,0.0,0.0,0.0,0.0,0.0,0.0,0.0,0.3333333333333333,0.0,0.0,0.0,0.07529960000000001,0.0,0.0,0.0,0.7,normal,0,12.981628947573157
0.0,0.0,0.0,0.0,0.0,0.0,0.0,0.0,0.0,0.0,0.0,0.3333333333333333,0.0,0.0,0.0,1.0,0.0,0.0,1.0,0.7,normal,0,30.032658743903756
0.0,0.0,0.0,0.0,0.0,0.0,0.0,0.0,0.0,0.0,0.0,0.3333333333333333,1.0,0.0,0.0,0.17320373333333333,0.0,0.0,0.0,0.5,normal,0,22.132854904243047
0.0,0.0,0.0,0.0,0.0,0.0,0.0,0.0,0.0,0.0,0.0,0.3333333333333333,0.0,0.0,0.0,0.06771973333333332,0.0,0.0,0.0,0.5,normal,0,7.609856693966267
0.0,1.0,0.0,0.0,0.0,0.0,0.0,0.0,0.0,0.0,1.0,0.3333333333333333,0.0,0.0,0.0,0.07698226666666667,0.3333333333333333,0.0,0.0,0.7,innocent_security_change,0,39.96143404477817
0.0,1.0,0.0,0.0,0.0,0.0,0.0,0.0,0.0,0.0,0.0,0.3333333333333333,0.0,0.0,0.0,0.18494639999999998,0.3333333333333333,0.0,1.0,0.4,innocent_security_change,0,44.38622448133524
1.0,1.0,1.0,0.0,1.0,0.0,1.0,0.0,0.0,0.0,1.0,1.0,1.0,1.0,1.0,1.0,1.6666666666666667,0.9166666666666666,0.0,1.0,compromised,1,94.12422098891075
0.0,0.0,0.0,0.0,0.0,0.0,0.0,0.0,0.0,0.0,0.0,0.0,0.0,0.0,0.0,0.0,0.0,0.0,0.0,0.5,normal,0,3.8094026021308256
0.0,0.0,0.0,0.0,0.0,0.0,0.0,0.0,0.3333333333333333,1.0,1.0,0.3333333333333333,0.0,1.0,0.0,0.4514465333333333,0.0,0.0,0.0,0.7,medium,0,49.60294502242084
0.0,0.0,0.0,0.0,0.0,0.0,0.0,0.0,0.3333333333333333,1.0,1.0,0.3333333333333333,1.0,1.0,0.0,1.0,0.0,0.0,0.0,0.9,medium,0,62.5639855542175
0.0,0.0,0.0,0.0,0.0,0.0,0.0,0.0,0.3333333333333333,1.0,1.0,0.3333333333333333,0.0,1.0,0.0,1.0,0.0,0.0,0.0,0.8,medium,0,53.65364407516242
1.0,0.0,0.0,0.0,0.0,0.0,0.0,0.0,0.3333333333333333,1.0,0.0,0.3333333333333333,0.0,1.0,0.0,0.46102333333333334,0.3333333333333333,0.0,0.0,0.7,medium,0,71.91734694946639
1.0,0.0,0.0,0.0,0.0,0.0,0.0,0.0,0.3333333333333333,1.0,0.0,0.3333333333333333,0.0,1.0,0.0,1.0,0.3333333333333333,0.0,0.0,0.7,medium,0,76.62603829119799
0.0,0.0,0.0,0.0,0.0,0.0,0.0,0.0,0.0,0.0,0.0,0.3333333333333333,1.0,0.0,0.0,0.19358180859330446,0.0,0.0,0.0,0.8,normal,0,26.190639688223232
0.0,0.0,0.0,0.0,0.0,0.0,0.0,0.0,0.0,0.0,0.0,0.3333333333333333,0.0,0.0,0.0,0.0455152,0.0,0.0,0.0,0.5,normal,0,10.630910424840701
0.0,0.0,0.0,1.0,0.0,0.0,0.0,0.0,0.0,0.0,0.0,0.3333333333333333,0.0,0.0,0.0,0.0963184,0.3333333333333333,0.0,0.0,0.6,innocent_security_change,0,31.02889510335843
0.0,0.0,0.0,0.0,0.0,0.0,0.0,0.0,0.0,0.0,0.0,0.0,0.0,0.0,0.0,0.0,0.0,0.0,0.0,0.5,normal,0,0.0
0.0,0.0,0.0,0.0,0.0,0.0,0.0,0.0,0.0,0.0,0.0,0.3333333333333333,0.0,0.0,0.0,0.061633600000000004,0.0,0.0,0.0,0.6,normal,0,12.595419810864927
0.0,0.0,0.0,0.0,0.0,0.0,0.0,0.0,0.0,0.0,0.0,0.0,0.0,0.0,0.0,0.0,0.0,0.0,0.0,0.4,normal,0,4.398356195741802
0.0,0.0,0.0,0.0,0.0,0.0,0.0,0.0,0.3333333333333333,1.0,0.0,0.3333333333333333,0.0,1.0,0.0,0.7730444000000001,0.0,0.0,0.0,0.4,medium,0,43.35423471580122
0.0,0.0,0.0,0.0,0.0,0.0,0.0,0.0,0.0,0.0,0.0,0.3333333333333333,1.0,0.0,0.0,0.1761192,0.0,0.0,0.0,0.6,normal,0,23.456456692109093
0.0,0.0,0.0,0.0,0.0,0.0,0.0,0.0,0.0,0.0,0.0,0.3333333333333333,0.0,0.0,0.0,0.0,0.0,0.0,0.0,0.6,normal,0,9.801047276793915
0.0,0.0,0.0,0.0,0.0,0.0,0.0,0.0,0.3333333333333333,1.0,1.0,0.3333333333333333,0.0,1.0,0.0,0.7718262666666666,0.0,0.0,0.0,0.6,medium,0,51.84346921892881
0.0,0.0,0.0,0.0,0.0,0.0,0.0,0.0,0.0,0.0,0.0,0.3333333333333333,0.0,0.0,0.0,0.141314,0.0,0.0,0.0,0.7,normal,0,13.206677145650623
0.0,0.0,0.0,0.0,0.0,0.0,0.0,0.0,0.0,0.0,0.0,0.0,0.0,0.0,0.0,0.0,0.0,0.0,0.0,0.5,normal,0,7.1494590581055135
0.0,0.0,0.0,1.0,0.0,0.0,0.0,0.0,0.0,0.0,0.0,0.3333333333333333,0.0,0.0,0.0,0.040241066666666665,0.3333333333333333,0.0,0.0,0.6,innocent_security_change,0,31.985657166947963
1.0,1.0,1.0,0.0,0.0,0.0,0.0,0.0,0.0,0.0,0.0,0.0,0.0,0.0,0.0,0.0,1.0,0.9444444444444444,0.0,0.5,compromised,1,82.45607166032757
0.0,0.0,0.0,0.0,0.0,0.0,0.0,0.0,0.0,0.0,1.0,0.3333333333333333,0.0,0.0,0.0,0.14927893333333334,0.0,0.0,0.0,0.7,normal,0,23.074624771668855
0.0,0.0,0.0,0.0,0.0,0.0,0.0,0.0,0.0,0.0,0.0,0.0,0.0,0.0,0.0,0.0,0.0,0.0,0.0,0.4,normal,0,6.18951750954632
1.0,0.0,1.0,0.0,1.0,0.0,1.0,0.0,0.0,0.0,0.0,0.0,0.0,0.0,0.0,0.0,1.3333333333333333,0.8722222222222222,0.0,0.6,compromised,1,93.45212399725138
1.0,1.0,1.0,0.0,1.0,0.0,1.0,0.0,0.0,0.0,0.0,1.0,1.0,1.0,1.0,1.0,1.6666666666666667,0.8666666666666667,0.0,1.0,compromised,1,100.0
0.0,0.0,0.0,0.0,0.0,0.0,0.0,0.0,0.3333333333333333,1.0,0.0,0.3333333333333333,0.0,1.0,0.0,0.4030149333333333,0.0,0.0,0.0,0.8,medium,0,49.571857346875795
0.0,0.0,0.0,0.0,0.0,0.0,0.0,0.0,0.0,0.0,0.0,0.3333333333333333,1.0,0.0,0.0,0.19196186666666665,0.0,0.0,0.0,0.6,normal,0,26.80071015877231
0.0,0.0,0.0,0.0,0.0,1.0,0.0,0.0,0.0,0.0,0.0,0.3333333333333333,0.0,0.0,0.0,0.2628063501950373,0.3333333333333333,0.0,0.0,0.4,innocent_security_change,0,31.154091437806425
0.0,0.0,0.0,0.0,0.0,0.0,0.0,0.0,0.3333333333333333,1.0,0.0,0.3333333333333333,0.0,1.0,0.0,0.6994853333333334,0.0,0.0,0.0,0.6,medium,0,48.71634581152445
0.0,0.0,0.0,0.0,0.0,0.0,0.0,0.0,0.0,0.0,1.0,0.3333333333333333,0.0,0.0,0.0,0.32724967943806815,0.0,0.0,1.0,0.7,normal,0,30.532822615106557
0.0,0.0,0.0,0.0,0.0,0.0,0.0,0.0,0.3333333333333333,1.0,1.0,0.3333333333333333,0.0,1.0,0.0,0.7849810666666667,0.0,0.0,0.0,0.7,medium,0,52.676741761599814
1.0,1.0,1.0,0.0,1.0,0.0,1.0,0.0,0.0,0.0,0.0,1.0,1.0,1.0,1.0,1.0,1.6666666666666667,0.8555555555555556,0.0,1.0,compromised,1,96.89205693868989
1.0,1.0,1.0,0.0,1.0,0.0,1.0,0.0,0.0,0.0,1.0,0.6666666666666666,1.0,1.0,0.0,1.0,1.6666666666666667,0.8444444444444444,0.0,1.0,compromised,1,100.0
0.0,0.0,0.0,0.0,0.0,0.0,0.0,0.0,0.0,0.0,1.0,0.0,0.0,0.0,0.0,0.0,0.0,0.0,0.0,0.4,normal,0,10.859895878851617
0.0,0.0,0.0,0.0,0.0,0.0,0.0,0.0,0.0,0.0,0.0,0.0,0.0,0.0,0.0,0.0,0.0,0.0,0.0,0.5,normal,0,7.401961415222845
0.0,0.0,0.0,0.0,0.0,0.0,0.0,0.0,0.0,0.0,0.0,0.0,0.0,0.0,0.0,0.0,0.0,0.0,0.0,0.4,normal,0,4.1168445200587245
0.0,0.0,0.0,0.0,0.0,0.0,0.0,0.0,0.0,0.0,0.0,0.0,0.0,0.0,0.0,0.0,0.0,0.0,0.0,0.5,normal,0,0.07277666652270165
0.0,0.0,0.0,0.0,0.0,0.0,0.0,0.0,0.0,0.0,0.0,0.3333333333333333,0.0,0.0,0.0,0.1258264,0.0,0.0,0.0,0.7,normal,0,13.093524746725045
0.0,0.0,0.0,0.0,0.0,0.0,0.0,0.0,0.0,0.0,0.0,0.0,0.0,0.0,0.0,0.0,0.0,0.0,0.0,0.4,normal,0,0.0
0.0,0.0,0.0,0.0,0.0,0.0,0.0,0.0,0.0,0.0,0.0,0.3333333333333333,0.0,0.0,0.0,0.11273386666666668,0.0,0.0,0.0,0.6,normal,0,12.928477994005789
1.0,1.0,1.0,0.0,1.0,0.0,1.0,0.0,0.0,0.0,0.0,1.0,1.0,1.0,1.0,1.0,1.6666666666666667,0.9055555555555556,0.0,1.0,compromised,1,100.0
0.0,1.0,0.0,0.0,0.0,0.0,0.0,0.0,0.0,0.0,0.0,0.3333333333333333,0.0,0.0,0.0,0.07602413333333334,0.3333333333333333,0.0,0.0,0.7,innocent_security_change,0,37.02381835424515
0.0,0.0,0.0,0.0,0.0,0.0,0.0,0.0,0.0,0.0,0.0,0.3333333333333333,0.0,0.0,0.0,0.48592527856371476,0.0,0.0,0.0,0.6,normal,0,16.356658160541162
1.0,1.0,1.0,0.0,1.0,0.0,1.0,0.0,0.0,0.0,1.0,1.0,1.0,1.0,1.0,1.0,1.6666666666666667,0.85,0.0,1.0,compromised,1,100.0
1.0,1.0,1.0,0.0,1.0,0.0,1.0,0.0,0.0,0.0,1.0,0.6666666666666666,0.0,1.0,1.0,0.4925308,1.6666666666666667,0.8944444444444445,0.0,0.9,compromised,1,96.1016984722337
1.0,0.0,0.0,0.0,0.0,0.0,0.0,0.0,0.3333333333333333,1.0,1.0,0.3333333333333333,0.0,1.0,0.0,0.6436052,0.3333333333333333,0.0,0.0,0.8,medium,0,73.72398613293642
0.0,0.0,0.0,0.0,0.0,0.0,0.0,0.0,0.0,0.0,0.0,0.3333333333333333,0.0,0.0,0.0,0.19832333333333332,0.0,0.0,1.0,0.5,normal,0,23.189088833573035
0.0,0.0,0.0,0.0,0.0,1.0,0.0,0.0,0.0,0.0,1.0,0.3333333333333333,0.0,0.0,0.0,0.054030933333333336,0.3333333333333333,0.0,0.0,0.7,innocent_security_change,0,42.08219920856504
1.0,0.0,0.0,0.0,0.0,0.0,0.0,0.0,0.3333333333333333,1.0,0.0,0.3333333333333333,0.0,1.0,0.0,1.0,0.3333333333333333,0.0,0.0,0.7,medium,0,74.80560071009685
1.0,0.0,0.0,0.0,0.0,0.0,0.0,0.0,0.3333333333333333,1.0,1.0,0.3333333333333333,0.0,1.0,0.0,1.0,0.3333333333333333,0.0,0.0,0.7,medium,0,79.92984287235899
0.0,0.0,0.0,0.0,0.0,0.0,0.0,0.0,0.3333333333333333,1.0,0.0,0.3333333333333333,0.0,1.0,0.0,0.46589053333333336,0.0,0.0,0.0,0.4,medium,0,46.777619555498134
0.0,0.0,0.0,0.0,0.0,0.0,0.0,0.0,0.0,0.0,0.0,0.3333333333333333,1.0,0.0,0.0,0.16618973333333334,0.0,0.0,0.0,0.7,normal,0,22.65173306224783
0.0,0.0,0.0,0.0,0.0,0.0,0.0,0.0,0.0,0.0,0.0,0.3333333333333333,0.0,0.0,0.0,0.14647373333333336,0.0,0.0,0.0,0.8,normal,0,11.859009487481288
0.0,0.0,0.0,0.0,0.0,0.0,0.0,0.0,0.0,0.0,1.0,0.0,0.0,0.0,0.0,0.0,0.0,0.0,0.0,0.5,normal,0,16.614267232127204
1.0,1.0,1.0,0.0,1.0,0.0,1.0,0.0,0.0,0.0,0.0,1.0,1.0,1.0,1.0,1.0,1.6666666666666667,0.8777777777777778,0.0,1.0,compromised,1,100.0
0.0,0.0,0.0,0.0,0.0,0.0,0.0,0.0,0.0,0.0,1.0,0.0,0.0,0.0,0.0,0.0,0.0,0.0,0.0,0.5,normal,0,14.944283099676253
0.0,0.0,0.0,0.0,0.0,0.0,0.0,0.0,0.0,0.0,1.0,0.0,0.0,0.0,0.0,0.0,0.0,0.0,0.0,0.6,normal,0,11.964085205556227
0.0,0.0,0.0,0.0,0.0,0.0,0.0,0.0,0.0,0.0,1.0,0.3333333333333333,0.0,0.0,0.0,0.1566164,0.0,0.0,0.0,0.6,normal,0,25.99858052342439
0.0,0.0,0.0,0.0,0.0,0.0,0.0,0.0,0.0,0.0,0.0,0.3333333333333333,0.0,0.0,0.0,0.015367466666666666,0.0,0.0,0.0,0.6,normal,0,8.773062494337646
0.0,0.0,0.0,0.0,0.0,0.0,0.0,0.0,0.0,0.0,0.0,0.0,0.0,0.0,0.0,0.0,0.0,0.0,0.0,0.4,normal,0,2.0293397577791668
0.0,1.0,0.0,0.0,0.0,0.0,0.0,0.0,0.0,0.0,0.0,0.3333333333333333,0.0,0.0,0.0,0.08658213333333332,0.3333333333333333,0.0,0.0,0.6,innocent_security_change,0,39.006739275732336
0.0,0.0,0.0,0.0,0.0,0.0,0.0,0.0,0.0,0.0,0.0,0.0,0.0,0.0,0.0,0.0,0.0,0.0,0.0,0.4,normal,0,6.752585262494732
1.0,0.0,0.0,0.0,0.0,0.0,0.0,0.0,0.3333333333333333,1.0,1.0,0.3333333333333333,0.0,1.0,0.0,1.0,0.3333333333333333,0.0,0.0,0.9,medium,0,79.86245618788834
0.0,0.0,0.0,0.0,0.0,0.0,0.0,0.0,0.0,0.0,0.0,0.3333333333333333,0.0,0.0,0.0,0.41861939035582507,0.0,0.0,1.0,0.6,normal,0,23.626187877346702
0.0,0.0,0.0,0.0,0.0,0.0,0.0,0.0,0.0,0.0,0.0,0.0,0.0,0.0,0.0,0.0,0.0,0.0,0.0,0.5,normal,0,4.72926342882282
0.0,0.0,0.0,0.0,0.0,0.0,0.0,0.0,0.0,0.0,0.0,0.0,0.0,0.0,0.0,0.0,0.0,0.0,0.0,0.4,normal,0,2.9759708823164615
0.0,0.0,0.0,0.0,0.0,0.0,0.0,0.0,0.0,0.0,1.0,0.3333333333333333,0.0,0.0,0.0,0.10598333333333333,0.0,0.0,0.0,0.5,normal,0,21.26186252966638
0.0,0.0,0.0,0.0,0.0,0.0,0.0,0.0,0.0,0.0,0.0,0.3333333333333333,0.0,0.0,0.0,0.1388144,0.0,0.0,0.0,0.6,normal,0,5.3764116206630765
0.0,0.0,0.0,0.0,0.0,0.0,0.0,0.0,0.0,0.0,0.0,0.3333333333333333,0.0,0.0,0.0,0.0,0.0,0.0,0.0,0.6,normal,0,9.157796848188497
0.0,0.0,0.0,0.0,0.0,0.0,0.0,0.0,0.0,0.0,1.0,0.3333333333333333,0.0,0.0,0.0,0.0,0.0,0.0,0.0,0.6,normal,0,19.81462516429283
0.0,0.0,0.0,0.0,0.0,0.0,0.0,0.0,0.3333333333333333,1.0,0.0,0.3333333333333333,0.0,1.0,0.0,0.5109753333333333,0.0,0.0,0.0,0.7,medium,0,42.129231999705404
0.0,0.0,0.0,0.0,0.0,0.0,0.0,0.0,0.3333333333333333,1.0,1.0,0.3333333333333333,0.0,1.0,0.0,1.0,0.0,0.0,0.0,0.5,medium,0,54.36891728595574
0.0,0.0,0.0,0.0,0.0,0.0,0.0,0.0,0.0,0.0,0.0,0.3333333333333333,1.0,0.0,0.0,0.32506275104602267,0.0,0.0,1.0,0.6,normal,0,31.639983230815808
1.0,1.0,1.0,0.0,1.0,0.0,0.0,0.0,0.0,0.0,1.0,0.0,0.0,0.0,0.0,0.0,1.3333333333333333,0.8777777777777778,0.0,0.6,compromised,1,97.02110862811766
1.0,1.0,1.0,0.0,1.0,0.0,1.0,0.0,0.0,0.0,0.0,1.0,1.0,1.0,1.0,1.0,1.6666666666666667,0.85,0.0,1.0,compromised,1,100.0
0.0,0.0,0.0,0.0,0.0,0.0,0.0,0.0,0.0,0.0,0.0,0.0,0.0,0.0,0.0,0.0,0.0,0.0,0.0,0.4,normal,0,1.702670287912389
0.0,0.0,0.0,0.0,0.0,0.0,0.0,0.0,0.0,0.0,1.0,0.3333333333333333,1.0,0.0,0.0,0.1662608,0.0,0.0,0.0,0.6,normal,0,31.439656771254292
1.0,1.0,0.0,0.0,0.0,0.0,0.0,0.0,0.0,0.0,0.0,0.0,0.0,0.0,0.0,0.0,0.6666666666666666,0.9333333333333333,0.0,0.4,compromised,1,74.48899643674237
0.0,0.0,0.0,0.0,0.0,0.0,0.0,0.0,0.0,0.0,0.0,0.0,0.0,0.0,0.0,0.0,0.0,0.0,0.0,0.3,normal,0,1.0290400013640952
0.0,0.0,0.0,0.0,0.0,0.0,0.0,0.0,0.0,0.0,0.0,0.3333333333333333,1.0,0.0,0.0,0.17000373333333335,0.0,0.0,0.0,0.5,normal,0,23.931897113906405
1.0,1.0,1.0,0.0,1.0,0.0,1.0,0.0,0.0,0.0,0.0,1.0,1.0,1.0,1.0,1.0,1.6666666666666667,0.9444444444444444,0.0,0.9,compromised,1,95.91594012552824
0.0,0.0,0.0,0.0,0.0,0.0,0.0,0.0,0.0,0.0,0.0,0.3333333333333333,0.0,0.0,0.0,0.14178933333333335,0.0,0.0,0.0,0.6,normal,0,8.911974038943397
0.0,0.0,0.0,0.0,0.0,1.0,0.0,0.0,0.0,0.0,0.0,0.3333333333333333,0.0,0.0,0.0,0.09695813333333334,0.3333333333333333,0.0,0.0,0.8,innocent_security_change,0,32.43183268355137
1.0,0.0,0.0,0.0,0.0,0.0,0.0,0.0,0.3333333333333333,1.0,1.0,0.3333333333333333,0.0,1.0,0.0,1.0,0.3333333333333333,0.0,0.0,0.7,medium,0,78.97500924439262
0.0,0.0,0.0,0.0,0.0,0.0,0.0,0.0,0.0,0.0,0.0,0.0,0.0,0.0,0.0,0.0,0.0,0.0,0.0,0.5,normal,0,1.5602527043775742
0.0,0.0,0.0,0.0,0.0,0.0,0.0,0.0,0.0,0.0,0.0,0.0,0.0,0.0,0.0,0.0,0.0,0.0,0.0,0.5,normal,0,5.809430680434055
0.0,0.0,0.0,0.0,0.0,0.0,0.0,0.0,0.0,0.0,1.0,0.0,0.0,0.0,0.0,0.0,0.0,0.0,0.0,0.5,normal,0,11.958136626327038
1.0,1.0,0.0,0.0,0.0,0.0,0.0,0.0,0.0,0.0,0.0,0.0,0.0,0.0,0.0,0.0,0.6666666666666666,0.7666666666666666,0.0,0.4,compromised,1,74.04858956352511
0.0,0.0,0.0,0.0,0.0,0.0,0.0,0.0,0.0,0.0,0.0,0.3333333333333333,0.0,0.0,0.0,0.023135600000000003,0.0,0.0,0.0,0.5,normal,0,11.597413911762342
0.0,0.0,0.0,0.0,0.0,0.0,0.0,0.0,0.0,0.0,0.0,0.0,0.0,0.0,0.0,0.0,0.0,0.0,0.0,0.6,normal,0,4.185768187474466
0.0,0.0,0.0,0.0,0.0,0.0,0.0,0.0,0.0,0.0,0.0,0.3333333333333333,0.0,0.0,0.0,0.013617866666666667,0.0,0.0,0.0,0.6,normal,0,11.214460826671862
0.0,0.0,0.0,0.0,0.0,0.0,0.0,0.0,0.3333333333333333,1.0,0.0,0.3333333333333333,0.0,1.0,0.0,0.5401057333333333,0.0,0.0,0.0,0.5,medium,0,43.14587416949323
0.0,0.0,0.0,0.0,0.0,0.0,0.0,0.0,0.0,0.0,0.0,0.3333333333333333,0.0,0.0,0.0,0.06200106666666667,0.0,0.0,0.0,0.6,normal,0,10.217054398414087
0.0,0.0,0.0,0.0,0.0,0.0,0.0,0.0,0.0,0.0,0.0,0.0,0.0,0.0,0.0,0.0,0.0,0.0,0.0,0.5,normal,0,3.0563935263267044
0.0,0.0,0.0,0.0,0.0,0.0,0.0,0.0,0.0,0.0,0.0,0.0,0.0,0.0,0.0,0.0,0.0,0.0,0.0,0.6,normal,0,2.4033537328831507
1.0,1.0,1.0,0.0,1.0,0.0,1.0,0.0,0.0,0.0,0.0,1.0,1.0,1.0,1.0,1.0,1.6666666666666667,0.9166666666666666,0.0,1.0,compromised,1,97.36794080783721
0.0,0.0,0.0,0.0,0.0,0.0,0.0,0.0,0.0,0.0,0.0,0.3333333333333333,0.0,0.0,0.0,0.058738000000000005,0.0,0.0,0.0,0.5,normal,0,6.142213337248037
1.0,1.0,1.0,0.0,1.0,0.0,1.0,0.0,0.0,0.0,1.0,0.0,0.0,0.0,0.0,0.0,1.6666666666666667,0.9,0.0,0.7,compromised,1,93.94494215436758
0.0,0.0,0.0,0.0,0.0,0.0,0.0,0.0,0.0,0.0,0.0,0.3333333333333333,0.0,0.0,0.0,0.03499706666666667,0.0,0.0,0.0,0.5,normal,0,8.990290313285545
0.0,0.0,0.0,0.0,0.0,0.0,0.0,0.0,0.0,0.0,0.0,0.3333333333333333,0.0,0.0,0.0,0.4855764147437825,0.0,0.0,1.0,0.6,normal,0,22.698836589311753
0.0,0.0,0.0,0.0,0.0,0.0,0.0,0.0,0.3333333333333333,1.0,1.0,0.3333333333333333,0.0,1.0,0.0,0.5007949333333334,0.0,0.0,0.0,0.6,medium,0,49.65310760616223
0.0,0.0,0.0,0.0,0.0,0.0,0.0,0.0,0.0,0.0,1.0,0.3333333333333333,0.0,0.0,0.0,0.0885408,0.0,0.0,1.0,0.7,innocent_security_change,0,27.54904221357443
0.0,0.0,0.0,0.0,0.0,0.0,0.0,0.0,0.0,0.0,0.0,0.0,0.0,0.0,0.0,0.0,0.0,0.0,0.0,0.5,normal,0,4.769645898742715
0.0,0.0,0.0,0.0,0.0,0.0,0.0,0.0,0.0,0.0,0.0,0.3333333333333333,0.0,0.0,0.0,0.10853360000000001,0.0,0.0,0.0,0.7,normal,0,14.139506973253093
0.0,0.0,0.0,0.0,0.0,0.0,0.0,0.0,0.0,0.0,0.0,0.3333333333333333,0.0,0.0,0.0,0.0,0.0,0.0,0.0,0.6,normal,0,8.274902428742326
1.0,0.0,0.0,0.0,0.0,0.0,0.0,0.0,0.3333333333333333,1.0,0.0,0.3333333333333333,0.0,1.0,0.0,0.4940076,0.3333333333333333,0.0,0.0,0.6,medium,0,69.66541417990838
0.0,0.0,0.0,0.0,0.0,0.0,0.0,0.0,0.0,0.0,1.0,0.3333333333333333,1.0,0.0,0.0,0.13935100261729508,0.0,0.0,0.0,0.5,normal,0,28.444599827699086
1.0,0.0,0.0,0.0,0.0,0.0,0.0,0.0,0.3333333333333333,1.0,0.0,0.3333333333333333,0.0,1.0,0.0,1.0,0.3333333333333333,0.0,0.0,0.9,medium,0,73.94229931522302
0.0,0.0,0.0,0.0,0.0,0.0,0.0,0.0,0.0,0.0,1.0,0.3333333333333333,0.0,0.0,0.0,0.1037776,0.0,0.0,0.0,0.6,normal,0,19.54185799863739
0.0,0.0,0.0,0.0,0.0,0.0,0.0,0.0,0.0,0.0,0.0,0.0,0.0,0.0,0.0,0.0,0.0,0.0,0.0,0.4,normal,0,0.9421940452141528
0.0,0.0,0.0,0.0,0.0,0.0,0.0,0.0,0.0,0.0,0.0,0.0,0.0,0.0,0.0,0.0,0.0,0.0,0.0,0.5,normal,0,0.33075044290281896
0.0,0.0,0.0,0.0,0.0,0.0,0.0,0.0,0.0,0.0,0.0,0.3333333333333333,0.0,0.0,0.0,0.14699053333333334,0.0,0.0,0.0,0.6,normal,0,10.664958241109426
0.0,0.0,0.0,0.0,0.0,0.0,0.0,0.0,0.0,0.0,0.0,0.3333333333333333,0.0,0.0,0.0,0.17073173333333333,0.0,0.0,1.0,0.7,normal,0,20.782042169365617
0.0,0.0,0.0,0.0,0.0,0.0,0.0,0.0,0.0,0.0,0.0,0.3333333333333333,1.0,0.0,0.0,0.1927952,0.0,0.0,0.0,0.7,normal,0,26.28709840805232
0.0,0.0,0.0,0.0,0.0,0.0,0.0,0.0,0.3333333333333333,1.0,0.0,0.3333333333333333,0.0,1.0,0.0,0.7804677333333333,0.0,0.0,0.0,0.4,medium,0,44.560772642422364
1.0,0.0,0.0,0.0,0.0,0.0,0.0,0.0,0.3333333333333333,1.0,0.0,0.3333333333333333,0.0,1.0,0.0,1.0,0.3333333333333333,0.0,0.0,0.6,medium,0,73.5798996249416
0.0,0.0,0.0,0.0,0.0,0.0,0.0,0.0,0.0,0.0,0.0,0.0,0.0,0.0,0.0,0.0,0.0,0.0,0.0,0.5,normal,0,1.2542963314092783
0.0,1.0,0.0,0.0,0.0,0.0,0.0,0.0,0.0,0.0,0.0,0.3333333333333333,0.0,0.0,0.0,0.10001066666666666,0.3333333333333333,0.0,0.0,0.4,innocent_security_change,0,37.288555472315146
0.0,0.0,0.0,0.0,0.0,0.0,0.0,0.0,0.0,0.0,1.0,0.0,0.0,0.0,0.0,0.0,0.0,0.0,0.0,0.5,normal,0,11.41600936376333
0.0,0.0,0.0,0.0,0.0,0.0,0.0,0.0,0.0,0.0,0.0,0.3333333333333333,0.0,0.0,0.0,0.06720453333333333,0.0,0.0,0.0,0.6,normal,0,12.208596900659094
0.0,0.0,0.0,0.0,0.0,0.0,0.0,0.0,0.0,0.0,0.0,0.3333333333333333,0.0,0.0,0.0,0.03243786666666667,0.0,0.0,0.0,0.5,normal,0,5.204193554014304
1.0,1.0,1.0,0.0,1.0,0.0,1.0,0.0,0.0,0.0,1.0,1.0,1.0,1.0,1.0,1.0,1.6666666666666667,0.8833333333333333,0.0,1.1,compromised,1,97.13238730142801
0.0,0.0,0.0,0.0,0.0,0.0,0.0,0.0,0.0,0.0,0.0,0.3333333333333333,0.0,0.0,0.0,0.08191826666666667,0.0,0.0,0.0,0.7,normal,0,12.364464610257471
1.0,0.0,0.0,0.0,0.0,0.0,0.0,0.0,0.3333333333333333,1.0,1.0,0.3333333333333333,0.0,1.0,0.0,0.4044152,0.3333333333333333,0.0,0.0,0.5,medium,0,75.45464568377226
0.0,0.0,0.0,0.0,0.0,0.0,0.0,0.0,0.0,0.0,0.0,0.0,0.0,0.0,0.0,0.0,0.0,0.0,0.0,0.5,normal,0,10.303626263478797
0.0,0.0,0.0,0.0,0.0,0.0,0.0,0.0,0.0,0.0,0.0,0.0,0.0,0.0,0.0,0.0,0.0,0.0,0.0,0.5,normal,0,4.445542164947324
0.0,0.0,0.0,0.0,0.0,0.0,0.0,0.0,0.0,0.0,0.0,0.0,0.0,0.0,0.0,0.0,0.0,0.0,0.0,0.4,normal,0,0.3570477186027703
0.0,0.0,0.0,0.0,0.0,0.0,0.0,0.0,0.3333333333333333,1.0,0.0,0.3333333333333333,0.0,1.0,0.0,1.0,0.0,0.0,0.0,0.7,medium,0,48.543941490614536
1.0,0.0,0.0,0.0,0.0,0.0,0.0,0.0,0.0,0.0,1.0,0.0,0.0,0.0,0.0,0.0,0.3333333333333333,0.0,0.0,0.3,compromised,1,52.3883318234259
0.0,0.0,0.0,0.0,0.0,0.0,0.0,0.0,0.0,0.0,0.0,0.3333333333333333,1.0,0.0,0.0,0.19850293333333333,0.0,0.0,0.0,0.7,normal,0,24.660432080654946
0.0,0.0,0.0,0.0,0.0,0.0,0.0,0.0,0.0,0.0,1.0,0.3333333333333333,0.0,0.0,0.0,0.15368866666666667,0.0,0.0,0.0,0.6,normal,0,18.914651293205257
1.0,0.0,0.0,0.0,0.0,0.0,0.0,0.0,0.3333333333333333,1.0,0.0,0.3333333333333333,0.0,1.0,0.0,1.0,0.3333333333333333,0.0,0.0,0.5,medium,0,76.71555969759034
0.0,0.0,0.0,0.0,0.0,0.0,0.0,0.0,0.0,0.0,0.0,0.0,0.0,0.0,0.0,0.0,0.0,0.0,0.0,0.5,normal,0,2.197191417038718
1.0,1.0,1.0,0.0,1.0,0.0,1.0,0.0,0.0,0.0,0.0,1.0,1.0,1.0,1.0,1.0,1.6666666666666667,0.8444444444444444,0.0,1.0,compromised,1,97.47145991403339
1.0,1.0,1.0,0.0,1.0,0.0,1.0,0.0,0.0,0.0,1.0,1.0,1.0,1.0,1.0,1.0,1.6666666666666667,0.8888888888888888,0.0,1.0,compromised,1,96.43140015880854
1.0,1.0,0.0,0.0,0.0,0.0,0.0,0.0,0.0,0.0,1.0,0.0,0.0,0.0,0.0,0.0,0.6666666666666666,0.8,0.0,0.4,compromised,1,80.7403516032828
0.0,0.0,0.0,0.0,0.0,0.0,0.0,0.0,0.0,0.0,0.0,0.0,0.0,0.0,0.0,0.0,0.0,0.0,0.0,0.4,normal,0,2.064077295413017
0.0,0.0,0.0,0.0,0.0,0.0,0.0,0.0,0.0,0.0,0.0,0.3333333333333333,0.0,0.0,0.0,0.02895573333333333,0.0,0.0,1.0,0.6,innocent_security_change,0,22.656168689229222
0.0,0.0,0.0,0.0,0.0,0.0,0.0,0.0,0.0,0.0,0.0,0.3333333333333333,0.0,0.0,0.0,0.19811013333333333,0.0,0.0,1.0,0.7,normal,0,22.68050103972213
1.0,1.0,1.0,0.0,0.0,0.0,0.0,0.0,0.0,0.0,0.0,0.0,0.0,0.0,0.0,0.0,1.0,0.8,0.0,0.5,compromised,1,86.32966568450709
0.0,0.0,0.0,1.0,0.0,0.0,0.0,0.0,0.0,0.0,0.0,0.3333333333333333,0.0,0.0,0.0,0.28828789307089003,0.3333333333333333,0.0,0.0,0.7,innocent_security_change,0,33.20338659121789
1.0,0.0,0.0,0.0,0.0,0.0,0.0,0.0,0.3333333333333333,1.0,0.0,0.3333333333333333,0.0,1.0,0.0,1.0,0.3333333333333333,0.0,0.0,0.5,medium,0,75.41157725423056
0.0,0.0,0.0,0.0,0.0,0.0,0.0,0.0,0.0,0.0,0.0,0.0,0.0,0.0,0.0,0.0,0.0,0.0,0.0,0.4,normal,0,0.0
0.0,0.0,0.0,0.0,0.0,0.0,0.0,0.0,0.0,0.0,1.0,0.3333333333333333,0.0,0.0,0.0,0.08284426666666667,0.0,0.0,0.0,0.6,normal,0,19.48177955961487
0.0,0.0,0.0,0.0,0.0,0.0,0.0,0.0,0.0,0.0,0.0,0.0,0.0,0.0,0.0,0.0,0.0,0.0,0.0,0.4,normal,0,4.9800791386686
1.0,1.0,1.0,0.0,1.0,0.0,1.0,0.0,0.0,0.0,1.0,1.0,1.0,1.0,1.0,1.0,1.6666666666666667,0.9,0.0,1.0,compromised,1,97.90444052010646
1.0,1.0,1.0,0.0,1.0,0.0,1.0,0.0,0.0,0.0,1.0,1.0,1.0,1.0,1.0,1.0,1.6666666666666667,0.85,0.0,1.0,compromised,1,94.48479631268654
1.0,1.0,0.0,0.0,1.0,0.0,1.0,0.0,0.0,0.0,0.0,1.0,1.0,1.0,1.0,1.0,1.3333333333333333,0.8944444444444445,0.0,0.9,compromised,1,96.14096889190066
0.0,0.0,0.0,0.0,0.0,0.0,0.0,0.0,0.0,0.0,0.0,0.3333333333333333,1.0,0.0,0.0,0.1844512,0.0,0.0,0.0,0.7,normal,0,28.968464360586008
0.0,0.0,0.0,0.0,0.0,0.0,0.0,0.0,0.3333333333333333,1.0,0.0,0.3333333333333333,0.0,1.0,0.0,0.6356097333333334,0.0,0.0,0.0,0.7,medium,0,49.11196668171366
0.0,0.0,0.0,0.0,0.0,0.0,0.0,0.0,0.3333333333333333,1.0,0.0,0.3333333333333333,0.0,1.0,0.0,1.0,0.0,0.0,0.0,0.4,medium,0,47.49784185367294
0.0,1.0,0.0,0.0,0.0,0.0,0.0,0.0,0.0,0.0,0.0,0.3333333333333333,0.0,0.0,0.0,0.17363279999999998,0.3333333333333333,0.0,1.0,0.6,innocent_security_change,0,46.614727621267676
0.0,0.0,0.0,0.0,0.0,0.0,0.0,0.0,0.0,0.0,0.0,0.3333333333333333,0.0,0.0,0.0,0.0,0.0,0.0,0.0,0.6,normal,0,8.983047944942863
0.0,0.0,0.0,0.0,0.0,0.0,0.0,0.0,0.0,0.0,0.0,0.3333333333333333,0.0,0.0,0.0,0.13148333333333334,0.0,0.0,0.0,0.7,normal,0,7.986958068897405
0.0,0.0,0.0,0.0,0.0,0.0,0.0,0.0,0.0,0.0,0.0,0.3333333333333333,0.0,0.0,0.0,0.0,0.0,0.0,0.0,0.7,normal,0,8.241051169069003
0.0,0.0,0.0,0.0,0.0,0.0,0.0,0.0,0.3333333333333333,1.0,0.0,0.3333333333333333,0.0,1.0,0.0,1.0,0.0,0.0,0.0,0.7,medium,0,52.689824029607706
0.0,0.0,0.0,0.0,0.0,0.0,0.0,0.0,0.0,0.0,0.0,0.3333333333333333,0.0,0.0,0.0,0.10977,0.0,0.0,0.0,0.5,normal,0,9.994256590199663
0.0,0.0,0.0,0.0,0.0,0.0,0.0,0.0,0.0,0.0,0.0,0.3333333333333333,0.0,0.0,0.0,1.0,0.0,0.0,1.0,0.6,normal,0,28.25763230126226
1.0,1.0,1.0,0.0,1.0,0.0,1.0,0.0,0.0,0.0,0.0,1.0,1.0,1.0,1.0,1.0,1.6666666666666667,0.8888888888888888,0.0,1.0,compromised,1,97.04251105501429
0.0,0.0,0.0,0.0,0.0,0.0,0.0,0.0,0.0,0.0,1.0,0.3333333333333333,1.0,0.0,0.0,0.19249480000000002,0.0,0.0,1.0,0.8,normal,0,43.63487873672138
0.0,0.0,0.0,0.0,0.0,0.0,0.0,0.0,0.0,0.0,0.0,0.0,0.0,0.0,0.0,0.0,0.0,0.0,0.0,0.5,normal,0,7.6359393919327125
0.0,0.0,0.0,0.0,0.0,0.0,0.0,0.0,0.0,0.0,0.0,0.3333333333333333,0.0,0.0,0.0,0.07007533333333332,0.0,0.0,1.0,0.6,innocent_security_change,0,24.110261681287433
0.0,0.0,0.0,0.0,0.0,0.0,0.0,0.0,0.0,0.0,0.0,0.0,0.0,0.0,0.0,0.0,0.0,0.0,0.0,0.5,normal,0,3.173429077527427
0.0,0.0,0.0,0.0,0.0,0.0,0.0,0.0,0.0,0.0,1.0,0.0,0.0,0.0,0.0,0.0,0.0,0.0,0.0,0.5,normal,0,14.276142171108104
0.0,0.0,0.0,0.0,0.0,0.0,0.0,0.0,0.3333333333333333,1.0,0.0,0.3333333333333333,0.0,1.0,0.0,0.5128064,0.0,0.0,0.0,0.7,medium,0,41.229805615867825
0.0,0.0,0.0,0.0,0.0,0.0,0.0,0.0,0.0,0.0,0.0,0.3333333333333333,0.0,0.0,0.0,0.14585493333333335,0.0,0.0,0.0,0.5,normal,0,14.839166605993269
0.0,0.0,0.0,0.0,0.0,0.0,0.0,0.0,0.0,0.0,0.0,0.3333333333333333,0.0,0.0,0.0,0.13664333333333334,0.0,0.0,0.0,0.6,normal,0,8.752974241134659
0.0,0.0,0.0,0.0,0.0,0.0,0.0,0.0,0.0,0.0,0.0,0.3333333333333333,0.0,0.0,0.0,0.14277146666666668,0.0,0.0,0.0,0.7,normal,0,12.93254087505377
0.0,0.0,0.0,0.0,0.0,0.0,0.0,0.0,0.0,0.0,0.0,0.3333333333333333,0.0,0.0,0.0,0.7838357396865855,0.0,0.0,1.0,0.5,normal,0,23.31489712661089
0.0,0.0,0.0,0.0,0.0,0.0,0.0,0.0,0.0,0.0,0.0,0.0,0.0,0.0,0.0,0.0,0.0,0.0,0.0,0.5,normal,0,2.0988750366808153
0.0,0.0,0.0,0.0,0.0,0.0,0.0,0.0,0.0,0.0,0.0,0.3333333333333333,0.0,0.0,0.0,0.15780253333333333,0.0,0.0,0.0,0.6,normal,0,9.850695084098945
0.0,0.0,0.0,0.0,0.0,0.0,0.0,0.0,0.3333333333333333,1.0,0.0,0.3333333333333333,0.0,1.0,0.0,1.0,0.0,0.0,0.0,0.7,medium,0,47.26291395664767
0.0,0.0,0.0,0.0,0.0,0.0,0.0,0.0,0.3333333333333333,1.0,0.0,0.3333333333333333,0.0,1.0,0.0,1.0,0.0,0.0,0.0,0.4,medium,0,46.30504511921557
0.0,0.0,0.0,0.0,0.0,0.0,0.0,0.0,0.0,0.0,0.0,0.3333333333333333,0.0,0.0,0.0,0.18552573333333333,0.0,0.0,1.0,0.6,normal,0,18.548769483370958
1.0,0.0,0.0,0.0,0.0,0.0,0.0,0.0,0.3333333333333333,1.0,1.0,0.3333333333333333,0.0,1.0,0.0,1.0,0.3333333333333333,0.0,0.0,0.9,medium,0,79.81085102595854
0.0,0.0,0.0,0.0,0.0,0.0,0.0,0.0,0.0,0.0,0.0,0.3333333333333333,1.0,0.0,0.0,0.19028933333333334,0.0,0.0,0.0,0.7,normal,0,22.009952966467345
0.0,0.0,0.0,0.0,0.0,0.0,0.0,0.0,0.0,0.0,0.0,0.0,0.0,0.0,0.0,0.0,0.0,0.0,0.0,0.6,normal,0,4.821153166768415
1.0,0.0,0.0,0.0,0.0,0.0,0.0,0.0,0.3333333333333333,1.0,0.0,0.3333333333333333,0.0,1.0,0.0,0.4644486666666667,0.3333333333333333,0.0,0.0,0.8,medium,0,75.99687216119966
0.0,0.0,0.0,0.0,0.0,0.0,0.0,0.0,0.0,0.0,0.0,0.3333333333333333,0.0,0.0,0.0,0.11515453333333334,0.0,0.0,0.0,0.6,normal,0,10.112919764868353
0.0,0.0,0.0,0.0,0.0,0.0,0.0,0.0,0.0,0.0,0.0,0.3333333333333333,0.0,0.0,0.0,0.1473944,0.0,0.0,0.0,0.6,normal,0,10.015643863922774
0.0,0.0,0.0,0.0,0.0,0.0,0.0,0.0,0.0,0.0,0.0,0.3333333333333333,0.0,0.0,0.0,0.12860253333333335,0.0,0.0,0.0,0.7,normal,0,11.63354687516348
0.0,0.0,0.0,0.0,0.0,0.0,0.0,0.0,0.0,0.0,1.0,0.0,0.0,0.0,0.0,0.0,0.0,0.0,0.0,0.4,normal,0,15.855280564608396
1.0,0.0,0.0,0.0,0.0,0.0,0.0,0.0,0.3333333333333333,1.0,0.0,0.3333333333333333,0.0,1.0,0.0,1.0,0.3333333333333333,0.0,0.0,0.9,medium,0,75.64557569559373
1.0,0.0,0.0,0.0,0.0,0.0,0.0,0.0,0.0,0.0,0.0,0.0,0.0,0.0,0.0,0.0,0.3333333333333333,0.0,0.0,0.3,compromised,1,50.52485525508919
0.0,0.0,0.0,0.0,0.0,0.0,0.0,0.0,0.3333333333333333,1.0,1.0,0.3333333333333333,0.0,1.0,0.0,1.0,0.0,0.0,0.0,0.7,medium,0,55.28566813440722
0.0,0.0,0.0,0.0,0.0,0.0,0.0,0.0,0.0,0.0,0.0,0.3333333333333333,0.0,0.0,0.0,0.1245864,0.0,0.0,0.0,0.6,normal,0,8.76165360565313
0.0,0.0,0.0,0.0,0.0,0.0,0.0,0.0,0.0,0.0,1.0,0.3333333333333333,0.0,0.0,0.0,0.0,0.0,0.0,0.0,0.6,normal,0,20.91471910310825
0.0,0.0,0.0,0.0,0.0,0.0,0.0,0.0,0.0,0.0,0.0,0.0,0.0,0.0,0.0,0.0,0.0,0.0,0.0,0.4,normal,0,3.888702479962215
1.0,0.0,0.0,0.0,0.0,0.0,0.0,0.0,0.3333333333333333,1.0,0.0,0.3333333333333333,1.0,1.0,0.0,0.7038577333333333,0.3333333333333333,0.0,0.0,0.9,medium,0,76.8080082497783
1.0,1.0,1.0,0.0,1.0,0.0,1.0,0.0,0.0,0.0,0.0,1.0,1.0,1.0,1.0,1.0,1.6666666666666667,0.8555555555555556,0.0,1.0,compromised,1,95.67412803185614
0.0,0.0,0.0,0.0,0.0,0.0,0.0,0.0,0.3333333333333333,1.0,1.0,0.3333333333333333,0.0,1.0,0.0,0.5521313333333333,0.0,0.0,0.0,0.4,medium,0,47.686800820976465
1.0,1.0,1.0,0.0,1.0,0.0,1.0,0.0,0.0,0.0,0.0,1.0,1.0,1.0,1.0,1.0,1.6666666666666667,0.8722222222222222,0.0,1.1,compromised,1,99.13449587294473
1.0,1.0,1.0,0.0,1.0,0.0,1.0,0.0,0.0,0.0,1.0,0.6666666666666666,1.0,1.0,0.0,1.0,1.6666666666666667,0.8888888888888888,0.0,0.9,compromised,1,100.0
0.0,0.0,0.0,0.0,0.0,0.0,0.0,0.0,0.0,0.0,0.0,0.0,0.0,0.0,0.0,0.0,0.0,0.0,0.0,0.4,normal,0,1.2739148431358092
0.0,0.0,0.0,0.0,0.0,0.0,0.0,0.0,0.3333333333333333,1.0,0.0,0.3333333333333333,0.0,1.0,0.0,1.0,0.0,0.0,0.0,0.7,medium,0,49.92856886721593
1.0,1.0,1.0,0.0,1.0,0.0,1.0,0.0,0.0,0.0,0.0,1.0,1.0,1.0,1.0,1.0,1.6666666666666667,0.8555555555555556,0.0,1.0,compromised,1,92.55302498146905
1.0,1.0,1.0,0.0,1.0,0.0,0.0,0.0,0.0,0.0,0.0,0.0,0.0,0.0,0.0,0.0,1.3333333333333333,0.6666666666666667,0.0,0.6,compromised,1,89.80121499106093
0.0,0.0,0.0,0.0,0.0,0.0,0.0,0.0,0.0,0.0,0.0,0.3333333333333333,0.0,0.0,0.0,0.1405912,0.0,0.0,1.0,0.7,innocent_security_change,0,19.900775374548797
0.0,0.0,0.0,0.0,0.0,1.0,0.0,0.0,0.0,0.0,0.0,0.0,0.0,0.0,0.0,0.0,0.3333333333333333,0.0,0.0,0.5,innocent_security_change,0,21.595752787858043
1.0,1.0,1.0,0.0,1.0,0.0,1.0,0.0,0.0,0.0,1.0,1.0,1.0,1.0,1.0,1.0,1.6666666666666667,0.9,0.0,0.9,compromised,1,95.671013835309
0.0,0.0,0.0,0.0,0.0,0.0,0.0,0.0,0.0,0.0,1.0,0.3333333333333333,1.0,0.0,0.0,0.18884146666666668,0.0,0.0,0.0,0.5,normal,0,29.874826187743324
0.0,0.0,0.0,0.0,0.0,0.0,0.0,0.0,0.0,0.0,0.0,0.3333333333333333,1.0,0.0,0.0,0.19600213333333333,0.0,0.0,0.0,0.7,normal,0,25.565076625768246
0.0,0.0,0.0,0.0,0.0,0.0,0.0,0.0,0.0,0.0,0.0,0.3333333333333333,1.0,0.0,0.0,0.16326746666666667,0.0,0.0,0.0,0.6,normal,0,23.456257111321595
1.0,0.0,0.0,0.0,0.0,0.0,0.0,0.0,0.0,0.0,1.0,0.0,0.0,0.0,0.0,0.0,0.3333333333333333,0.0,0.0,0.3,compromised,1,51.2333695737796
0.0,0.0,0.0,0.0,0.0,0.0,0.0,0.0,0.0,0.0,0.0,0.3333333333333333,1.0,0.0,0.0,0.1679112,0.0,0.0,0.0,0.7,normal,0,19.225093740502828
0.0,0.0,0.0,0.0,0.0,0.0,0.0,0.0,0.0,0.0,0.0,0.3333333333333333,0.0,0.0,0.0,0.08310666666666666,0.0,0.0,0.0,0.6,normal,0,9.464754905282211
0.0,0.0,0.0,0.0,0.0,0.0,0.0,0.0,0.0,0.0,0.0,0.3333333333333333,0.0,0.0,0.0,0.04558810158599905,0.0,0.0,0.0,0.7,normal,0,12.28759837942251
0.0,0.0,0.0,0.0,0.0,0.0,0.0,0.0,0.0,0.0,0.0,0.3333333333333333,0.0,0.0,0.0,0.153172,0.0,0.0,0.0,0.6,normal,0,5.015760432573712
0.0,0.0,0.0,0.0,0.0,0.0,0.0,0.0,0.0,0.0,1.0,0.0,0.0,0.0,0.0,0.0,0.0,0.0,0.0,0.4,normal,0,11.656642103327544
1.0,1.0,1.0,0.0,1.0,0.0,1.0,0.0,0.0,0.0,0.0,1.0,1.0,1.0,1.0,1.0,1.6666666666666667,0.8833333333333333,0.0,1.0,compromised,1,96.47291570671554
0.0,0.0,0.0,0.0,0.0,0.0,0.0,0.0,0.0,0.0,1.0,0.3333333333333333,0.0,0.0,0.0,0.014988800000000002,0.0,0.0,1.0,0.6,innocent_security_change,0,29.863296605217187
0.0,0.0,0.0,0.0,0.0,0.0,0.0,0.0,0.0,0.0,0.0,0.3333333333333333,0.0,0.0,0.0,0.0,0.0,0.0,0.0,0.5,normal,0,8.279094646005367
1.0,1.0,1.0,0.0,1.0,0.0,1.0,0.0,0.0,0.0,0.0,1.0,1.0,1.0,1.0,1.0,1.6666666666666667,0.8777777777777778,0.0,1.0,compromised,1,98.7424308358699
0.0,0.0,0.0,0.0,0.0,0.0,0.0,0.0,0.0,0.0,0.0,0.3333333333333333,0.0,0.0,0.0,0.0,0.0,0.0,0.0,0.6,normal,0,10.252458346081651
0.0,0.0,0.0,0.0,0.0,0.0,0.0,0.0,0.0,0.0,0.0,0.3333333333333333,0.0,0.0,0.0,0.08147866666666666,0.0,0.0,0.0,0.5,normal,0,4.984501641607898
0.0,0.0,0.0,0.0,0.0,0.0,0.0,0.0,0.0,0.0,0.0,0.0,0.0,0.0,0.0,0.0,0.0,0.0,0.0,0.5,normal,0,5.491560145106899
1.0,0.0,0.0,0.0,0.0,0.0,0.0,0.0,0.3333333333333333,1.0,0.0,0.3333333333333333,0.0,1.0,0.0,0.43296066666666666,0.3333333333333333,0.0,0.0,0.9,medium,0,73.56319856707815
0.0,0.0,0.0,0.0,0.0,0.0,0.0,0.0,0.0,0.0,0.0,0.0,0.0,0.0,0.0,0.0,0.0,0.0,0.0,0.5,normal,0,4.84171370271403
1.0,1.0,1.0,0.0,1.0,0.0,0.0,0.0,0.0,0.0,1.0,0.0,0.0,0.0,0.0,0.0,1.3333333333333333,0.9166666666666666,0.0,0.6,compromised,1,100.0
0.0,0.0,0.0,0.0,0.0,0.0,0.0,0.0,0.0,0.0,0.0,0.3333333333333333,0.0,0.0,0.0,0.10233773333333333,0.0,0.0,0.0,0.7,normal,0,6.663546915572098
0.0,0.0,0.0,0.0,0.0,0.0,0.0,0.0,0.0,0.0,0.0,0.3333333333333333,0.0,0.0,0.0,0.06845973333333333,0.0,0.0,0.0,0.7,normal,0,15.750239042597396
0.0,0.0,0.0,0.0,0.0,0.0,0.0,0.0,0.0,0.0,0.0,0.3333333333333333,0.0,0.0,0.0,0.0,0.0,0.0,0.0,0.5,normal,0,8.523030376786636
0.0,0.0,0.0,0.0,0.0,0.0,0.0,0.0,0.3333333333333333,1.0,0.0,0.3333333333333333,0.0,1.0,0.0,0.44476666666666664,0.0,0.0,0.0,0.6,medium,0,44.787633900666584
0.0,0.0,0.0,0.0,0.0,0.0,0.0,0.0,0.0,0.0,0.0,0.3333333333333333,0.0,0.0,0.0,0.14858933333333335,0.0,0.0,0.0,0.7,normal,0,12.350928144305291
1.0,1.0,1.0,0.0,1.0,0.0,1.0,0.0,0.0,0.0,0.0,1.0,1.0,1.0,1.0,1.0,1.6666666666666667,0.8722222222222222,0.0,1.0,compromised,1,96.7207847808889
0.0,0.0,0.0,0.0,0.0,0.0,0.0,0.0,0.0,0.0,1.0,0.3333333333333333,0.0,0.0,0.0,0.09343413333333334,0.0,0.0,0.0,0.6,normal,0,18.87726291510953
0.0,0.0,0.0,0.0,0.0,0.0,0.0,0.0,0.3333333333333333,1.0,1.0,0.3333333333333333,0.0,1.0,0.0,0.4869297333333334,0.0,0.0,0.0,0.6,medium,0,50.98020201957501
0.0,0.0,0.0,0.0,0.0,0.0,0.0,0.0,0.0,0.0,0.0,0.3333333333333333,0.0,0.0,0.0,0.0,0.0,0.0,0.0,0.7,normal,0,6.7592818977136915
1.0,0.0,0.0,0.0,0.0,0.0,0.0,0.0,0.0,0.0,1.0,0.0,0.0,0.0,0.0,0.0,0.3333333333333333,0.0,0.0,0.3,compromised,1,58.705395575896446
0.0,0.0,0.0,0.0,0.0,0.0,0.0,0.0,0.0,0.0,0.0,0.3333333333333333,0.0,0.0,0.0,0.1857844,0.0,0.0,1.0,0.6,normal,0,18.881968372138438
0.0,0.0,0.0,0.0,0.0,0.0,0.0,0.0,0.0,0.0,0.0,0.3333333333333333,1.0,0.0,0.0,0.17817946666666665,0.0,0.0,0.0,0.8,normal,0,22.360399076461636
1.0,1.0,1.0,0.0,1.0,0.0,1.0,0.0,0.0,0.0,1.0,0.0,0.0,0.0,0.0,0.0,1.6666666666666667,0.9055555555555556,0.0,0.8,compromised,1,94.09051244656787
1.0,1.0,1.0,0.0,1.0,0.0,1.0,0.0,0.0,0.0,0.0,1.0,1.0,1.0,1.0,1.0,1.6666666666666667,0.9111111111111111,0.0,1.1,compromised,1,100.0
0.0,0.0,0.0,1.0,0.0,0.0,0.0,0.0,0.0,0.0,1.0,0.3333333333333333,0.0,0.0,0.0,0.0,0.3333333333333333,0.0,0.0,0.7,innocent_security_change,0,35.341709518808315
0.0,0.0,0.0,0.0,0.0,0.0,0.0,0.0,0.0,0.0,0.0,0.3333333333333333,0.0,0.0,0.0,0.11534413333333332,0.0,0.0,0.0,0.6,normal,0,12.294488227667216
0.0,0.0,0.0,0.0,0.0,1.0,0.0,0.0,0.0,0.0,0.0,0.0,0.0,0.0,0.0,0.0,0.3333333333333333,0.0,0.0,0.5,innocent_security_change,0,22.042570641023943
0.0,0.0,0.0,0.0,0.0,0.0,0.0,0.0,0.3333333333333333,1.0,1.0,0.3333333333333333,0.0,1.0,0.0,0.7979932,0.0,0.0,0.0,0.5,medium,0,53.9084529856528
1.0,0.0,0.0,0.0,0.0,0.0,0.0,0.0,0.3333333333333333,1.0,0.0,0.3333333333333333,0.0,1.0,0.0,0.6548537333333333,0.3333333333333333,0.0,0.0,0.6,medium,0,75.01909218206877
0.0,0.0,0.0,0.0,0.0,0.0,0.0,0.0,0.0,0.0,0.0,0.3333333333333333,0.0,0.0,0.0,0.0834508,0.0,0.0,0.0,0.6,normal,0,15.607895689187094
0.0,0.0,0.0,0.0,0.0,0.0,0.0,0.0,0.0,0.0,0.0,0.3333333333333333,0.0,0.0,0.0,0.10918653333333334,0.0,0.0,0.0,0.7,normal,0,11.522666017113336
0.0,0.0,0.0,0.0,0.0,0.0,0.0,0.0,0.0,0.0,1.0,0.0,0.0,0.0,0.0,0.0,0.0,0.0,0.0,0.5,normal,0,15.208717961135132
0.0,0.0,0.0,0.0,0.0,0.0,0.0,0.0,0.0,0.0,0.0,0.3333333333333333,0.0,0.0,0.0,0.0,0.0,0.0,0.0,0.6,normal,0,10.144484344710355
0.0,0.0,0.0,0.0,0.0,0.0,0.0,0.0,0.0,0.0,0.0,0.3333333333333333,0.0,0.0,0.0,0.025765733333333336,0.0,0.0,0.0,0.5,normal,0,12.820831025446395
0.0,0.0,0.0,0.0,0.0,0.0,0.0,0.0,0.0,0.0,0.0,0.0,0.0,0.0,0.0,0.0,0.0,0.0,0.0,0.5,normal,0,1.7739611345057293
0.0,0.0,0.0,0.0,0.0,0.0,0.0,0.0,0.0,0.0,0.0,0.3333333333333333,0.0,0.0,0.0,0.1465504,0.0,0.0,0.0,0.6,normal,0,13.662127237468315
0.0,0.0,0.0,0.0,0.0,0.0,0.0,0.0,0.0,0.0,0.0,0.0,0.0,0.0,0.0,0.0,0.0,0.0,0.0,0.4,normal,0,2.3804409704160916
1.0,1.0,1.0,0.0,1.0,0.0,1.0,0.0,0.0,0.0,1.0,1.0,1.0,1.0,1.0,1.0,1.6666666666666667,0.8888888888888888,0.0,1.0,compromised,1,97.85982431954831
0.0,0.0,0.0,0.0,0.0,0.0,0.0,0.0,0.0,0.0,0.0,0.3333333333333333,0.0,0.0,0.0,0.05875626666666667,0.0,0.0,0.0,0.5,normal,0,10.24337938592596
1.0,1.0,1.0,0.0,1.0,0.0,1.0,0.0,0.0,0.0,1.0,0.0,0.0,0.0,0.0,0.0,1.6666666666666667,0.8722222222222222,0.0,0.7,compromised,1,95.76426201954727
1.0,1.0,1.0,0.0,1.0,0.0,1.0,0.0,0.0,0.0,1.0,1.0,1.0,1.0,1.0,1.0,1.6666666666666667,0.9055555555555556,0.0,1.1,compromised,1,97.75357373457771
0.0,0.0,0.0,0.0,0.0,0.0,0.0,0.0,0.0,0.0,0.0,0.0,0.0,0.0,0.0,0.0,0.0,0.0,0.0,0.5,normal,0,4.107825061453871
0.0,0.0,0.0,0.0,0.0,0.0,0.0,0.0,0.3333333333333333,1.0,0.0,0.3333333333333333,0.0,1.0,0.0,0.6934998666666666,0.0,0.0,0.0,0.6,medium,0,50.001976435417895
0.0,0.0,0.0,0.0,0.0,0.0,0.0,0.0,0.3333333333333333,1.0,0.0,0.3333333333333333,0.0,1.0,0.0,0.45236746666666666,0.0,0.0,0.0,0.7,medium,0,46.99958225721923
1.0,1.0,1.0,0.0,1.0,0.0,1.0,0.0,0.0,0.0,1.0,1.0,1.0,1.0,1.0,1.0,1.6666666666666667,0.8944444444444445,0.0,1.0,compromised,1,100.0
0.0,0.0,0.0,0.0,0.0,0.0,0.0,0.0,0.0,0.0,0.0,0.3333333333333333,0.0,0.0,0.0,0.075436,0.0,0.0,0.0,0.7,normal,0,10.389469010388488
1.0,1.0,1.0,0.0,1.0,0.0,1.0,0.0,0.0,0.0,1.0,1.0,1.0,1.0,1.0,1.0,1.6666666666666667,0.9111111111111111,0.0,1.0,compromised,1,95.80994950763485
0.0,0.0,0.0,0.0,0.0,0.0,0.0,0.0,0.3333333333333333,1.0,0.0,0.3333333333333333,0.0,1.0,0.0,1.0,0.0,0.0,0.0,0.5,medium,0,50.42042876709454
0.0,0.0,0.0,0.0,0.0,1.0,0.0,0.0,0.0,0.0,0.0,0.0,0.0,0.0,0.0,0.0,0.3333333333333333,0.0,0.0,0.5,innocent_security_change,0,26.060078311637113
1.0,0.0,0.0,0.0,0.0,0.0,0.0,0.0,0.3333333333333333,1.0,1.0,0.3333333333333333,0.0,1.0,0.0,1.0,0.3333333333333333,0.0,0.0,1.0,medium,0,81.57058703689228
0.0,0.0,0.0,0.0,0.0,0.0,0.0,0.0,0.0,0.0,0.0,0.3333333333333333,0.0,0.0,0.0,0.037578400000000005,0.0,0.0,0.0,0.6,normal,0,8.880506183416959
1.0,1.0,1.0,0.0,1.0,0.0,1.0,0.0,0.0,0.0,1.0,0.0,0.0,0.0,0.0,0.0,1.6666666666666667,0.8944444444444445,0.0,0.7,compromised,1,94.59114708369869
0.0,0.0,0.0,0.0,0.0,0.0,0.0,0.0,0.0,0.0,0.0,0.3333333333333333,0.0,0.0,0.0,0.12529013333333333,0.0,0.0,0.0,0.6,normal,0,7.427730298221495
0.0,0.0,0.0,0.0,0.0,1.0,0.0,0.0,0.0,0.0,1.0,0.3333333333333333,0.0,0.0,0.0,0.17312586666666668,0.3333333333333333,0.0,1.0,1.0,innocent_security_change,0,43.85588658987471
1.0,1.0,1.0,0.0,0.0,0.0,0.0,0.0,0.0,0.0,1.0,0.0,0.0,0.0,0.0,0.0,1.0,0.95,0.0,0.6,compromised,1,89.81536037749437
0.0,0.0,0.0,0.0,0.0,0.0,0.0,0.0,0.3333333333333333,1.0,0.0,0.3333333333333333,0.0,1.0,0.0,0.5301482666666667,0.0,0.0,0.0,0.6,medium,0,43.593388905397276
0.0,0.0,0.0,0.0,0.0,0.0,0.0,0.0,0.0,0.0,0.0,0.3333333333333333,0.0,0.0,0.0,0.18229973333333332,0.0,0.0,1.0,0.6,normal,0,21.483055431044928
0.0,0.0,0.0,0.0,0.0,0.0,0.0,0.0,0.0,0.0,0.0,0.3333333333333333,0.0,0.0,0.0,0.09350293333333334,0.0,0.0,0.0,0.8,normal,0,11.92366491998222
0.0,0.0,0.0,0.0,0.0,0.0,0.0,0.0,0.0,0.0,0.0,0.3333333333333333,0.0,0.0,0.0,0.0560204,0.0,0.0,0.0,0.7,normal,0,12.088255510451457
0.0,0.0,0.0,0.0,0.0,0.0,0.0,0.0,0.0,0.0,0.0,0.0,0.0,0.0,0.0,0.0,0.0,0.0,0.0,0.4,normal,0,0.0
0.0,0.0,0.0,0.0,0.0,0.0,0.0,0.0,0.0,0.0,0.0,0.0,0.0,0.0,0.0,0.0,0.0,0.0,0.0,0.5,normal,0,3.7840657276123078
0.0,0.0,0.0,0.0,0.0,0.0,0.0,0.0,0.3333333333333333,1.0,0.0,0.3333333333333333,0.0,1.0,0.0,0.5247386666666667,0.0,0.0,0.0,0.8,medium,0,38.036613236329075
0.0,0.0,0.0,0.0,0.0,0.0,0.0,0.0,0.0,0.0,0.0,0.3333333333333333,0.0,0.0,0.0,0.007044954676344352,0.0,0.0,0.0,0.7,normal,0,10.176587791511276
1.0,0.0,0.0,0.0,0.0,0.0,0.0,0.0,0.3333333333333333,1.0,0.0,0.3333333333333333,0.0,1.0,0.0,1.0,0.3333333333333333,0.0,0.0,0.7,medium,0,70.72017842118939
0.0,0.0,0.0,0.0,0.0,0.0,0.0,0.0,0.0,0.0,0.0,0.0,0.0,0.0,0.0,0.0,0.0,0.0,0.0,0.4,normal,0,5.882170502074836
0.0,0.0,0.0,0.0,0.0,0.0,0.0,0.0,0.0,0.0,1.0,0.3333333333333333,0.0,0.0,0.0,0.11925266666666667,0.0,0.0,0.0,0.6,normal,0,22.54410260675431
1.0,1.0,1.0,0.0,1.0,0.0,1.0,0.0,0.0,0.0,0.0,1.0,1.0,1.0,1.0,1.0,1.6666666666666667,0.9055555555555556,0.0,1.1,compromised,1,98.98538480284401
0.0,0.0,0.0,0.0,0.0,0.0,0.0,0.0,0.3333333333333333,1.0,0.0,0.3333333333333333,0.0,1.0,0.0,1.0,0.0,0.0,0.0,0.5,medium,0,51.834692939398614
0.0,0.0,0.0,0.0,0.0,0.0,0.0,0.0,0.0,0.0,0.0,0.0,0.0,0.0,0.0,0.0,0.0,0.0,0.0,0.4,normal,0,0.4948929086457028
0.0,0.0,0.0,0.0,0.0,0.0,0.0,0.0,0.0,0.0,0.0,0.3333333333333333,0.0,0.0,0.0,0.15443600000000002,0.0,0.0,0.0,0.6,normal,0,16.269129476061543
0.0,0.0,0.0,0.0,0.0,0.0,0.0,0.0,0.3333333333333333,1.0,0.0,0.3333333333333333,0.0,1.0,0.0,1.0,0.0,0.0,0.0,0.5,medium,0,50.36265628215112
0.0,0.0,0.0,0.0,0.0,0.0,0.0,0.0,0.0,0.0,0.0,0.3333333333333333,1.0,0.0,0.0,0.4884924445374154,0.0,0.0,1.0,0.7,normal,0,33.633735129380234
0.0,0.0,0.0,0.0,0.0,0.0,0.0,0.0,0.0,0.0,0.0,0.3333333333333333,1.0,0.0,0.0,0.9849035313772295,0.0,0.0,0.0,0.7,normal,0,35.82235361950141
0.0,1.0,0.0,0.0,0.0,0.0,0.0,0.0,0.0,0.0,0.0,0.0,0.0,0.0,0.0,0.0,0.3333333333333333,0.0,0.0,0.5,innocent_security_change,0,30.202261615406982
1.0,0.0,0.0,0.0,0.0,0.0,0.0,0.0,0.0,0.0,1.0,0.0,0.0,0.0,0.0,0.0,0.3333333333333333,0.0,0.0,0.4,compromised,1,55.08049459202443
0.0,0.0,0.0,0.0,0.0,0.0,0.0,0.0,0.0,0.0,1.0,0.0,0.0,0.0,0.0,0.0,0.0,0.0,0.0,0.2,compromised,1,10.108412859084954
0.0,0.0,0.0,1.0,0.0,0.0,0.0,0.0,0.0,0.0,0.0,0.3333333333333333,1.0,0.0,0.0,0.23989877047940444,0.3333333333333333,0.0,0.0,0.8,innocent_security_change,0,40.13992786874538
1.0,1.0,1.0,0.0,1.0,0.0,1.0,0.0,0.0,0.0,0.0,1.0,1.0,1.0,1.0,1.0,1.6666666666666667,0.8833333333333333,0.0,1.0,compromised,1,95.14714124110846
0.0,0.0,0.0,0.0,0.0,0.0,0.0,0.0,0.0,0.0,0.0,0.3333333333333333,0.0,0.0,0.0,0.0,0.0,0.0,0.0,0.7,normal,0,13.609923807131203
0.0,0.0,0.0,0.0,0.0,1.0,0.0,0.0,0.0,0.0,0.0,0.3333333333333333,0.0,0.0,0.0,0.06128813333333333,0.3333333333333333,0.0,0.0,0.6,innocent_security_change,0,28.85027110323742
1.0,1.0,1.0,0.0,0.0,0.0,0.0,0.0,0.0,0.0,1.0,0.0,0.0,0.0,0.0,0.0,1.0,0.9277777777777778,0.0,0.5,compromised,1,88.02985908662296
0.0,0.0,0.0,0.0,0.0,0.0,0.0,0.0,0.0,0.0,0.0,0.3333333333333333,0.0,0.0,0.0,0.15084519999999998,0.0,0.0,0.0,0.6,normal,0,10.428816953617723
1.0,0.0,0.0,0.0,0.0,0.0,0.0,0.0,0.3333333333333333,1.0,1.0,0.3333333333333333,0.0,1.0,0.0,1.0,0.3333333333333333,0.0,0.0,0.6,medium,0,72.68472291024744
1.0,1.0,1.0,0.0,1.0,0.0,1.0,0.0,0.0,0.0,1.0,1.0,1.0,1.0,1.0,1.0,1.6666666666666667,0.8833333333333333,0.0,1.0,compromised,1,98.6922360478146
0.0,0.0,0.0,0.0,0.0,0.0,0.0,0.0,0.0,0.0,0.0,0.3333333333333333,0.0,0.0,0.0,0.0,0.0,0.0,0.0,0.5,normal,0,4.461011736738083
0.0,0.0,0.0,0.0,0.0,0.0,0.0,0.0,0.0,0.0,0.0,0.3333333333333333,0.0,0.0,0.0,0.0,0.0,0.0,0.0,0.6,normal,0,9.727730380649321
0.0,0.0,0.0,0.0,0.0,0.0,0.0,0.0,0.0,0.0,0.0,0.3333333333333333,0.0,0.0,0.0,0.15201106666666667,0.0,0.0,0.0,0.7,normal,0,9.087477218527003
0.0,0.0,0.0,0.0,0.0,0.0,0.0,0.0,0.0,0.0,0.0,0.3333333333333333,0.0,0.0,0.0,0.15079373333333335,0.0,0.0,0.0,0.7,normal,0,17.460961572148225
0.0,0.0,0.0,0.0,0.0,0.0,0.0,0.0,0.0,0.0,0.0,0.3333333333333333,0.0,0.0,0.0,0.1319273333333333,0.0,0.0,0.0,0.7,normal,0,14.53071093013538
0.0,0.0,0.0,0.0,0.0,0.0,0.0,0.0,0.0,0.0,0.0,0.0,0.0,0.0,0.0,0.0,0.0,0.0,0.0,0.6,normal,0,4.534184077412449
0.0,0.0,0.0,0.0,0.0,0.0,0.0,0.0,0.0,0.0,0.0,0.3333333333333333,0.0,0.0,0.0,1.0,0.0,0.0,1.0,0.6,normal,0,32.02535894383647
0.0,0.0,0.0,0.0,0.0,0.0,0.0,0.0,0.0,0.0,0.0,0.0,0.0,0.0,0.0,0.0,0.0,0.0,0.0,0.4,normal,0,0.7513942670434566
0.0,0.0,0.0,0.0,0.0,0.0,0.0,0.0,0.0,0.0,1.0,0.0,0.0,0.0,0.0,0.0,0.0,0.0,0.0,0.4,normal,0,14.264665990381852
1.0,1.0,0.0,0.0,0.0,0.0,0.0,0.0,0.0,0.0,1.0,0.0,0.0,0.0,0.0,0.0,0.6666666666666666,0.7,0.0,0.5,compromised,1,76.37203246913805
0.0,0.0,0.0,0.0,0.0,0.0,0.0,0.0,0.0,0.0,0.0,0.3333333333333333,0.0,0.0,0.0,0.07321413333333333,0.0,0.0,0.0,0.4,normal,0,10.207637330120003
0.0,0.0,0.0,0.0,0.0,0.0,0.0,0.0,0.3333333333333333,1.0,0.0,0.3333333333333333,0.0,1.0,0.0,1.0,0.0,0.0,0.0,0.7,medium,0,51.96348585860414
1.0,1.0,1.0,0.0,1.0,0.0,1.0,0.0,0.0,0.0,1.0,1.0,1.0,1.0,1.0,1.0,1.6666666666666667,0.8722222222222222,0.0,1.0,compromised,1,99.84190314150452
0.0,0.0,0.0,0.0,0.0,0.0,0.0,0.0,0.3333333333333333,1.0,0.0,0.3333333333333333,0.0,1.0,0.0,0.6288945333333333,0.0,0.0,0.0,0.8,medium,0,47.05549399100292
1.0,1.0,1.0,0.0,1.0,0.0,1.0,0.0,0.0,0.0,1.0,1.0,1.0,1.0,1.0,1.0,1.6666666666666667,0.9222222222222223,0.0,1.0,compromised,1,93.90218053652404
0.0,0.0,0.0,0.0,0.0,0.0,0.0,0.0,0.0,0.0,0.0,0.3333333333333333,0.0,0.0,0.0,0.014895466666666668,0.0,0.0,0.0,0.6,normal,0,7.694201778782219
1.0,0.0,0.0,0.0,0.0,0.0,0.0,0.0,0.3333333333333333,1.0,1.0,0.3333333333333333,0.0,1.0,0.0,1.0,0.3333333333333333,0.0,0.0,0.6,medium,0,76.92945882762942
0.0,0.0,0.0,0.0,0.0,0.0,0.0,0.0,0.0,0.0,1.0,0.0,0.0,0.0,0.0,0.0,0.0,0.0,0.0,0.4,normal,0,13.139398479398247
0.0,0.0,0.0,0.0,0.0,0.0,0.0,0.0,0.0,0.0,1.0,0.3333333333333333,0.0,0.0,0.0,0.10250706666666666,0.0,0.0,0.0,0.6,normal,0,17.581444159669942
0.0,0.0,0.0,0.0,0.0,0.0,0.0,0.0,0.3333333333333333,1.0,1.0,0.3333333333333333,0.0,1.0,0.0,0.7033606666666667,0.0,0.0,0.0,0.7,medium,0,58.08028944987666
1.0,0.0,0.0,0.0,0.0,0.0,0.0,0.0,0.3333333333333333,1.0,1.0,0.3333333333333333,0.0,1.0,0.0,0.6709326666666666,0.3333333333333333,0.0,0.0,0.7,medium,0,80.08418818942133
0.0,0.0,0.0,0.0,0.0,0.0,0.0,0.0,0.0,0.0,0.0,0.3333333333333333,0.0,0.0,0.0,0.11422306666666666,0.0,0.0,0.0,0.6,normal,0,12.889201044850983
0.0,0.0,0.0,0.0,0.0,0.0,0.0,0.0,0.3333333333333333,1.0,1.0,0.3333333333333333,0.0,1.0,0.0,0.6379465333333333,0.0,0.0,0.0,0.7,medium,0,51.772789179315815
0.0,0.0,0.0,0.0,0.0,0.0,0.0,0.0,0.0,0.0,0.0,0.3333333333333333,0.0,0.0,0.0,0.0,0.0,0.0,1.0,0.4,innocent_security_change,0,15.993063534141248
1.0,1.0,1.0,0.0,1.0,0.0,0.0,0.0,0.0,0.0,0.0,1.0,1.0,1.0,1.0,1.0,1.3333333333333333,0.8777777777777778,0.0,0.9,compromised,1,94.26123232802165
0.0,0.0,0.0,0.0,0.0,0.0,0.0,0.0,0.0,0.0,0.0,0.3333333333333333,1.0,0.0,0.0,0.19624186666666665,0.0,0.0,0.0,0.7,normal,0,25.03091709600831
0.0,0.0,0.0,0.0,0.0,0.0,0.0,0.0,0.3333333333333333,1.0,0.0,0.3333333333333333,0.0,1.0,0.0,0.41026840000000003,0.0,0.0,0.0,0.8,medium,0,45.24404353733425
0.0,0.0,0.0,0.0,0.0,0.0,0.0,0.0,0.0,0.0,0.0,0.3333333333333333,1.0,0.0,0.0,0.18047986666666666,0.0,0.0,0.0,0.6,normal,0,21.010404074665715
0.0,0.0,0.0,0.0,0.0,0.0,0.0,0.0,0.0,0.0,0.0,0.3333333333333333,0.0,0.0,0.0,0.15170666666666666,0.0,0.0,0.0,0.6,normal,0,12.70118070142157
0.0,0.0,0.0,0.0,0.0,0.0,0.0,0.0,0.3333333333333333,1.0,1.0,0.3333333333333333,0.0,1.0,0.0,1.0,0.0,0.0,0.0,0.6,medium,0,53.352618516959595
0.0,0.0,0.0,0.0,0.0,0.0,0.0,0.0,0.3333333333333333,1.0,0.0,0.3333333333333333,0.0,1.0,0.0,0.6077266666666666,0.0,0.0,0.0,0.6,medium,0,40.609944323619914
0.0,0.0,0.0,0.0,0.0,0.0,0.0,0.0,0.0,0.0,0.0,0.0,0.0,0.0,0.0,0.0,0.0,0.0,0.0,0.5,normal,0,1.4200795765788006
0.0,0.0,0.0,0.0,0.0,0.0,0.0,0.0,0.0,0.0,0.0,0.3333333333333333,0.0,0.0,0.0,0.018326933333333333,0.0,0.0,1.0,0.6,innocent_security_change,0,16.914007298188277
0.0,0.0,0.0,0.0,0.0,1.0,0.0,0.0,0.0,0.0,0.0,0.3333333333333333,0.0,0.0,0.0,0.1595312,0.3333333333333333,0.0,0.0,0.6,innocent_security_change,0,35.21693709913774
0.0,0.0,0.0,0.0,0.0,0.0,0.0,0.0,0.0,0.0,0.0,0.3333333333333333,0.0,0.0,0.0,0.15601973333333333,0.0,0.0,0.0,0.6,normal,0,13.312396611822262
0.0,0.0,0.0,0.0,0.0,0.0,0.0,0.0,0.3333333333333333,1.0,1.0,0.3333333333333333,0.0,1.0,0.0,0.7982537333333333,0.0,0.0,0.0,0.8,medium,0,49.71235965198504
1.0,0.0,0.0,0.0,0.0,0.0,0.0,0.0,0.3333333333333333,1.0,0.0,0.3333333333333333,0.0,1.0,0.0,1.0,0.3333333333333333,0.0,0.0,0.6,medium,0,75.82748490384428
0.0,0.0,0.0,0.0,0.0,0.0,0.0,0.0,0.3333333333333333,1.0,0.0,0.3333333333333333,0.0,1.0,0.0,0.7806256,0.0,0.0,0.0,0.4,medium,0,42.08731130819564
0.0,0.0,0.0,0.0,0.0,0.0,0.0,0.0,0.0,0.0,1.0,0.3333333333333333,1.0,0.0,0.0,0.16885933333333333,0.0,0.0,0.0,0.7,normal,0,35.04313756759231
0.0,0.0,0.0,0.0,0.0,0.0,0.0,0.0,0.0,0.0,1.0,0.3333333333333333,0.0,0.0,0.0,0.13814853333333332,0.0,0.0,0.0,0.5,normal,0,19.062736945670217
1.0,1.0,0.0,0.0,0.0,0.0,0.0,0.0,0.0,0.0,1.0,0.0,0.0,0.0,0.0,0.0,0.6666666666666666,0.9,0.0,0.4,compromised,1,76.83598252819012
0.0,0.0,0.0,0.0,0.0,0.0,0.0,0.0,0.0,0.0,1.0,0.0,0.0,0.0,0.0,0.0,0.0,0.0,0.0,0.5,normal,0,16.85157256809584
1.0,0.0,0.0,0.0,0.0,0.0,0.0,0.0,0.0,0.0,0.0,0.0,0.0,0.0,0.0,0.0,0.3333333333333333,0.0,0.0,0.3,compromised,1,48.634982070147565
0.0,0.0,0.0,0.0,0.0,0.0,0.0,0.0,0.0,0.0,0.0,0.0,0.0,0.0,0.0,0.0,0.0,0.0,0.0,0.5,normal,0,0.07824664074507703
0.0,0.0,0.0,0.0,0.0,0.0,0.0,0.0,0.0,0.0,0.0,0.3333333333333333,1.0,0.0,0.0,0.17491053333333334,0.0,0.0,0.0,0.7,normal,0,23.14464478212176
0.0,0.0,0.0,0.0,0.0,0.0,0.0,0.0,0.0,0.0,0.0,0.3333333333333333,1.0,0.0,0.0,0.19622186666666666,0.0,0.0,0.0,0.6,normal,0,26.884311641265192
1.0,0.0,0.0,0.0,0.0,0.0,0.0,0.0,0.0,0.0,0.0,0.0,0.0,0.0,0.0,0.0,0.3333333333333333,0.0,0.0,0.3,compromised,1,48.05452580291609
0.0,0.0,0.0,0.0,0.0,0.0,0.0,0.0,0.0,0.0,0.0,0.3333333333333333,0.0,0.0,0.0,0.057511466666666664,0.0,0.0,0.0,0.6,normal,0,3.5695023641885797
1.0,0.0,0.0,0.0,0.0,0.0,0.0,0.0,0.0,0.0,0.0,0.0,0.0,0.0,0.0,0.0,0.3333333333333333,0.0,0.0,0.3,compromised,1,50.72499384558569
0.0,0.0,0.0,0.0,0.0,0.0,0.0,0.0,0.3333333333333333,1.0,0.0,0.3333333333333333,0.0,1.0,0.0,0.5313217333333333,0.0,0.0,0.0,0.4,medium,0,45.33917707126172
0.0,0.0,0.0,0.0,0.0,0.0,0.0,0.0,0.0,0.0,0.0,0.3333333333333333,0.0,0.0,0.0,0.026335333333333336,0.0,0.0,0.0,0.6,normal,0,13.244448805521499
0.0,0.0,0.0,0.0,0.0,0.0,0.0,0.0,0.0,0.0,0.0,0.0,0.0,0.0,0.0,0.0,0.0,0.0,0.0,0.4,normal,0,1.7092808054942985
0.0,0.0,0.0,0.0,0.0,0.0,0.0,0.0,0.0,0.0,0.0,0.0,0.0,0.0,0.0,0.0,0.0,0.0,0.0,0.4,normal,0,1.83861769291779
0.0,0.0,0.0,1.0,0.0,0.0,0.0,0.0,0.0,0.0,0.0,0.3333333333333333,0.0,0.0,0.0,0.137532,0.3333333333333333,0.0,0.0,0.5,innocent_security_change,0,32.65077474292111
0.0,0.0,0.0,0.0,0.0,0.0,0.0,0.0,0.0,0.0,1.0,0.0,0.0,0.0,0.0,0.0,0.0,0.0,0.0,0.5,normal,0,8.862726700001815
0.0,0.0,0.0,0.0,0.0,0.0,0.0,0.0,0.0,0.0,0.0,0.3333333333333333,1.0,0.0,0.0,0.18472453333333333,0.0,0.0,0.0,0.7,normal,0,23.739891991904763
0.0,0.0,0.0,0.0,0.0,0.0,0.0,0.0,0.0,0.0,0.0,0.3333333333333333,0.0,0.0,0.0,0.3871978383546597,0.0,0.0,1.0,0.6,normal,0,22.710474404025675
0.0,0.0,0.0,0.0,0.0,0.0,0.0,0.0,0.0,0.0,0.0,0.3333333333333333,0.0,0.0,0.0,0.1521344,0.0,0.0,0.0,0.7,normal,0,13.632881153447236
0.0,0.0,0.0,0.0,0.0,0.0,0.0,0.0,0.3333333333333333,1.0,0.0,0.3333333333333333,0.0,1.0,0.0,1.0,0.0,0.0,0.0,0.7,medium,0,47.50808537536001
0.0,0.0,0.0,0.0,0.0,0.0,0.0,0.0,0.0,0.0,0.0,0.3333333333333333,0.0,0.0,0.0,0.08659733333333333,0.0,0.0,0.0,0.5,normal,0,10.463772029192803
0.0,0.0,0.0,0.0,0.0,0.0,0.0,0.0,0.0,0.0,0.0,0.3333333333333333,0.0,0.0,0.0,0.025974266666666666,0.0,0.0,0.0,0.5,normal,0,3.3630757411328522
0.0,0.0,0.0,0.0,0.0,0.0,0.0,0.0,0.0,0.0,0.0,0.3333333333333333,0.0,0.0,0.0,0.04164586666666667,0.0,0.0,0.0,0.5,normal,0,8.144142371138141
0.0,0.0,0.0,0.0,0.0,0.0,0.0,0.0,0.0,0.0,0.0,0.0,0.0,0.0,0.0,0.0,0.0,0.0,0.0,0.4,normal,0,4.000955992093965
0.0,0.0,0.0,0.0,0.0,0.0,0.0,0.0,0.0,0.0,0.0,0.0,0.0,0.0,0.0,0.0,0.0,0.0,0.0,0.4,normal,0,0.4114491250710972
0.0,0.0,0.0,0.0,0.0,0.0,0.0,0.0,0.0,0.0,0.0,0.3333333333333333,0.0,0.0,0.0,0.14729253333333334,0.0,0.0,0.0,0.7,normal,0,12.59565637010143
0.0,0.0,0.0,0.0,0.0,0.0,0.0,0.0,0.0,0.0,1.0,0.0,0.0,0.0,0.0,0.0,0.0,0.0,0.0,0.5,normal,0,14.65426220124711
1.0,1.0,1.0,0.0,1.0,0.0,1.0,0.0,0.0,0.0,0.0,1.0,1.0,1.0,1.0,1.0,1.6666666666666667,0.8611111111111112,0.0,1.0,compromised,1,96.91781969859873
0.0,0.0,0.0,0.0,0.0,0.0,0.0,0.0,0.0,0.0,0.0,0.3333333333333333,0.0,0.0,0.0,0.011860266666666666,0.0,0.0,0.0,0.6,normal,0,10.480776293890985
0.0,0.0,0.0,0.0,0.0,0.0,0.0,0.0,0.3333333333333333,1.0,1.0,0.3333333333333333,0.0,1.0,0.0,0.6030577333333333,0.0,0.0,0.0,0.7,medium,0,48.939587029556414
0.0,0.0,0.0,0.0,0.0,0.0,0.0,0.0,0.0,0.0,0.0,0.3333333333333333,0.0,0.0,0.0,0.11691933333333335,0.0,0.0,0.0,0.6,normal,0,10.902124066555587
0.0,0.0,0.0,0.0,0.0,0.0,0.0,0.0,0.3333333333333333,1.0,1.0,0.3333333333333333,0.0,1.0,0.0,0.6734301333333333,0.0,0.0,0.0,0.8,medium,0,53.716406283407544
0.0,0.0,0.0,0.0,0.0,0.0,0.0,0.0,0.0,0.0,1.0,0.3333333333333333,1.0,0.0,0.0,0.19652413333333332,0.0,0.0,0.0,0.7,normal,0,33.00057157139891
0.0,0.0,0.0,0.0,0.0,0.0,0.0,0.0,0.3333333333333333,1.0,0.0,0.3333333333333333,0.0,1.0,0.0,1.0,0.0,0.0,0.0,0.6,medium,0,46.942425968607395
0.0,0.0,0.0,0.0,0.0,0.0,0.0,0.0,0.0,0.0,0.0,0.3333333333333333,0.0,0.0,0.0,0.43813025193954597,0.0,0.0,1.0,0.6,normal,0,23.368941676867298
0.0,0.0,0.0,0.0,0.0,0.0,0.0,0.0,0.0,0.0,0.0,0.3333333333333333,0.0,0.0,0.0,0.0985584,0.0,0.0,0.0,0.7,normal,0,13.611895597499347
0.0,0.0,0.0,0.0,0.0,0.0,0.0,0.0,0.3333333333333333,1.0,0.0,0.3333333333333333,0.0,1.0,0.0,1.0,0.0,0.0,0.0,0.7,medium,0,43.65774891189352
0.0,0.0,0.0,0.0,0.0,0.0,0.0,0.0,0.0,0.0,0.0,0.3333333333333333,0.0,0.0,0.0,0.17331733333333332,0.0,0.0,1.0,0.6,normal,0,22.674795862294545
1.0,0.0,0.0,0.0,0.0,0.0,0.0,0.0,0.3333333333333333,1.0,1.0,0.3333333333333333,0.0,1.0,0.0,0.7090429333333333,0.3333333333333333,0.0,0.0,0.8,medium,0,75.75445479377132
0.0,0.0,0.0,0.0,0.0,0.0,0.0,0.0,0.0,0.0,0.0,0.0,0.0,0.0,0.0,0.0,0.0,0.0,0.0,0.4,normal,0,3.930909043808372
0.0,0.0,0.0,0.0,0.0,0.0,0.0,0.0,0.3333333333333333,1.0,1.0,0.3333333333333333,0.0,1.0,0.0,1.0,0.0,0.0,0.0,0.7,medium,0,57.06909381555018
1.0,0.0,0.0,0.0,0.0,0.0,0.0,0.0,0.3333333333333333,1.0,0.0,0.3333333333333333,0.0,1.0,0.0,0.43976319999999997,0.3333333333333333,0.0,0.0,0.5,medium,0,68.82672667511086
1.0,0.0,0.0,0.0,0.0,0.0,0.0,0.0,0.3333333333333333,1.0,0.0,0.3333333333333333,0.0,1.0,0.0,0.6149610666666667,0.3333333333333333,0.0,0.0,0.7,medium,0,71.57093687657512
0.0,0.0,0.0,0.0,0.0,0.0,0.0,0.0,0.0,0.0,0.0,0.3333333333333333,0.0,0.0,0.0,0.07103333333333334,0.0,0.0,0.0,0.7,normal,0,10.750271748035708
0.0,0.0,0.0,1.0,0.0,0.0,0.0,0.0,0.0,0.0,0.0,0.3333333333333333,0.0,0.0,0.0,0.0225748,0.3333333333333333,0.0,0.0,0.7,innocent_security_change,0,27.653672238234744
0.0,0.0,0.0,0.0,0.0,0.0,0.0,0.0,0.0,0.0,0.0,0.0,0.0,0.0,0.0,0.0,0.0,0.0,0.0,0.4,normal,0,7.204525650299817
0.0,0.0,0.0,0.0,0.0,0.0,0.0,0.0,0.3333333333333333,1.0,0.0,0.3333333333333333,0.0,1.0,0.0,1.0,0.0,0.0,0.0,0.6,medium,0,46.26682390795025
1.0,0.0,0.0,0.0,0.0,0.0,0.0,0.0,0.0,0.0,1.0,0.0,0.0,0.0,0.0,0.0,0.3333333333333333,0.0,0.0,0.3,compromised,1,55.440080708374865
0.0,1.0,0.0,0.0,0.0,0.0,0.0,0.0,0.0,0.0,1.0,0.3333333333333333,0.0,0.0,0.0,0.07979853333333334,0.3333333333333333,0.0,0.0,0.7,innocent_security_change,0,45.40155043427554
0.0,0.0,0.0,0.0,0.0,0.0,0.0,0.0,0.0,0.0,0.0,0.3333333333333333,0.0,0.0,0.0,0.008792266666666666,0.0,0.0,0.0,0.6,normal,0,7.009095557808859
0.0,0.0,0.0,0.0,0.0,0.0,0.0,0.0,0.0,0.0,1.0,0.3333333333333333,0.0,0.0,0.0,0.0,0.0,0.0,0.0,0.6,normal,0,18.222118547610222
0.0,0.0,0.0,0.0,0.0,1.0,0.0,0.0,0.0,0.0,0.0,0.0,0.0,0.0,0.0,0.0,0.3333333333333333,0.0,0.0,0.6,innocent_security_change,0,25.21525900755289
1.0,0.0,0.0,0.0,0.0,0.0,0.0,0.0,0.3333333333333333,1.0,0.0,0.3333333333333333,0.0,1.0,0.0,0.6679529333333334,0.3333333333333333,0.0,0.0,0.8,medium,0,72.90872798029093
0.0,0.0,0.0,0.0,0.0,0.0,0.0,0.0,0.0,0.0,0.0,0.0,0.0,0.0,0.0,0.0,0.0,0.0,0.0,0.5,normal,0,3.3375749562776846
0.0,0.0,0.0,0.0,0.0,0.0,0.0,0.0,0.3333333333333333,1.0,0.0,0.3333333333333333,0.0,1.0,0.0,1.0,0.0,0.0,0.0,0.7,medium,0,47.45927182721629
1.0,1.0,1.0,0.0,1.0,0.0,1.0,0.0,0.0,0.0,0.0,1.0,1.0,1.0,1.0,1.0,1.6666666666666667,0.8666666666666667,0.0,1.0,compromised,1,93.99161128679836
1.0,1.0,1.0,0.0,1.0,0.0,1.0,0.0,0.0,0.0,0.0,1.0,1.0,1.0,1.0,1.0,1.6666666666666667,0.8333333333333334,0.0,1.0,compromised,1,98.56011653932897
0.0,0.0,0.0,0.0,0.0,0.0,0.0,0.0,0.0,0.0,0.0,0.3333333333333333,0.0,0.0,0.0,0.1312964,0.0,0.0,0.0,0.7,normal,0,16.63158364211251
1.0,0.0,0.0,0.0,0.0,0.0,0.0,0.0,0.3333333333333333,1.0,0.0,0.3333333333333333,0.0,1.0,0.0,1.0,0.3333333333333333,0.0,0.0,0.7,medium,0,74.84236560743584
0.0,0.0,0.0,0.0,0.0,0.0,0.0,0.0,0.0,0.0,0.0,0.3333333333333333,0.0,0.0,0.0,0.13720573333333333,0.0,0.0,0.0,0.6,normal,0,12.242808633874684
0.0,0.0,0.0,0.0,0.0,0.0,0.0,0.0,0.3333333333333333,1.0,1.0,0.3333333333333333,0.0,1.0,0.0,1.0,0.0,0.0,0.0,0.6,medium,0,55.47257302681361
0.0,0.0,0.0,0.0,0.0,0.0,0.0,0.0,0.0,0.0,0.0,0.0,0.0,0.0,0.0,0.0,0.0,0.0,0.0,0.4,normal,0,0.0
0.0,0.0,0.0,0.0,0.0,0.0,0.0,0.0,0.0,0.0,1.0,0.0,0.0,0.0,0.0,0.0,0.0,0.0,0.0,0.5,normal,0,17.79336759456438
0.0,0.0,0.0,0.0,0.0,0.0,0.0,0.0,0.0,0.0,1.0,0.3333333333333333,0.0,0.0,0.0,0.04466426666666667,0.0,0.0,0.0,0.7,normal,0,20.821926221132454
0.0,0.0,0.0,0.0,0.0,0.0,0.0,0.0,0.0,0.0,1.0,0.3333333333333333,0.0,0.0,0.0,0.18523133333333333,0.0,0.0,1.0,0.7,normal,0,32.79276254633722
0.0,1.0,0.0,0.0,0.0,0.0,0.0,0.0,0.0,0.0,0.0,0.3333333333333333,0.0,0.0,0.0,0.05512226666666667,0.3333333333333333,0.0,0.0,0.6,innocent_security_change,0,36.03464335772577
0.0,0.0,0.0,0.0,0.0,1.0,0.0,0.0,0.0,0.0,1.0,0.3333333333333333,0.0,0.0,0.0,0.19447399999999998,0.3333333333333333,0.0,1.0,0.6,innocent_security_change,0,47.92998324324865
0.0,1.0,0.0,0.0,0.0,0.0,0.0,0.0,0.0,0.0,1.0,0.0,0.0,0.0,0.0,0.0,0.3333333333333333,0.0,0.0,0.5,innocent_security_change,0,41.833715525307646
0.0,0.0,0.0,0.0,0.0,1.0,0.0,0.0,0.0,0.0,0.0,0.0,0.0,0.0,0.0,0.0,0.3333333333333333,0.0,0.0,0.4,innocent_security_change,0,24.69687029029092
0.0,0.0,0.0,0.0,0.0,0.0,0.0,0.0,0.3333333333333333,1.0,0.0,0.3333333333333333,0.0,1.0,0.0,1.0,0.0,0.0,0.0,0.6,medium,0,48.9938152784001
0.0,0.0,0.0,0.0,0.0,0.0,0.0,0.0,0.3333333333333333,1.0,0.0,0.3333333333333333,0.0,1.0,0.0,0.7510826666666667,0.0,0.0,0.0,0.5,medium,0,45.49482387772283
0.0,0.0,0.0,0.0,0.0,0.0,0.0,0.0,0.0,0.0,0.0,0.0,0.0,0.0,0.0,0.0,0.0,0.0,0.0,0.3,normal,0,5.159517837947833
0.0,0.0,0.0,0.0,0.0,0.0,0.0,0.0,0.0,0.0,1.0,0.3333333333333333,0.0,0.0,0.0,0.12751487158798905,0.0,0.0,0.0,0.7,normal,0,21.62151136496867
0.0,0.0,0.0,0.0,0.0,0.0,0.0,0.0,0.0,0.0,0.0,0.3333333333333333,0.0,0.0,0.0,0.06697986666666667,0.0,0.0,0.0,0.6,normal,0,5.855187321501226
0.0,0.0,0.0,0.0,0.0,0.0,0.0,0.0,0.0,0.0,0.0,0.0,0.0,0.0,0.0,0.0,0.0,0.0,0.0,0.3,normal,0,0.0
0.0,0.0,0.0,0.0,0.0,0.0,0.0,0.0,0.3333333333333333,1.0,1.0,0.3333333333333333,0.0,1.0,0.0,0.5956521333333333,0.0,0.0,1.0,0.8,medium,0,55.384155683783646
0.0,0.0,0.0,0.0,0.0,0.0,0.0,0.0,0.0,0.0,1.0,0.3333333333333333,1.0,0.0,0.0,0.8456423297506969,0.0,0.0,0.0,0.6,normal,0,39.00734610623991
0.0,0.0,0.0,0.0,0.0,0.0,0.0,0.0,0.0,0.0,0.0,0.3333333333333333,0.0,0.0,0.0,0.16963746666666665,0.0,0.0,1.0,0.7,normal,0,20.174322384906592
0.0,0.0,0.0,0.0,0.0,0.0,0.0,0.0,0.0,0.0,0.0,0.0,0.0,0.0,0.0,0.0,0.0,0.0,0.0,0.5,normal,0,6.618469078011714
0.0,0.0,0.0,0.0,0.0,0.0,0.0,0.0,0.0,0.0,0.0,0.3333333333333333,0.0,0.0,0.0,0.034887600000000005,0.0,0.0,0.0,0.6,normal,0,5.477624026631593
1.0,1.0,1.0,0.0,1.0,0.0,1.0,0.0,0.0,0.0,1.0,1.0,1.0,1.0,1.0,1.0,1.6666666666666667,0.8666666666666667,0.0,1.0,compromised,1,98.36642505225207
1.0,0.0,0.0,0.0,0.0,0.0,0.0,0.0,0.0,0.0,0.0,0.0,0.0,0.0,0.0,0.0,0.3333333333333333,0.0,0.0,0.3,compromised,1,47.30794292814031
0.0,0.0,0.0,0.0,0.0,0.0,0.0,0.0,0.0,0.0,0.0,0.0,0.0,0.0,0.0,0.0,0.0,0.0,1.0,0.4,innocent_security_change,0,13.207237066994672
0.0,0.0,0.0,0.0,0.0,0.0,0.0,0.0,0.3333333333333333,1.0,1.0,0.3333333333333333,0.0,1.0,0.0,0.5610750666666666,0.0,0.0,0.0,0.7,medium,0,50.81225616979315
1.0,1.0,1.0,0.0,1.0,0.0,1.0,0.0,0.0,0.0,0.0,1.0,1.0,1.0,1.0,1.0,1.6666666666666667,0.9111111111111111,0.0,1.0,compromised,1,98.85535868987253
0.0,0.0,0.0,0.0,0.0,0.0,0.0,0.0,0.3333333333333333,1.0,0.0,0.3333333333333333,0.0,1.0,0.0,1.0,0.0,0.0,0.0,0.6,medium,0,46.24904674104282
0.0,0.0,0.0,0.0,0.0,0.0,0.0,0.0,0.3333333333333333,1.0,0.0,0.3333333333333333,0.0,1.0,0.0,0.4973465333333333,0.0,0.0,0.0,0.7,medium,0,48.09630442552881
0.0,0.0,0.0,0.0,0.0,0.0,0.0,0.0,0.0,0.0,0.0,0.0,0.0,0.0,0.0,0.0,0.0,0.0,0.0,0.4,normal,0,5.471495870854924
0.0,0.0,0.0,0.0,0.0,0.0,0.0,0.0,0.3333333333333333,1.0,0.0,0.3333333333333333,0.0,1.0,0.0,0.545916,0.0,0.0,0.0,0.6,medium,0,46.34503609591681
0.0,0.0,0.0,0.0,0.0,0.0,0.0,0.0,0.0,0.0,1.0,0.3333333333333333,0.0,0.0,0.0,0.13484933333333335,0.0,0.0,0.0,0.6,normal,0,20.456712940475317
0.0,0.0,0.0,0.0,0.0,0.0,0.0,0.0,0.0,0.0,1.0,0.3333333333333333,0.0,0.0,0.0,0.47230234756436507,0.0,0.0,1.0,0.5,normal,0,32.076350256399834
0.0,0.0,0.0,0.0,0.0,0.0,0.0,0.0,0.3333333333333333,1.0,0.0,0.3333333333333333,0.0,1.0,0.0,1.0,0.0,0.0,0.0,0.6,medium,0,46.64152272254886
0.0,0.0,0.0,0.0,0.0,0.0,0.0,0.0,0.0,0.0,0.0,0.3333333333333333,0.0,0.0,0.0,0.14548266666666668,0.0,0.0,0.0,0.6,normal,0,13.92480393111277
0.0,0.0,0.0,0.0,0.0,0.0,0.0,0.0,0.0,0.0,1.0,0.3333333333333333,1.0,0.0,0.0,0.6501392923021866,0.0,0.0,0.0,0.5,normal,0,40.11050177901669
0.0,0.0,0.0,0.0,0.0,0.0,0.0,0.0,0.0,0.0,0.0,0.0,0.0,0.0,0.0,0.0,0.0,0.0,0.0,0.5,normal,0,6.24756850347552
0.0,0.0,0.0,0.0,0.0,0.0,0.0,0.0,0.0,0.0,0.0,0.3333333333333333,0.0,0.0,0.0,0.0,0.0,0.0,0.0,0.7,normal,0,8.728209964874367
0.0,0.0,0.0,0.0,0.0,0.0,0.0,0.0,0.0,0.0,1.0,0.3333333333333333,0.0,0.0,0.0,0.016481014336040514,0.0,0.0,0.0,0.7,normal,0,20.89232232557648
0.0,0.0,0.0,0.0,0.0,0.0,0.0,0.0,0.3333333333333333,1.0,1.0,0.3333333333333333,0.0,1.0,0.0,0.7973330666666667,0.0,0.0,0.0,0.5,medium,0,48.776186659827836
0.0,0.0,0.0,0.0,0.0,0.0,0.0,0.0,0.0,0.0,0.0,0.3333333333333333,0.0,0.0,0.0,0.4021259490012154,0.0,0.0,0.0,0.7,normal,0,17.06501707434732
0.0,0.0,0.0,0.0,0.0,0.0,0.0,0.0,0.3333333333333333,1.0,1.0,0.3333333333333333,0.0,1.0,0.0,0.5766744,0.0,0.0,0.0,0.4,medium,0,51.20853233326737
0.0,0.0,0.0,0.0,0.0,0.0,0.0,0.0,0.0,0.0,0.0,0.3333333333333333,0.0,0.0,0.0,0.3667831144600929,0.0,0.0,0.0,0.7,normal,0,10.524677250785619
0.0,0.0,0.0,0.0,0.0,0.0,0.0,0.0,0.0,0.0,0.0,0.3333333333333333,0.0,0.0,0.0,0.0638876,0.0,0.0,0.0,0.6,normal,0,7.828259982890449
0.0,0.0,0.0,0.0,0.0,0.0,0.0,0.0,0.3333333333333333,1.0,1.0,0.3333333333333333,0.0,1.0,0.0,1.0,0.0,0.0,0.0,0.7,medium,0,53.368129264577696
0.0,0.0,0.0,1.0,0.0,0.0,0.0,0.0,0.0,0.0,0.0,0.3333333333333333,0.0,0.0,0.0,0.06349693333333334,0.3333333333333333,0.0,0.0,0.4,innocent_security_change,0,27.735250317411847
0.0,0.0,0.0,0.0,0.0,0.0,0.0,0.0,0.0,0.0,0.0,0.3333333333333333,1.0,0.0,0.0,0.19996986666666666,0.0,0.0,0.0,0.6,normal,0,21.30593615685349
1.0,0.0,0.0,0.0,0.0,0.0,0.0,0.0,0.3333333333333333,1.0,0.0,0.3333333333333333,0.0,1.0,0.0,0.7616226666666667,0.3333333333333333,0.0,0.0,0.5,medium,0,74.49728803827308
0.0,0.0,0.0,0.0,0.0,0.0,0.0,0.0,0.0,0.0,0.0,0.3333333333333333,1.0,0.0,0.0,0.1928782666666667,0.0,0.0,0.0,0.5,normal,0,24.327311779890785
1.0,0.0,0.0,0.0,0.0,0.0,0.0,0.0,0.3333333333333333,1.0,0.0,0.3333333333333333,0.0,1.0,0.0,0.6801434666666667,0.3333333333333333,0.0,0.0,0.6,medium,0,72.91766616598734
0.0,0.0,0.0,0.0,0.0,0.0,0.0,0.0,0.0,0.0,0.0,0.3333333333333333,0.0,0.0,0.0,0.10055746666666668,0.0,0.0,0.0,0.7,normal,0,9.961527474083613
0.0,0.0,0.0,0.0,0.0,0.0,0.0,0.0,0.3333333333333333,1.0,0.0,0.3333333333333333,0.0,1.0,0.0,0.5387094666666666,0.0,0.0,0.0,0.8,medium,0,48.24682952814641
0.0,0.0,0.0,0.0,0.0,0.0,0.0,0.0,0.0,0.0,0.0,0.3333333333333333,0.0,0.0,0.0,0.13070093333333332,0.0,0.0,0.0,0.5,normal,0,15.089280543085023
0.0,0.0,0.0,0.0,0.0,0.0,0.0,0.0,0.0,0.0,0.0,0.3333333333333333,0.0,0.0,0.0,0.0,0.0,0.0,0.0,0.6,normal,0,8.690411786246651
0.0,0.0,0.0,0.0,0.0,0.0,0.0,0.0,0.0,0.0,0.0,0.0,0.0,0.0,0.0,0.0,0.0,0.0,0.0,0.4,normal,0,1.3367669178207442
1.0,1.0,1.0,0.0,1.0,0.0,1.0,0.0,0.0,0.0,1.0,1.0,1.0,1.0,1.0,1.0,1.6666666666666667,0.8555555555555556,0.0,1.0,compromised,1,99.22902340551428
0.0,0.0,0.0,0.0,0.0,0.0,0.0,0.0,0.0,0.0,0.0,0.3333333333333333,0.0,0.0,0.0,0.0,0.0,0.0,0.0,0.5,normal,0,8.34657572592006
0.0,0.0,0.0,0.0,0.0,0.0,0.0,0.0,0.0,0.0,0.0,0.0,0.0,0.0,0.0,0.0,0.0,0.0,0.0,0.5,normal,0,3.22254910186947
1.0,0.0,0.0,0.0,0.0,0.0,0.0,0.0,0.0,0.0,1.0,0.0,0.0,0.0,0.0,0.0,0.3333333333333333,0.0,0.0,0.3,compromised,1,58.67808053640371
0.0,0.0,0.0,0.0,0.0,0.0,0.0,0.0,0.0,0.0,0.0,0.0,0.0,0.0,0.0,0.0,0.0,0.0,0.0,0.5,normal,0,0.0
0.0,0.0,0.0,0.0,0.0,0.0,0.0,0.0,0.0,0.0,0.0,0.3333333333333333,0.0,0.0,0.0,0.3144279279635306,0.0,0.0,0.0,0.6,normal,0,17.22301256739829
0.0,0.0,0.0,0.0,0.0,0.0,0.0,0.0,0.0,0.0,1.0,0.0,0.0,0.0,0.0,0.0,0.0,0.0,0.0,0.5,normal,0,13.718782260063719
0.0,0.0,0.0,0.0,0.0,0.0,0.0,0.0,0.0,0.0,1.0,0.3333333333333333,1.0,0.0,0.0,0.19747106666666667,0.0,0.0,0.0,0.6,normal,0,31.096846469359278
0.0,0.0,0.0,0.0,0.0,0.0,0.0,0.0,0.0,0.0,0.0,0.3333333333333333,1.0,0.0,0.0,0.1786228,0.0,0.0,0.0,0.6,normal,0,23.87121934236447
0.0,0.0,0.0,0.0,0.0,0.0,0.0,0.0,0.0,0.0,1.0,0.3333333333333333,0.0,0.0,0.0,0.0,0.0,0.0,0.0,0.7,normal,0,19.702816358550066
0.0,0.0,0.0,0.0,0.0,0.0,0.0,0.0,0.3333333333333333,1.0,1.0,0.3333333333333333,0.0,1.0,0.0,1.0,0.0,0.0,0.0,0.5,medium,0,49.07510573281453
1.0,1.0,1.0,0.0,1.0,0.0,1.0,0.0,0.0,0.0,1.0,1.0,1.0,1.0,1.0,1.0,1.6666666666666667,0.9333333333333333,0.0,1.0,compromised,1,100.0
0.0,0.0,0.0,0.0,0.0,0.0,0.0,0.0,0.0,0.0,0.0,0.3333333333333333,0.0,0.0,0.0,0.14855306666666665,0.0,0.0,0.0,0.5,normal,0,11.285008717552161
0.0,0.0,0.0,0.0,0.0,0.0,0.0,0.0,0.0,0.0,0.0,0.3333333333333333,0.0,0.0,0.0,0.14287573333333334,0.0,0.0,0.0,0.6,normal,0,12.85996384122926
0.0,0.0,0.0,0.0,0.0,0.0,0.0,0.0,0.0,0.0,0.0,0.0,0.0,0.0,0.0,0.0,0.0,0.0,0.0,0.4,normal,0,5.246058637142903
0.0,0.0,0.0,0.0,0.0,0.0,0.0,0.0,0.3333333333333333,1.0,0.0,0.3333333333333333,0.0,1.0,0.0,1.0,0.0,0.0,0.0,0.4,medium,0,45.09994573318727
0.0,0.0,0.0,0.0,0.0,0.0,0.0,0.0,0.3333333333333333,1.0,0.0,0.3333333333333333,0.0,1.0,0.0,0.7962278666666667,0.0,0.0,0.0,0.7,medium,0,48.42549824379312
1.0,1.0,1.0,0.0,1.0,0.0,1.0,0.0,0.0,0.0,0.0,1.0,1.0,1.0,1.0,1.0,1.6666666666666667,0.8722222222222222,0.0,1.0,compromised,1,97.11227288713704
0.0,0.0,0.0,0.0,0.0,1.0,0.0,0.0,0.0,0.0,0.0,0.3333333333333333,1.0,0.0,0.0,0.5512583655858022,0.3333333333333333,0.0,0.0,1.0,innocent_security_change,0,46.97911979863716
0.0,0.0,0.0,0.0,0.0,0.0,0.0,0.0,0.0,0.0,0.0,0.3333333333333333,0.0,0.0,0.0,0.12858506666666666,0.0,0.0,0.0,0.7,normal,0,6.891566846786326
0.0,0.0,0.0,0.0,0.0,0.0,0.0,0.0,0.3333333333333333,1.0,1.0,0.3333333333333333,0.0,1.0,0.0,0.7064925333333334,0.0,0.0,0.0,0.6,medium,0,51.47536884319655
0.0,0.0,0.0,0.0,0.0,0.0,0.0,0.0,0.0,0.0,0.0,0.3333333333333333,0.0,0.0,0.0,0.15331333333333333,0.0,0.0,0.0,0.6,normal,0,10.379282321910916
0.0,0.0,0.0,0.0,0.0,0.0,0.0,0.0,0.0,0.0,0.0,0.3333333333333333,0.0,0.0,0.0,0.0,0.0,0.0,0.0,0.6,normal,0,10.979972872448382
0.0,0.0,0.0,0.0,0.0,0.0,0.0,0.0,0.3333333333333333,1.0,0.0,0.3333333333333333,0.0,1.0,0.0,0.5239402666666666,0.0,0.0,0.0,0.8,medium,0,46.68323580849412
0.0,0.0,0.0,0.0,0.0,0.0,0.0,0.0,0.0,0.0,0.0,0.3333333333333333,0.0,0.0,0.0,0.17907413333333333,0.0,0.0,1.0,0.7,normal,0,18.656028864652658
1.0,0.0,0.0,0.0,0.0,0.0,0.0,0.0,0.3333333333333333,1.0,1.0,0.3333333333333333,0.0,1.0,0.0,0.4950384,0.3333333333333333,0.0,0.0,0.9,medium,0,74.24961529961274
0.0,0.0,0.0,0.0,0.0,0.0,0.0,0.0,0.0,0.0,0.0,0.3333333333333333,0.0,0.0,0.0,0.0,0.0,0.0,0.0,0.6,normal,0,9.62265207446967
0.0,0.0,0.0,0.0,0.0,0.0,0.0,0.0,0.0,0.0,0.0,0.0,0.0,0.0,0.0,0.0,0.0,0.0,0.0,0.5,normal,0,1.3294365352395348
1.0,1.0,1.0,0.0,1.0,0.0,1.0,0.0,0.0,0.0,1.0,1.0,1.0,1.0,1.0,1.0,1.6666666666666667,0.9055555555555556,0.0,1.0,compromised,1,100.0
1.0,0.0,0.0,0.0,0.0,0.0,0.0,0.0,0.3333333333333333,1.0,0.0,0.3333333333333333,0.0,1.0,0.0,1.0,0.3333333333333333,0.0,0.0,0.7,medium,0,73.87334352935862
0.0,0.0,0.0,0.0,0.0,0.0,0.0,0.0,0.0,0.0,0.0,0.0,0.0,0.0,0.0,0.0,0.0,0.0,0.0,0.4,normal,0,0.0
1.0,0.0,0.0,0.0,0.0,0.0,0.0,0.0,0.0,0.0,1.0,0.0,0.0,0.0,0.0,0.0,0.3333333333333333,0.0,0.0,0.3,compromised,1,55.89189251553751
0.0,0.0,0.0,0.0,0.0,0.0,0.0,0.0,0.0,0.0,0.0,0.0,0.0,0.0,0.0,0.0,0.0,0.0,0.0,0.4,normal,0,0.2708246585978653
1.0,0.0,0.0,0.0,0.0,0.0,0.0,0.0,0.0,0.0,1.0,0.0,0.0,0.0,0.0,0.0,0.3333333333333333,0.0,0.0,0.3,compromised,1,52.75075811843966
0.0,0.0,0.0,0.0,0.0,0.0,0.0,0.0,0.0,0.0,0.0,0.0,0.0,0.0,0.0,0.0,0.0,0.0,0.0,0.6,normal,0,1.1762330036773165
0.0,0.0,0.0,0.0,0.0,0.0,0.0,0.0,0.3333333333333333,1.0,1.0,0.3333333333333333,0.0,1.0,0.0,1.0,0.0,0.0,0.0,0.8,medium,0,54.6822790034695
0.0,0.0,0.0,0.0,0.0,0.0,0.0,0.0,0.0,0.0,0.0,0.3333333333333333,0.0,0.0,0.0,0.09629533333333333,0.0,0.0,0.0,0.6,normal,0,14.474124201504102
1.0,1.0,0.0,0.0,0.0,0.0,0.0,0.0,0.0,0.0,1.0,0.0,0.0,0.0,0.0,0.0,0.6666666666666666,0.9,0.0,0.4,compromised,1,77.85303418470049
1.0,1.0,0.0,0.0,0.0,0.0,0.0,0.0,0.0,0.0,0.0,0.0,0.0,0.0,0.0,0.0,0.6666666666666666,0.7,0.0,0.4,compromised,1,71.37881124827614
0.0,0.0,0.0,0.0,0.0,0.0,0.0,0.0,0.0,0.0,0.0,0.3333333333333333,0.0,0.0,0.0,0.06925146666666666,0.0,0.0,0.0,0.6,normal,0,11.942099142683738
0.0,0.0,0.0,0.0,0.0,0.0,0.0,0.0,0.0,0.0,0.0,0.0,0.0,0.0,0.0,0.0,0.0,0.0,0.0,0.6,normal,0,3.1220738236862684
0.0,1.0,0.0,0.0,0.0,0.0,0.0,0.0,0.0,0.0,0.0,0.3333333333333333,0.0,0.0,0.0,0.041788266666666664,0.3333333333333333,0.0,0.0,0.7,innocent_security_change,0,36.46121162891255
0.0,0.0,0.0,0.0,0.0,0.0,0.0,0.0,0.0,0.0,1.0,0.0,0.0,0.0,0.0,0.0,0.0,0.0,0.0,0.5,normal,0,10.651174278657905
0.0,0.0,0.0,0.0,0.0,0.0,0.0,0.0,0.0,0.0,0.0,0.0,0.0,0.0,0.0,0.0,0.0,0.0,0.0,0.5,normal,0,0.0
0.0,0.0,0.0,0.0,0.0,0.0,0.0,0.0,0.0,0.0,0.0,0.3333333333333333,0.0,0.0,0.0,0.11036346666666667,0.0,0.0,0.0,0.7,normal,0,11.001836649007334
0.0,0.0,0.0,0.0,0.0,0.0,0.0,0.0,0.0,0.0,0.0,0.3333333333333333,0.0,0.0,0.0,0.0,0.0,0.0,0.0,0.4,normal,0,8.974316116656862
0.0,0.0,0.0,0.0,0.0,0.0,0.0,0.0,0.0,0.0,1.0,0.0,0.0,0.0,0.0,0.0,0.0,0.0,0.0,0.6,normal,0,13.922061914274138
1.0,1.0,1.0,0.0,1.0,0.0,1.0,0.0,0.0,0.0,0.0,1.0,1.0,1.0,1.0,1.0,1.6666666666666667,0.8722222222222222,0.0,1.0,compromised,1,96.74145829451562
0.0,1.0,0.0,0.0,0.0,0.0,0.0,0.0,0.0,0.0,0.0,0.3333333333333333,0.0,0.0,0.0,0.046283066666666664,0.3333333333333333,0.0,0.0,0.6,innocent_security_change,0,35.422925098436544
0.0,0.0,0.0,0.0,0.0,0.0,0.0,0.0,0.3333333333333333,1.0,0.0,0.3333333333333333,0.0,1.0,0.0,1.0,0.0,0.0,0.0,0.4,medium,0,49.17346735630044
0.0,0.0,0.0,0.0,0.0,0.0,0.0,0.0,0.0,0.0,0.0,0.0,0.0,0.0,0.0,0.0,0.0,0.0,0.0,0.4,normal,0,0.0
0.0,0.0,0.0,1.0,0.0,0.0,0.0,0.0,0.0,0.0,1.0,0.3333333333333333,0.0,0.0,0.0,0.30603664066068414,0.3333333333333333,0.0,0.0,0.6,innocent_security_change,0,40.93488873345162
0.0,0.0,0.0,0.0,0.0,0.0,0.0,0.0,0.0,0.0,0.0,0.0,0.0,0.0,0.0,0.0,0.0,0.0,0.0,0.5,normal,0,1.0654995562107432
1.0,0.0,0.0,0.0,0.0,0.0,0.0,0.0,0.0,0.0,1.0,0.0,0.0,0.0,0.0,0.0,0.3333333333333333,0.0,0.0,0.3,compromised,1,54.94785956370944
0.0,0.0,0.0,0.0,0.0,0.0,0.0,0.0,0.0,0.0,0.0,0.3333333333333333,0.0,0.0,0.0,0.14481506666666666,0.0,0.0,0.0,0.6,normal,0,8.110385322260068
0.0,0.0,0.0,0.0,0.0,0.0,0.0,0.0,0.0,0.0,0.0,0.3333333333333333,0.0,0.0,0.0,0.14795933333333333,0.0,0.0,0.0,0.5,normal,0,9.92051848192732
0.0,0.0,0.0,0.0,0.0,0.0,0.0,0.0,0.0,0.0,0.0,0.3333333333333333,0.0,0.0,0.0,0.12183093333333334,0.0,0.0,0.0,0.6,normal,0,13.920194615215403
0.0,0.0,0.0,0.0,0.0,0.0,0.0,0.0,0.0,0.0,1.0,0.3333333333333333,0.0,0.0,0.0,0.008365466666666667,0.0,0.0,0.0,0.7,normal,0,21.183344776384153
0.0,0.0,0.0,0.0,0.0,0.0,0.0,0.0,0.0,0.0,0.0,0.0,0.0,0.0,0.0,0.0,0.0,0.0,0.0,0.5,normal,0,6.017097383597643
0.0,0.0,0.0,0.0,0.0,0.0,0.0,0.0,0.0,0.0,0.0,0.3333333333333333,0.0,0.0,0.0,0.14481626666666667,0.0,0.0,0.0,0.6,normal,0,13.082720062495598
1.0,1.0,1.0,0.0,1.0,0.0,1.0,0.0,0.0,0.0,1.0,1.0,1.0,1.0,1.0,1.0,1.6666666666666667,0.8611111111111112,0.0,1.0,compromised,1,95.24505776161234
1.0,0.0,0.0,0.0,0.0,0.0,0.0,0.0,0.0,0.0,1.0,0.0,0.0,0.0,0.0,0.0,0.3333333333333333,0.0,0.0,0.3,compromised,1,56.001974596273136
1.0,1.0,1.0,0.0,1.0,0.0,0.0,0.0,0.0,0.0,1.0,0.0,0.0,0.0,0.0,0.0,1.3333333333333333,0.9,0.0,0.7,compromised,1,90.78244075237193
0.0,0.0,0.0,0.0,0.0,0.0,0.0,0.0,0.0,0.0,0.0,0.3333333333333333,0.0,0.0,0.0,0.18317906666666667,0.0,0.0,1.0,0.5,normal,0,22.63381331015114
1.0,0.0,0.0,0.0,0.0,0.0,0.0,0.0,0.3333333333333333,1.0,1.0,0.3333333333333333,0.0,1.0,0.0,0.6521858666666667,0.3333333333333333,0.0,0.0,0.5,medium,0,72.88820474707721
0.0,0.0,0.0,0.0,0.0,0.0,0.0,0.0,0.3333333333333333,1.0,0.0,0.3333333333333333,0.0,1.0,0.0,0.5827550666666667,0.0,0.0,0.0,0.7,medium,0,47.81219169837038
1.0,1.0,1.0,0.0,1.0,0.0,1.0,0.0,0.0,0.0,0.0,1.0,1.0,1.0,1.0,1.0,1.6666666666666667,0.8555555555555556,0.0,1.1,compromised,1,100.0
0.0,0.0,0.0,0.0,0.0,0.0,0.0,0.0,0.0,0.0,1.0,0.0,0.0,0.0,0.0,0.0,0.0,0.0,0.0,0.5,normal,0,18.111131453530582
0.0,0.0,0.0,0.0,0.0,0.0,0.0,0.0,0.0,0.0,0.0,0.3333333333333333,0.0,0.0,0.0,0.16665108777207158,0.0,0.0,0.0,0.8,normal,0,12.302806713997576
0.0,0.0,0.0,0.0,0.0,0.0,0.0,0.0,0.0,0.0,0.0,0.3333333333333333,0.0,0.0,0.0,0.03830973333333333,0.0,0.0,0.0,0.7,normal,0,12.83006751004309
0.0,0.0,0.0,0.0,0.0,0.0,0.0,0.0,0.0,0.0,0.0,0.3333333333333333,1.0,0.0,0.0,0.19860733333333333,0.0,0.0,0.0,0.6,normal,0,30.018759741866788
0.0,0.0,0.0,0.0,0.0,0.0,0.0,0.0,0.3333333333333333,1.0,0.0,0.3333333333333333,0.0,1.0,0.0,1.0,0.0,0.0,0.0,0.7,medium,0,47.23849791600298
0.0,0.0,0.0,0.0,0.0,0.0,0.0,0.0,0.0,0.0,0.0,0.0,0.0,0.0,0.0,0.0,0.0,0.0,0.0,0.5,normal,0,0.0
0.0,0.0,0.0,0.0,0.0,0.0,0.0,0.0,0.0,0.0,0.0,0.3333333333333333,0.0,0.0,0.0,0.09759346666666667,0.0,0.0,0.0,0.6,normal,0,6.469271589309024
0.0,0.0,0.0,0.0,0.0,0.0,0.0,0.0,0.0,0.0,1.0,0.3333333333333333,0.0,0.0,0.0,0.0,0.0,0.0,0.0,0.6,normal,0,20.99310039915421
0.0,0.0,0.0,0.0,0.0,0.0,0.0,0.0,0.0,0.0,0.0,0.3333333333333333,0.0,0.0,0.0,0.07362479999999999,0.0,0.0,0.0,0.8,normal,0,7.438396859478218
0.0,0.0,0.0,0.0,0.0,0.0,0.0,0.0,0.0,0.0,0.0,0.3333333333333333,0.0,0.0,0.0,0.0762896,0.0,0.0,1.0,0.4,innocent_security_change,0,16.513977949233382
0.0,0.0,0.0,0.0,0.0,0.0,0.0,0.0,0.0,0.0,0.0,0.0,0.0,0.0,0.0,0.0,0.0,0.0,0.0,0.4,normal,0,3.9604671783051977
0.0,0.0,0.0,0.0,0.0,0.0,0.0,0.0,0.0,0.0,0.0,0.3333333333333333,0.0,0.0,0.0,0.0719972,0.0,0.0,0.0,0.7,normal,0,11.946993028072923
0.0,0.0,0.0,0.0,0.0,0.0,0.0,0.0,0.0,0.0,1.0,0.3333333333333333,1.0,0.0,0.0,0.171042,0.0,0.0,0.0,0.5,normal,0,32.43042482766463
0.0,0.0,0.0,0.0,0.0,0.0,0.0,0.0,0.0,0.0,0.0,0.3333333333333333,0.0,0.0,0.0,0.14426386666666668,0.0,0.0,0.0,0.6,normal,0,12.32599944374914
1.0,0.0,0.0,0.0,0.0,0.0,0.0,0.0,0.3333333333333333,1.0,0.0,0.3333333333333333,0.0,1.0,0.0,0.6197269333333333,0.3333333333333333,0.0,0.0,0.6,medium,0,76.36574581385857
1.0,0.0,0.0,0.0,0.0,0.0,0.0,0.0,0.3333333333333333,1.0,0.0,0.3333333333333333,0.0,1.0,0.0,0.676714,0.3333333333333333,0.0,0.0,0.5,medium,0,70.81504526388466
0.0,0.0,0.0,0.0,0.0,1.0,0.0,0.0,0.0,0.0,1.0,0.3333333333333333,0.0,0.0,0.0,0.03333626666666666,0.3333333333333333,0.0,0.0,0.6,innocent_security_change,0,34.83389734190692
0.0,0.0,0.0,0.0,0.0,0.0,0.0,0.0,0.0,0.0,1.0,0.3333333333333333,0.0,0.0,0.0,0.07545733333333333,0.0,0.0,0.0,0.7,normal,0,18.74056101808106
0.0,0.0,0.0,0.0,0.0,0.0,0.0,0.0,0.0,0.0,0.0,0.3333333333333333,0.0,0.0,0.0,0.03290573333333333,0.0,0.0,0.0,0.5,normal,0,11.75048643953303
0.0,0.0,0.0,0.0,0.0,0.0,0.0,0.0,0.0,0.0,0.0,0.3333333333333333,0.0,0.0,0.0,0.14292826666666666,0.0,0.0,0.0,0.6,normal,0,14.004129301705841
0.0,0.0,0.0,0.0,0.0,0.0,0.0,0.0,0.0,0.0,1.0,0.3333333333333333,0.0,0.0,0.0,0.035338933333333336,0.0,0.0,0.0,0.6,normal,0,20.753588819503605
0.0,0.0,0.0,0.0,0.0,0.0,0.0,0.0,0.0,0.0,0.0,0.3333333333333333,0.0,0.0,0.0,0.0,0.0,0.0,0.0,0.6,normal,0,12.858049663087812
0.0,0.0,0.0,0.0,0.0,0.0,0.0,0.0,0.0,0.0,1.0,0.0,0.0,0.0,0.0,0.0,0.0,0.0,0.0,0.5,normal,0,10.591978780799414
0.0,0.0,0.0,0.0,0.0,0.0,0.0,0.0,0.0,0.0,0.0,0.3333333333333333,0.0,0.0,0.0,0.054253866666666664,0.0,0.0,0.0,0.8,normal,0,16.066447792469532
0.0,0.0,0.0,0.0,0.0,0.0,0.0,0.0,0.0,0.0,0.0,0.0,0.0,0.0,0.0,0.0,0.0,0.0,0.0,0.5,normal,0,7.3791386578082
1.0,0.0,0.0,0.0,0.0,0.0,0.0,0.0,0.3333333333333333,1.0,0.0,0.3333333333333333,0.0,1.0,0.0,1.0,0.3333333333333333,0.0,0.0,0.6,medium,0,76.45144917341455
0.0,0.0,0.0,0.0,0.0,0.0,0.0,0.0,0.0,0.0,0.0,0.0,0.0,0.0,0.0,0.0,0.0,0.0,0.0,0.5,normal,0,8.025539375455205
1.0,0.0,0.0,0.0,0.0,0.0,0.0,0.0,0.3333333333333333,1.0,0.0,0.3333333333333333,0.0,1.0,0.0,1.0,0.3333333333333333,0.0,0.0,0.7,medium,0,70.65480351128281
0.0,1.0,0.0,0.0,0.0,0.0,0.0,0.0,0.0,0.0,1.0,0.3333333333333333,0.0,0.0,0.0,0.18610773333333333,0.3333333333333333,0.0,1.0,0.7,innocent_security_change,0,49.14055470331637
0.0,0.0,0.0,0.0,0.0,0.0,0.0,0.0,0.0,0.0,1.0,0.3333333333333333,0.0,0.0,0.0,0.06246186666666667,0.0,0.0,0.0,0.5,normal,0,17.519369434562464
0.0,0.0,0.0,0.0,0.0,0.0,0.0,0.0,0.0,0.0,0.0,0.3333333333333333,0.0,0.0,0.0,0.0488308,0.0,0.0,0.0,0.6,normal,0,12.340701177176598
1.0,0.0,0.0,0.0,0.0,0.0,0.0,0.0,0.0,0.0,0.0,0.0,0.0,0.0,0.0,0.0,0.3333333333333333,0.0,0.0,0.4,compromised,1,49.57642970463004
1.0,0.0,0.0,0.0,0.0,0.0,0.0,0.0,0.0,0.0,1.0,0.0,0.0,0.0,0.0,0.0,0.3333333333333333,0.0,0.0,0.3,compromised,1,58.72268553043575
0.0,0.0,0.0,0.0,0.0,0.0,0.0,0.0,0.0,0.0,1.0,0.3333333333333333,0.0,0.0,0.0,0.15814346666666668,0.0,0.0,0.0,0.6,normal,0,24.47480667088224
0.0,0.0,0.0,0.0,0.0,0.0,0.0,0.0,0.0,0.0,1.0,0.0,0.0,0.0,0.0,0.0,0.0,0.0,0.0,0.4,normal,0,14.643974793916618
1.0,0.0,0.0,0.0,0.0,0.0,0.0,0.0,0.3333333333333333,1.0,0.0,0.3333333333333333,0.0,1.0,0.0,1.0,0.3333333333333333,0.0,0.0,0.8,medium,0,75.68837334892223
1.0,0.0,0.0,0.0,0.0,0.0,0.0,0.0,0.3333333333333333,1.0,1.0,0.3333333333333333,0.0,1.0,0.0,0.5288202666666666,0.3333333333333333,0.0,0.0,0.6,medium,0,73.15172343374216
0.0,0.0,0.0,0.0,0.0,0.0,0.0,0.0,0.0,0.0,1.0,0.0,0.0,0.0,0.0,0.0,0.0,0.0,0.0,0.6,normal,0,12.04649367399795
0.0,0.0,0.0,1.0,0.0,0.0,0.0,0.0,0.0,0.0,1.0,0.3333333333333333,0.0,0.0,0.0,0.06613573333333334,0.3333333333333333,0.0,0.0,0.7,innocent_security_change,0,40.41029574895872
0.0,0.0,0.0,0.0,0.0,0.0,0.0,0.0,0.3333333333333333,1.0,1.0,0.3333333333333333,0.0,1.0,0.0,0.5774361333333333,0.0,0.0,0.0,0.5,medium,0,52.39760959605512
0.0,0.0,0.0,0.0,0.0,0.0,0.0,0.0,0.0,0.0,0.0,0.0,0.0,0.0,0.0,0.0,0.0,0.0,0.0,0.5,normal,0,3.473493305083695
1.0,1.0,1.0,0.0,1.0,0.0,1.0,0.0,0.0,0.0,1.0,1.0,1.0,1.0,1.0,1.0,1.6666666666666667,0.8777777777777778,0.0,1.0,compromised,1,96.9691114976256
0.0,0.0,0.0,0.0,0.0,0.0,0.0,0.0,0.0,0.0,0.0,0.3333333333333333,0.0,0.0,0.0,0.05736666666666667,0.0,0.0,0.0,0.6,normal,0,5.5834897811258415
0.0,0.0,0.0,0.0,0.0,0.0,0.0,0.0,0.0,0.0,0.0,0.3333333333333333,0.0,0.0,0.0,0.06572813333333333,0.0,0.0,0.0,0.6,normal,0,8.079483442615913
1.0,1.0,1.0,0.0,0.0,0.0,1.0,0.0,0.0,0.0,0.0,1.0,1.0,1.0,1.0,1.0,1.3333333333333333,0.8388888888888889,0.0,0.9,compromised,1,100.0
0.0,0.0,0.0,0.0,0.0,0.0,0.0,0.0,0.0,0.0,0.0,0.3333333333333333,0.0,0.0,0.0,0.14163973333333332,0.0,0.0,0.0,0.5,normal,0,7.8911972538488335
0.0,0.0,0.0,0.0,0.0,0.0,0.0,0.0,0.3333333333333333,1.0,0.0,0.3333333333333333,0.0,1.0,0.0,1.0,0.0,0.0,0.0,0.5,medium,0,48.505876924552865
1.0,1.0,1.0,0.0,1.0,0.0,1.0,0.0,0.0,0.0,0.0,1.0,1.0,1.0,1.0,1.0,1.6666666666666667,0.8944444444444445,0.0,1.0,compromised,1,100.0
1.0,0.0,0.0,0.0,0.0,0.0,0.0,0.0,0.0,0.0,1.0,0.0,0.0,0.0,0.0,0.0,0.3333333333333333,0.0,0.0,0.3,compromised,1,53.6916409870863
1.0,0.0,0.0,0.0,0.0,0.0,0.0,0.0,0.3333333333333333,1.0,1.0,0.3333333333333333,0.0,1.0,0.0,1.0,0.3333333333333333,0.0,0.0,0.8,medium,0,78.02672027853347
0.0,0.0,0.0,1.0,0.0,0.0,0.0,0.0,0.0,0.0,0.0,0.0,0.0,0.0,0.0,0.0,0.3333333333333333,0.0,0.0,0.5,innocent_security_change,0,26.214750174089264
0.0,0.0,0.0,0.0,0.0,0.0,0.0,0.0,0.0,0.0,0.0,0.0,0.0,0.0,0.0,0.0,0.0,0.0,0.0,0.5,normal,0,3.6022904082956813
1.0,0.0,0.0,0.0,0.0,0.0,0.0,0.0,0.3333333333333333,1.0,0.0,0.3333333333333333,1.0,1.0,0.0,1.0,0.3333333333333333,0.0,0.0,0.8,medium,0,85.53711702318728
1.0,1.0,1.0,0.0,1.0,0.0,1.0,0.0,0.0,0.0,1.0,1.0,1.0,1.0,1.0,1.0,1.6666666666666667,0.8722222222222222,0.0,1.0,compromised,1,93.83917473735951
1.0,1.0,1.0,0.0,1.0,0.0,1.0,0.0,0.0,0.0,1.0,1.0,1.0,1.0,1.0,1.0,1.6666666666666667,0.8833333333333333,0.0,1.1,compromised,1,100.0
1.0,1.0,1.0,0.0,0.0,0.0,0.0,0.0,0.0,0.0,0.0,0.0,0.0,0.0,0.0,0.0,1.0,0.9444444444444444,0.0,0.5,compromised,1,85.30461530041492
1.0,0.0,0.0,0.0,0.0,0.0,0.0,0.0,0.3333333333333333,1.0,1.0,0.3333333333333333,0.0,1.0,0.0,1.0,0.3333333333333333,0.0,0.0,0.6,medium,0,79.16603154871042
0.0,0.0,0.0,0.0,0.0,0.0,0.0,0.0,0.0,0.0,0.0,0.0,0.0,0.0,0.0,0.0,0.0,0.0,0.0,0.4,normal,0,3.9704520899559106
0.0,1.0,0.0,0.0,0.0,0.0,0.0,0.0,0.0,0.0,1.0,0.3333333333333333,0.0,0.0,0.0,0.10318146666666667,0.3333333333333333,0.0,0.0,0.6,innocent_security_change,0,42.843913640003024
0.0,0.0,0.0,0.0,0.0,0.0,0.0,0.0,0.0,0.0,0.0,0.3333333333333333,0.0,0.0,0.0,0.0721372,0.0,0.0,1.0,0.7,innocent_security_change,0,19.750163309229837
0.0,1.0,0.0,0.0,0.0,0.0,0.0,0.0,0.0,0.0,0.0,0.0,0.0,0.0,0.0,0.0,0.3333333333333333,0.0,0.0,0.5,innocent_security_change,0,28.32324176794035
0.0,0.0,0.0,0.0,0.0,0.0,0.0,0.0,0.0,0.0,0.0,0.0,0.0,0.0,0.0,0.0,0.0,0.0,0.0,0.4,normal,0,4.3753029621362804
0.0,0.0,0.0,0.0,0.0,0.0,0.0,0.0,0.0,0.0,1.0,0.3333333333333333,0.0,0.0,0.0,0.0680588,0.0,0.0,0.0,0.5,normal,0,20.16864844141332
0.0,0.0,0.0,0.0,0.0,0.0,0.0,0.0,0.0,0.0,0.0,0.3333333333333333,0.0,0.0,0.0,0.18111826666666667,0.0,0.0,1.0,0.5,normal,0,20.87983501201464
0.0,0.0,0.0,0.0,0.0,0.0,0.0,0.0,0.0,0.0,0.0,0.3333333333333333,0.0,0.0,0.0,0.07019906666666667,0.0,0.0,0.0,0.6,normal,0,13.45992797716097
1.0,1.0,0.0,0.0,1.0,0.0,1.0,0.0,0.0,0.0,0.0,1.0,1.0,1.0,1.0,1.0,1.3333333333333333,0.8777777777777778,0.0,0.9,compromised,1,97.17291048078454
0.0,0.0,0.0,0.0,0.0,0.0,0.0,0.0,0.0,0.0,0.0,0.3333333333333333,0.0,0.0,0.0,0.0,0.0,0.0,0.0,0.5,normal,0,9.611872724783217
0.0,0.0,0.0,0.0,0.0,0.0,0.0,0.0,0.0,0.0,1.0,0.3333333333333333,0.0,0.0,0.0,0.11212386666666668,0.0,0.0,0.0,0.6,normal,0,18.31554013000292
0.0,0.0,0.0,0.0,0.0,0.0,0.0,0.0,0.3333333333333333,1.0,1.0,0.3333333333333333,0.0,1.0,0.0,1.0,0.0,0.0,0.0,0.5,medium,0,51.62255708230421
1.0,1.0,1.0,0.0,1.0,0.0,0.0,0.0,0.0,0.0,0.0,0.0,0.0,0.0,0.0,0.0,1.3333333333333333,0.9333333333333333,0.0,0.6,compromised,1,94.8817704325993
0.0,0.0,0.0,0.0,0.0,0.0,0.0,0.0,0.0,0.0,0.0,0.3333333333333333,0.0,0.0,0.0,0.09207453333333333,0.0,0.0,0.0,0.5,normal,0,14.039880224044463
0.0,0.0,0.0,0.0,0.0,0.0,0.0,0.0,0.0,0.0,0.0,0.3333333333333333,0.0,0.0,0.0,0.10733733333333334,0.0,0.0,0.0,0.6,normal,0,10.699830248465995
0.0,0.0,0.0,1.0,0.0,0.0,0.0,0.0,0.0,0.0,0.0,0.3333333333333333,0.0,0.0,0.0,0.1822872,0.3333333333333333,0.0,1.0,0.7,innocent_security_change,0,37.32048706519181
0.0,0.0,0.0,0.0,0.0,0.0,0.0,0.0,0.0,0.0,1.0,0.3333333333333333,0.0,0.0,0.0,0.10521973333333333,0.0,0.0,0.0,0.7,normal,0,18.75334749035408
1.0,1.0,1.0,0.0,1.0,0.0,1.0,0.0,0.0,0.0,1.0,1.0,1.0,1.0,1.0,1.0,1.6666666666666667,0.8611111111111112,0.0,1.0,compromised,1,100.0
0.0,0.0,0.0,0.0,0.0,0.0,0.0,0.0,0.0,0.0,0.0,0.3333333333333333,0.0,0.0,0.0,0.06965866666666666,0.0,0.0,0.0,0.5,normal,0,11.820127275545051
0.0,0.0,0.0,0.0,0.0,0.0,0.0,0.0,0.3333333333333333,1.0,0.0,0.3333333333333333,1.0,1.0,0.0,0.5448318666666666,0.0,0.0,0.0,0.8,medium,0,57.8807336403937
0.0,0.0,0.0,0.0,0.0,0.0,0.0,0.0,0.0,0.0,1.0,0.0,0.0,0.0,0.0,0.0,0.0,0.0,0.0,0.5,normal,0,11.341273256291018
0.0,0.0,0.0,0.0,0.0,0.0,0.0,0.0,0.0,0.0,0.0,0.3333333333333333,0.0,0.0,0.0,0.0,0.0,0.0,0.0,0.5,normal,0,8.296629427741983
0.0,1.0,0.0,0.0,0.0,0.0,0.0,0.0,0.0,0.0,0.0,0.0,0.0,0.0,0.0,0.0,0.3333333333333333,0.0,0.0,0.5,innocent_security_change,0,33.546610202749996
0.0,0.0,0.0,0.0,0.0,0.0,0.0,0.0,0.0,0.0,0.0,0.3333333333333333,0.0,0.0,0.0,0.04740853333333333,0.0,0.0,0.0,0.6,normal,0,12.134717126490294
1.0,1.0,1.0,0.0,1.0,0.0,1.0,0.0,0.0,0.0,1.0,1.0,1.0,1.0,1.0,1.0,1.6666666666666667,0.9111111111111111,0.0,1.0,compromised,1,97.4938824843366
1.0,1.0,1.0,0.0,0.0,0.0,0.0,0.0,0.0,0.0,0.0,0.0,0.0,0.0,0.0,0.0,1.0,0.9222222222222223,0.0,0.5,compromised,1,83.4617105179597
1.0,0.0,0.0,0.0,0.0,0.0,0.0,0.0,0.0,0.0,1.0,0.0,0.0,0.0,0.0,0.0,0.3333333333333333,0.0,0.0,0.3,compromised,1,59.03246647940096
0.0,0.0,0.0,0.0,0.0,0.0,0.0,0.0,0.0,0.0,0.0,0.0,0.0,0.0,0.0,0.0,0.0,0.0,0.0,0.4,normal,0,4.67002261707175
0.0,0.0,0.0,0.0,0.0,0.0,0.0,0.0,0.0,0.0,0.0,0.3333333333333333,0.0,0.0,0.0,0.19235013333333334,0.0,0.0,1.0,0.6,normal,0,17.708207944888553
0.0,1.0,0.0,0.0,0.0,0.0,0.0,0.0,0.0,0.0,0.0,0.0,0.0,0.0,0.0,0.0,0.3333333333333333,0.0,0.0,0.3,compromised,1,35.374465928294136
1.0,1.0,1.0,0.0,1.0,0.0,1.0,0.0,0.0,0.0,1.0,1.0,1.0,1.0,1.0,1.0,1.6666666666666667,0.8944444444444445,0.0,1.0,compromised,1,100.0
0.0,0.0,0.0,0.0,0.0,0.0,0.0,0.0,0.3333333333333333,1.0,0.0,0.3333333333333333,0.0,1.0,0.0,0.7641244,0.0,0.0,0.0,0.4,medium,0,46.16144066630942
0.0,0.0,0.0,0.0,0.0,0.0,0.0,0.0,0.0,0.0,0.0,0.3333333333333333,0.0,0.0,0.0,0.08115866666666666,0.0,0.0,0.0,0.5,normal,0,10.505737780812865
1.0,1.0,1.0,0.0,1.0,0.0,1.0,0.0,0.0,0.0,0.0,1.0,1.0,1.0,1.0,1.0,1.6666666666666667,0.85,0.0,1.1,compromised,1,99.16831214578035
0.0,0.0,0.0,0.0,0.0,0.0,0.0,0.0,0.3333333333333333,1.0,1.0,0.3333333333333333,0.0,1.0,0.0,1.0,0.0,0.0,1.0,0.7,medium,0,55.912483577823636
1.0,1.0,1.0,0.0,1.0,0.0,1.0,0.0,0.0,0.0,0.0,1.0,1.0,1.0,1.0,1.0,1.6666666666666667,0.8888888888888888,0.0,1.1,compromised,1,97.88318440127725
0.0,0.0,0.0,0.0,0.0,0.0,0.0,0.0,0.3333333333333333,1.0,0.0,0.3333333333333333,0.0,1.0,0.0,0.7177434666666667,0.0,0.0,0.0,0.8,medium,0,41.64181925534742
0.0,0.0,0.0,0.0,0.0,0.0,0.0,0.0,0.0,0.0,1.0,0.3333333333333333,0.0,0.0,0.0,0.0792584,0.0,0.0,0.0,0.7,normal,0,22.907195563879647
0.0,0.0,0.0,1.0,0.0,0.0,0.0,0.0,0.0,0.0,1.0,0.3333333333333333,0.0,0.0,0.0,0.0,0.3333333333333333,0.0,0.0,0.7,innocent_security_change,0,32.77631418024422
1.0,0.0,0.0,0.0,0.0,0.0,0.0,0.0,0.3333333333333333,1.0,1.0,0.3333333333333333,0.0,1.0,0.0,0.660104,0.3333333333333333,0.0,0.0,0.5,medium,0,79.66648943107351
0.0,0.0,0.0,0.0,0.0,0.0,0.0,0.0,0.0,0.0,0.0,0.0,0.0,0.0,0.0,0.0,0.0,0.0,0.0,0.5,normal,0,2.7457418686114297
0.0,0.0,0.0,0.0,0.0,0.0,0.0,0.0,0.0,0.0,0.0,0.0,0.0,0.0,0.0,0.0,0.0,0.0,0.0,0.4,normal,0,2.338016755879854
0.0,0.0,0.0,0.0,0.0,0.0,0.0,0.0,0.3333333333333333,1.0,0.0,0.3333333333333333,0.0,1.0,0.0,0.63614,0.0,0.0,0.0,0.4,medium,0,43.23841497268465
1.0,0.0,0.0,0.0,0.0,0.0,0.0,0.0,0.3333333333333333,1.0,1.0,0.3333333333333333,0.0,1.0,0.0,1.0,0.3333333333333333,0.0,0.0,0.6,medium,0,76.51613397681353
0.0,0.0,0.0,0.0,0.0,0.0,0.0,0.0,0.0,0.0,0.0,0.0,0.0,0.0,0.0,0.0,0.0,0.0,0.0,0.4,normal,0,6.413512573577887
0.0,0.0,0.0,0.0,0.0,0.0,0.0,0.0,0.0,0.0,1.0,0.0,0.0,0.0,0.0,0.0,0.0,0.0,0.0,0.4,normal,0,6.686445902368921
0.0,0.0,0.0,0.0,0.0,0.0,0.0,0.0,0.3333333333333333,1.0,1.0,0.3333333333333333,0.0,1.0,0.0,0.6739625333333333,0.0,0.0,0.0,0.7,medium,0,55.03803830558609
0.0,0.0,0.0,0.0,0.0,0.0,0.0,0.0,0.3333333333333333,1.0,0.0,0.3333333333333333,0.0,1.0,0.0,0.5727418666666667,0.0,0.0,0.0,0.6,medium,0,45.94586609848017
0.0,0.0,0.0,0.0,0.0,0.0,0.0,0.0,0.0,0.0,0.0,0.3333333333333333,0.0,0.0,0.0,0.1378368,0.0,0.0,0.0,0.7,normal,0,9.31014190163575
1.0,1.0,1.0,0.0,1.0,0.0,1.0,0.0,0.0,0.0,0.0,1.0,1.0,1.0,1.0,1.0,1.6666666666666667,0.8944444444444445,0.0,1.0,compromised,1,95.1073909937996
0.0,0.0,0.0,0.0,0.0,0.0,0.0,0.0,0.0,0.0,1.0,0.3333333333333333,1.0,0.0,0.0,0.18190666666666666,0.0,0.0,0.0,0.7,normal,0,36.655682279755496
0.0,0.0,0.0,0.0,0.0,1.0,0.0,0.0,0.0,0.0,0.0,0.0,0.0,0.0,0.0,0.0,0.3333333333333333,0.0,0.0,0.6,innocent_security_change,0,22.057858654570627
0.0,0.0,0.0,0.0,0.0,0.0,0.0,0.0,0.0,0.0,0.0,0.3333333333333333,1.0,0.0,0.0,0.17354893333333332,0.0,0.0,0.0,0.6,normal,0,21.154888083393068
0.0,0.0,0.0,0.0,0.0,0.0,0.0,0.0,0.0,0.0,0.0,0.3333333333333333,0.0,0.0,0.0,0.14273360000000002,0.0,0.0,0.0,0.5,normal,0,13.949767321761831
0.0,0.0,0.0,0.0,0.0,0.0,0.0,0.0,0.0,0.0,1.0,0.0,0.0,0.0,0.0,0.0,0.0,0.0,0.0,0.5,normal,0,14.383463139955152
0.0,0.0,0.0,0.0,0.0,0.0,0.0,0.0,0.0,0.0,0.0,0.3333333333333333,0.0,0.0,0.0,0.13382786666666666,0.0,0.0,0.0,0.6,normal,0,9.291429646892857
0.0,0.0,0.0,0.0,0.0,0.0,0.0,0.0,0.0,0.0,0.0,0.3333333333333333,0.0,0.0,0.0,0.18016186666666667,0.0,0.0,1.0,0.6,normal,0,20.39850077523382
0.0,0.0,0.0,0.0,0.0,0.0,0.0,0.0,0.0,0.0,0.0,0.0,0.0,0.0,0.0,0.0,0.0,0.0,0.0,0.4,normal,0,0.30280250160710276
0.0,0.0,0.0,0.0,0.0,0.0,0.0,0.0,0.0,0.0,0.0,0.3333333333333333,0.0,0.0,0.0,0.0935068,0.0,0.0,0.0,0.5,normal,0,13.21974938666259
0.0,0.0,0.0,0.0,0.0,0.0,0.0,0.0,0.0,0.0,0.0,0.3333333333333333,0.0,0.0,0.0,0.01872266666666667,0.0,0.0,0.0,0.7,normal,0,13.44890504332516
0.0,0.0,0.0,0.0,0.0,0.0,0.0,0.0,0.0,0.0,0.0,0.3333333333333333,0.0,0.0,0.0,0.11480053333333334,0.0,0.0,0.0,0.7,normal,0,13.363452610072377
0.0,0.0,0.0,0.0,0.0,0.0,0.0,0.0,0.0,0.0,0.0,0.3333333333333333,0.0,0.0,0.0,0.09245213333333333,0.0,0.0,0.0,0.6,normal,0,12.006994189923727
1.0,1.0,1.0,0.0,0.0,0.0,0.0,0.0,0.0,0.0,1.0,0.0,0.0,0.0,0.0,0.0,1.0,0.9444444444444444,0.0,0.6,compromised,1,91.70640127833737
0.0,0.0,0.0,0.0,0.0,0.0,0.0,0.0,0.0,0.0,0.0,0.0,0.0,0.0,0.0,0.0,0.0,0.0,0.0,0.4,normal,0,2.8664000291783593
0.0,0.0,0.0,0.0,0.0,0.0,0.0,0.0,0.0,0.0,0.0,0.0,0.0,0.0,0.0,0.0,0.0,0.0,0.0,0.5,normal,0,0.6163567899755522
0.0,0.0,0.0,0.0,0.0,0.0,0.0,0.0,0.0,0.0,0.0,0.3333333333333333,0.0,0.0,0.0,0.05041173333333333,0.0,0.0,0.0,0.6,normal,0,11.681257653317243
0.0,0.0,0.0,0.0,0.0,0.0,0.0,0.0,0.0,0.0,0.0,0.0,0.0,0.0,0.0,0.0,0.0,0.0,0.0,0.4,normal,0,8.08230183455058
1.0,1.0,1.0,0.0,1.0,0.0,1.0,0.0,0.0,0.0,1.0,0.6666666666666666,1.0,0.0,1.0,1.0,1.6666666666666667,0.9055555555555556,0.0,0.9,compromised,1,94.93417086181458
1.0,1.0,1.0,0.0,1.0,0.0,1.0,0.0,0.0,0.0,1.0,1.0,1.0,1.0,1.0,1.0,1.6666666666666667,0.8722222222222222,0.0,1.0,compromised,1,97.10701596782005
0.0,0.0,0.0,0.0,0.0,0.0,0.0,0.0,0.0,0.0,0.0,0.0,0.0,0.0,0.0,0.0,0.0,0.0,0.0,0.5,normal,0,4.612157198781187
0.0,0.0,0.0,0.0,0.0,0.0,0.0,0.0,0.0,0.0,0.0,0.0,0.0,0.0,0.0,0.0,0.0,0.0,0.0,0.5,normal,0,3.4362799810132074
0.0,1.0,0.0,0.0,0.0,0.0,0.0,0.0,0.0,0.0,1.0,0.3333333333333333,0.0,0.0,0.0,0.11960466666666666,0.3333333333333333,0.0,0.0,0.8,innocent_security_change,0,43.150015945152624
1.0,0.0,0.0,0.0,0.0,0.0,0.0,0.0,0.3333333333333333,1.0,0.0,0.3333333333333333,0.0,1.0,0.0,0.6355801333333334,0.3333333333333333,0.0,0.0,0.8,medium,0,76.42158387376013
0.0,0.0,0.0,0.0,0.0,0.0,0.0,0.0,0.0,0.0,1.0,0.0,0.0,0.0,0.0,0.0,0.0,0.0,1.0,0.5,innocent_security_change,0,26.85074848793926
0.0,0.0,0.0,0.0,0.0,0.0,0.0,0.0,0.3333333333333333,1.0,1.0,0.3333333333333333,0.0,1.0,0.0,1.0,0.0,0.0,0.0,0.8,medium,0,54.89908647144685
0.0,0.0,0.0,0.0,0.0,0.0,0.0,0.0,0.0,0.0,1.0,0.3333333333333333,0.0,0.0,0.0,0.05239853333333333,0.0,0.0,0.0,0.6,normal,0,17.5645484841142
0.0,0.0,0.0,0.0,0.0,0.0,0.0,0.0,0.0,0.0,0.0,0.0,0.0,0.0,0.0,0.0,0.0,0.0,0.0,0.4,normal,0,0.0
0.0,0.0,0.0,0.0,0.0,0.0,0.0,0.0,0.3333333333333333,1.0,0.0,0.3333333333333333,0.0,1.0,0.0,1.0,0.0,0.0,0.0,0.8,medium,0,49.798680995876936
0.0,0.0,0.0,0.0,0.0,0.0,0.0,0.0,0.0,0.0,0.0,0.3333333333333333,0.0,0.0,0.0,0.055996800000000006,0.0,0.0,0.0,0.8,normal,0,14.68041334814299
0.0,0.0,0.0,0.0,0.0,0.0,0.0,0.0,0.0,0.0,1.0,0.0,0.0,0.0,0.0,0.0,0.0,0.0,0.0,0.5,normal,0,14.72500031547882
0.0,0.0,0.0,0.0,0.0,0.0,0.0,0.0,0.0,0.0,0.0,0.0,0.0,0.0,0.0,0.0,0.0,0.0,0.0,0.4,normal,0,2.8611746084106615
0.0,0.0,0.0,0.0,0.0,0.0,0.0,0.0,0.0,0.0,0.0,0.3333333333333333,0.0,0.0,0.0,0.13526839999999998,0.0,0.0,0.0,0.7,normal,0,10.821757675470236
0.0,0.0,0.0,0.0,0.0,0.0,0.0,0.0,0.3333333333333333,1.0,1.0,0.3333333333333333,0.0,1.0,0.0,0.41003080000000003,0.0,0.0,0.0,0.9,medium,0,47.95319426443663
0.0,0.0,0.0,0.0,0.0,0.0,0.0,0.0,0.0,0.0,0.0,0.3333333333333333,0.0,0.0,0.0,0.4490880145773588,0.0,0.0,0.0,0.6,normal,0,17.68363162891852
1.0,0.0,0.0,0.0,0.0,0.0,0.0,0.0,0.3333333333333333,1.0,0.0,0.3333333333333333,0.0,1.0,0.0,0.7175278666666666,0.3333333333333333,0.0,0.0,0.7,medium,0,76.02368444876913
1.0,1.0,0.0,0.0,0.0,0.0,0.0,0.0,0.0,0.0,1.0,0.0,0.0,0.0,0.0,0.0,0.6666666666666666,0.8333333333333334,0.0,0.5,compromised,1,72.92611872177099
0.0,0.0,0.0,0.0,0.0,0.0,0.0,0.0,0.3333333333333333,1.0,0.0,0.3333333333333333,0.0,1.0,0.0,0.7090930666666667,0.0,0.0,0.0,0.7,medium,0,50.54349535030175
1.0,1.0,1.0,0.0,1.0,0.0,1.0,0.0,0.0,0.0,0.0,1.0,1.0,1.0,1.0,1.0,1.6666666666666667,0.8722222222222222,0.0,1.0,compromised,1,99.21655366661902
0.0,0.0,0.0,0.0,0.0,0.0,0.0,0.0,0.0,0.0,0.0,0.3333333333333333,0.0,0.0,0.0,0.0920556,0.0,0.0,0.0,0.7,normal,0,15.240917263626661
0.0,0.0,0.0,0.0,0.0,0.0,0.0,0.0,0.0,0.0,0.0,0.0,0.0,0.0,0.0,0.0,0.0,0.0,0.0,0.4,normal,0,0.0
1.0,0.0,0.0,0.0,0.0,0.0,0.0,0.0,0.3333333333333333,1.0,0.0,0.3333333333333333,0.0,1.0,0.0,1.0,0.3333333333333333,0.0,0.0,0.8,medium,0,71.56443540122987
0.0,0.0,0.0,0.0,0.0,0.0,0.0,0.0,0.0,0.0,0.0,0.0,0.0,0.0,0.0,0.0,0.0,0.0,0.0,0.4,normal,0,2.4947609362895538
1.0,1.0,1.0,0.0,1.0,0.0,1.0,0.0,0.0,0.0,0.0,1.0,1.0,1.0,1.0,1.0,1.6666666666666667,0.8833333333333333,0.0,1.0,compromised,1,99.04549641524707
0.0,0.0,0.0,0.0,0.0,1.0,0.0,0.0,0.0,0.0,0.0,0.3333333333333333,1.0,0.0,0.0,0.1837461333333333,0.3333333333333333,0.0,0.0,0.7,innocent_security_change,0,45.04241687069001
1.0,0.0,0.0,0.0,0.0,0.0,0.0,0.0,0.3333333333333333,1.0,0.0,0.3333333333333333,0.0,1.0,0.0,1.0,0.3333333333333333,0.0,0.0,0.6,medium,0,76.37759146483802
1.0,1.0,1.0,0.0,1.0,0.0,1.0,0.0,0.0,0.0,1.0,1.0,1.0,1.0,1.0,1.0,1.6666666666666667,0.8666666666666667,0.0,1.1,compromised,1,97.41519068590335
0.0,0.0,0.0,0.0,0.0,0.0,0.0,0.0,0.0,0.0,0.0,0.3333333333333333,0.0,0.0,0.0,0.01646946666666667,0.0,0.0,0.0,0.6,normal,0,7.548975639089161
1.0,1.0,1.0,0.0,1.0,0.0,1.0,0.0,0.0,0.0,0.0,1.0,1.0,1.0,1.0,1.0,1.6666666666666667,0.8611111111111112,0.0,1.0,compromised,1,100.0
0.0,0.0,0.0,0.0,0.0,0.0,0.0,0.0,0.0,0.0,0.0,0.3333333333333333,0.0,0.0,0.0,0.0,0.0,0.0,0.0,0.5,normal,0,6.829885610910738
0.0,0.0,0.0,0.0,0.0,0.0,0.0,0.0,0.0,0.0,0.0,0.3333333333333333,1.0,0.0,0.0,0.16839279999999998,0.0,0.0,0.0,0.5,normal,0,27.497565601054383
0.0,0.0,0.0,0.0,0.0,0.0,0.0,0.0,0.0,0.0,0.0,0.0,0.0,0.0,0.0,0.0,0.0,0.0,0.0,0.4,normal,0,2.1562225866915226
0.0,0.0,0.0,0.0,0.0,0.0,0.0,0.0,0.0,0.0,0.0,0.3333333333333333,0.0,0.0,0.0,0.019331599999999997,0.0,0.0,0.0,0.7,normal,0,14.779833496559537
0.0,0.0,0.0,0.0,0.0,0.0,0.0,0.0,0.0,0.0,1.0,0.3333333333333333,0.0,0.0,0.0,0.4089816132895827,0.0,0.0,0.0,0.6,normal,0,25.574467919287265
0.0,0.0,0.0,0.0,0.0,0.0,0.0,0.0,0.0,0.0,0.0,0.0,0.0,0.0,0.0,0.0,0.0,0.0,0.0,0.5,normal,0,3.2285533799214097
1.0,1.0,1.0,0.0,1.0,0.0,1.0,0.0,0.0,0.0,0.0,1.0,1.0,1.0,1.0,1.0,1.6666666666666667,0.8888888888888888,0.0,1.0,compromised,1,96.49361561613617
1.0,1.0,1.0,0.0,1.0,0.0,1.0,0.0,0.0,0.0,1.0,1.0,1.0,1.0,1.0,1.0,1.6666666666666667,0.8722222222222222,0.0,1.0,compromised,1,97.1584031911898
0.0,0.0,0.0,0.0,0.0,0.0,0.0,0.0,0.0,0.0,0.0,0.3333333333333333,0.0,0.0,0.0,0.07022186666666667,0.0,0.0,0.0,0.6,normal,0,11.885719666001528
0.0,0.0,0.0,0.0,0.0,0.0,0.0,0.0,0.0,0.0,0.0,0.0,0.0,0.0,0.0,0.0,0.0,0.0,0.0,0.5,normal,0,3.763933344071847
0.0,0.0,0.0,0.0,0.0,0.0,0.0,0.0,0.0,0.0,0.0,0.3333333333333333,0.0,0.0,0.0,0.14903226666666666,0.0,0.0,0.0,0.7,normal,0,10.985819662750446
1.0,1.0,1.0,0.0,1.0,0.0,1.0,0.0,0.0,0.0,1.0,1.0,1.0,1.0,1.0,1.0,1.6666666666666667,0.8777777777777778,0.0,1.0,compromised,1,97.59980683624624
0.0,1.0,0.0,0.0,0.0,0.0,0.0,0.0,0.0,0.0,0.0,0.3333333333333333,1.0,0.0,0.0,0.18150639999999998,0.3333333333333333,0.0,0.0,0.6,innocent_security_change,0,47.453186262900665
0.0,0.0,0.0,0.0,0.0,0.0,0.0,0.0,0.0,0.0,0.0,0.3333333333333333,0.0,0.0,0.0,0.27974522349204806,0.0,0.0,1.0,0.8,normal,0,16.82823454205458
0.0,0.0,0.0,0.0,0.0,0.0,0.0,0.0,0.0,0.0,0.0,0.3333333333333333,0.0,0.0,0.0,0.17953773333333334,0.0,0.0,1.0,0.7,normal,0,21.57587966072403
1.0,1.0,1.0,0.0,1.0,0.0,1.0,0.0,0.0,0.0,0.0,1.0,1.0,1.0,1.0,1.0,1.6666666666666667,0.9166666666666666,0.0,1.1,compromised,1,95.37644354634162
0.0,0.0,0.0,0.0,0.0,0.0,0.0,0.0,0.0,0.0,0.0,0.0,0.0,0.0,0.0,0.0,0.0,0.0,0.0,0.5,normal,0,0.6877110955131926
0.0,0.0,0.0,0.0,0.0,0.0,0.0,0.0,0.0,0.0,0.0,0.3333333333333333,0.0,0.0,0.0,0.1739084,0.0,0.0,1.0,0.7,normal,0,16.146919320519537
0.0,0.0,0.0,0.0,0.0,0.0,0.0,0.0,0.0,0.0,1.0,0.0,0.0,0.0,0.0,0.0,0.0,0.0,0.0,0.4,normal,0,8.421236299036895
0.0,0.0,0.0,0.0,0.0,0.0,0.0,0.0,0.0,0.0,0.0,0.0,0.0,0.0,0.0,0.0,0.0,0.0,0.0,0.5,normal,0,0.18242334574683206
0.0,0.0,0.0,0.0,0.0,0.0,0.0,0.0,0.0,0.0,0.0,0.3333333333333333,1.0,0.0,0.0,0.40417884173774454,0.0,0.0,0.0,0.5,normal,0,24.235498319684186
0.0,0.0,0.0,0.0,0.0,0.0,0.0,0.0,0.0,0.0,1.0,0.0,0.0,0.0,0.0,0.0,0.0,0.0,0.0,0.4,normal,0,17.78911538752304
1.0,1.0,1.0,0.0,1.0,0.0,1.0,0.0,0.0,0.0,0.0,1.0,1.0,1.0,1.0,1.0,1.6666666666666667,0.8777777777777778,0.0,1.0,compromised,1,96.47025918427957
0.0,0.0,0.0,0.0,0.0,0.0,0.0,0.0,0.0,0.0,1.0,0.3333333333333333,0.0,0.0,0.0,0.1540736,0.0,0.0,1.0,0.8,innocent_security_change,0,29.352603552527086
0.0,0.0,0.0,0.0,0.0,0.0,0.0,0.0,0.0,0.0,0.0,0.3333333333333333,0.0,0.0,0.0,0.07130493333333333,0.0,0.0,0.0,0.6,normal,0,11.830180240689725
0.0,0.0,0.0,0.0,0.0,0.0,0.0,0.0,0.0,0.0,0.0,0.0,0.0,0.0,0.0,0.0,0.0,0.0,0.0,0.4,normal,0,3.1948471762474178
1.0,1.0,1.0,0.0,1.0,0.0,1.0,0.0,0.0,0.0,1.0,1.0,1.0,1.0,1.0,1.0,1.6666666666666667,0.8888888888888888,0.0,1.0,compromised,1,97.82668611050457
1.0,0.0,0.0,0.0,0.0,0.0,0.0,0.0,0.3333333333333333,1.0,0.0,0.3333333333333333,0.0,1.0,0.0,0.636412,0.3333333333333333,0.0,0.0,0.7,medium,0,70.43934401554367
0.0,0.0,0.0,0.0,0.0,0.0,0.0,0.0,0.0,0.0,0.0,0.3333333333333333,0.0,0.0,0.0,0.17110160000000002,0.0,0.0,1.0,0.6,normal,0,23.378570490342057
0.0,0.0,0.0,0.0,0.0,0.0,0.0,0.0,0.0,0.0,0.0,0.3333333333333333,1.0,0.0,0.0,0.18208453333333333,0.0,0.0,0.0,0.6,normal,0,28.650507119877176
0.0,0.0,0.0,0.0,0.0,0.0,0.0,0.0,0.0,0.0,0.0,0.0,0.0,0.0,0.0,0.0,0.0,0.0,0.0,0.5,normal,0,0.0
0.0,0.0,0.0,0.0,0.0,0.0,0.0,0.0,0.0,0.0,0.0,0.3333333333333333,0.0,0.0,0.0,1.0,0.0,0.0,1.0,0.6,normal,0,26.306020772483855
1.0,1.0,1.0,0.0,1.0,0.0,1.0,0.0,0.0,0.0,0.0,1.0,1.0,1.0,1.0,1.0,1.6666666666666667,0.8555555555555556,0.0,1.0,compromised,1,97.0710666720317
0.0,0.0,0.0,0.0,0.0,0.0,0.0,0.0,0.0,0.0,0.0,0.3333333333333333,1.0,0.0,0.0,0.6987074732012667,0.0,0.0,0.0,0.5,normal,0,26.699620618441934
0.0,0.0,0.0,0.0,0.0,0.0,0.0,0.0,0.0,0.0,1.0,0.3333333333333333,0.0,0.0,0.0,0.15505480000000002,0.0,0.0,0.0,0.7,normal,0,22.85026954652593
1.0,1.0,1.0,0.0,1.0,0.0,1.0,0.0,0.0,0.0,1.0,1.0,1.0,1.0,1.0,1.0,1.6666666666666667,0.8444444444444444,0.0,1.0,compromised,1,96.17385188160999
0.0,0.0,0.0,0.0,0.0,0.0,0.0,0.0,0.0,0.0,0.0,0.3333333333333333,0.0,0.0,0.0,0.040232533333333334,0.0,0.0,0.0,0.5,normal,0,15.183856627423822
1.0,0.0,0.0,0.0,0.0,0.0,0.0,0.0,0.3333333333333333,1.0,0.0,0.3333333333333333,0.0,1.0,0.0,1.0,0.3333333333333333,0.0,0.0,0.6,medium,0,77.58876566615918
1.0,0.0,0.0,0.0,0.0,0.0,0.0,0.0,0.0,0.0,0.0,0.0,0.0,0.0,0.0,0.0,0.3333333333333333,0.0,0.0,0.3,compromised,1,52.38432606818873
1.0,1.0,1.0,0.0,1.0,0.0,1.0,0.0,0.0,0.0,0.0,0.6666666666666666,1.0,0.0,1.0,1.0,1.6666666666666667,0.8722222222222222,0.0,0.9,compromised,1,99.7195586899679
0.0,0.0,0.0,0.0,0.0,0.0,0.0,0.0,0.0,0.0,0.0,0.3333333333333333,0.0,0.0,0.0,0.07464386666666667,0.0,0.0,0.0,0.5,normal,0,12.986459920055388
0.0,0.0,0.0,0.0,0.0,0.0,0.0,0.0,0.0,0.0,0.0,0.0,0.0,0.0,0.0,0.0,0.0,0.0,0.0,0.5,normal,0,2.1611733833819473
0.0,1.0,0.0,0.0,0.0,0.0,0.0,0.0,0.0,0.0,0.0,0.3333333333333333,0.0,0.0,0.0,0.0,0.3333333333333333,0.0,0.0,0.6,innocent_security_change,0,35.32651311101131
1.0,1.0,1.0,0.0,1.0,0.0,1.0,0.0,0.0,0.0,1.0,1.0,1.0,1.0,1.0,1.0,1.6666666666666667,0.8611111111111112,0.0,1.0,compromised,1,98.1995899903624
0.0,0.0,0.0,0.0,0.0,0.0,0.0,0.0,0.0,0.0,0.0,0.3333333333333333,0.0,0.0,0.0,0.1550856,0.0,0.0,0.0,0.6,normal,0,14.063135659818037
0.0,0.0,0.0,0.0,0.0,0.0,0.0,0.0,0.3333333333333333,1.0,1.0,0.3333333333333333,0.0,1.0,0.0,1.0,0.0,0.0,0.0,0.7,medium,0,54.42362750307066
1.0,1.0,1.0,0.0,1.0,0.0,1.0,0.0,0.0,0.0,0.0,1.0,1.0,1.0,1.0,1.0,1.6666666666666667,0.8611111111111112,0.0,1.0,compromised,1,93.83170149526565
1.0,1.0,1.0,0.0,0.0,0.0,0.0,0.0,0.0,0.0,1.0,0.0,0.0,0.0,0.0,0.0,1.0,0.9055555555555556,0.0,0.5,compromised,1,85.05818665641281
0.0,0.0,0.0,0.0,0.0,0.0,0.0,0.0,0.0,0.0,0.0,0.0,0.0,0.0,0.0,0.0,0.0,0.0,0.0,0.5,normal,0,3.38610994454161
0.0,0.0,0.0,0.0,0.0,0.0,0.0,0.0,0.0,0.0,0.0,0.0,0.0,0.0,0.0,0.0,0.0,0.0,0.0,0.5,normal,0,3.3818780927129795
0.0,0.0,0.0,0.0,0.0,0.0,0.0,0.0,0.0,0.0,0.0,0.3333333333333333,0.0,0.0,0.0,0.0744864,0.0,0.0,0.0,0.5,normal,0,15.151007973842681
1.0,1.0,0.0,0.0,0.0,0.0,0.0,0.0,0.0,0.0,0.0,0.0,0.0,0.0,0.0,0.0,0.6666666666666666,0.7,0.0,0.4,compromised,1,69.430099862818
1.0,1.0,1.0,0.0,1.0,0.0,1.0,0.0,0.0,0.0,1.0,1.0,1.0,1.0,1.0,1.0,1.6666666666666667,0.8444444444444444,0.0,1.0,compromised,1,99.2585054922162
0.0,0.0,0.0,0.0,0.0,0.0,0.0,0.0,0.0,0.0,0.0,0.0,0.0,0.0,0.0,0.0,0.0,0.0,0.0,0.4,normal,0,6.58996698152852
0.0,0.0,0.0,0.0,0.0,0.0,0.0,0.0,0.0,0.0,0.0,0.0,0.0,0.0,0.0,0.0,0.0,0.0,1.0,0.5,innocent_security_change,0,17.629273837935884
1.0,0.0,0.0,0.0,0.0,0.0,0.0,0.0,0.3333333333333333,1.0,1.0,0.3333333333333333,0.0,1.0,0.0,0.7530766666666666,0.3333333333333333,0.0,0.0,0.9,medium,0,75.90204253087511
0.0,0.0,0.0,0.0,0.0,0.0,0.0,0.0,0.0,0.0,0.0,0.3333333333333333,1.0,0.0,0.0,0.18342413333333332,0.0,0.0,0.0,0.7,normal,0,25.92552540553601
0.0,0.0,0.0,0.0,0.0,0.0,0.0,0.0,0.0,0.0,1.0,0.0,0.0,0.0,0.0,0.0,0.0,0.0,0.0,0.5,normal,0,14.961481842236983
0.0,0.0,0.0,0.0,0.0,0.0,0.0,0.0,0.0,0.0,0.0,0.3333333333333333,0.0,0.0,0.0,0.1183348,0.0,0.0,0.0,0.5,normal,0,11.279149169224167
0.0,0.0,0.0,0.0,0.0,0.0,0.0,0.0,0.0,0.0,0.0,0.3333333333333333,0.0,0.0,0.0,0.111582,0.0,0.0,0.0,0.7,normal,0,11.74513289575978
0.0,0.0,0.0,1.0,0.0,0.0,0.0,0.0,0.0,0.0,1.0,0.3333333333333333,0.0,0.0,0.0,0.0933552,0.3333333333333333,0.0,0.0,0.7,innocent_security_change,0,38.62399206231498
0.0,0.0,0.0,0.0,0.0,0.0,0.0,0.0,0.0,0.0,0.0,0.3333333333333333,0.0,0.0,0.0,0.16782026666666666,0.0,0.0,1.0,0.7,normal,0,13.964113480857069
0.0,0.0,0.0,0.0,0.0,0.0,0.0,0.0,0.0,0.0,0.0,0.0,0.0,0.0,0.0,0.0,0.0,0.0,0.0,0.4,normal,0,4.572357935864375
1.0,1.0,1.0,0.0,1.0,0.0,1.0,0.0,0.0,0.0,1.0,1.0,1.0,1.0,1.0,1.0,1.6666666666666667,0.9,0.0,1.0,compromised,1,98.34212823794664
0.0,0.0,0.0,0.0,0.0,0.0,0.0,0.0,0.0,0.0,0.0,0.3333333333333333,1.0,0.0,0.0,0.12522738277551118,0.0,0.0,0.0,0.6,normal,0,22.946292586340718
0.0,0.0,0.0,0.0,0.0,0.0,0.0,0.0,0.0,0.0,0.0,0.3333333333333333,0.0,0.0,0.0,0.0,0.0,0.0,0.0,0.6,normal,0,15.016470985161888
0.0,0.0,0.0,0.0,0.0,0.0,0.0,0.0,0.0,0.0,0.0,0.0,0.0,0.0,0.0,0.0,0.0,0.0,0.0,0.4,normal,0,1.1798491637314155
0.0,0.0,0.0,0.0,0.0,0.0,0.0,0.0,0.0,0.0,0.0,0.3333333333333333,0.0,0.0,0.0,0.11640253333333334,0.0,0.0,0.0,0.5,normal,0,9.757678376640952
1.0,1.0,0.0,0.0,0.0,0.0,0.0,0.0,0.0,0.0,1.0,0.0,0.0,0.0,0.0,0.0,0.6666666666666666,0.8,0.0,0.4,compromised,1,81.3721064791613
0.0,0.0,0.0,0.0,0.0,0.0,0.0,0.0,0.0,0.0,0.0,0.0,0.0,0.0,0.0,0.0,0.0,0.0,0.0,0.5,normal,0,1.4908888414029136
0.0,0.0,0.0,0.0,0.0,0.0,0.0,0.0,0.0,0.0,0.0,0.3333333333333333,0.0,0.0,0.0,0.08845506666666667,0.0,0.0,0.0,0.6,normal,0,9.675854248566024
1.0,1.0,1.0,0.0,1.0,0.0,1.0,0.0,0.0,0.0,0.0,1.0,1.0,1.0,1.0,1.0,1.6666666666666667,0.8333333333333334,0.0,1.0,compromised,1,97.38856995240374
0.0,1.0,0.0,0.0,0.0,0.0,0.0,0.0,0.0,0.0,0.0,0.3333333333333333,0.0,0.0,0.0,0.0,0.3333333333333333,0.0,0.0,0.4,innocent_security_change,0,38.55120991576163
1.0,1.0,1.0,0.0,1.0,0.0,1.0,0.0,0.0,0.0,0.0,1.0,1.0,1.0,1.0,1.0,1.6666666666666667,0.8944444444444445,0.0,1.1,compromised,1,98.3311515661305
0.0,0.0,0.0,0.0,0.0,0.0,0.0,0.0,0.3333333333333333,1.0,1.0,0.3333333333333333,0.0,1.0,0.0,0.46766773333333334,0.0,0.0,0.0,0.7,medium,0,47.14721907033131
0.0,0.0,0.0,0.0,0.0,0.0,0.0,0.0,0.3333333333333333,1.0,1.0,0.3333333333333333,0.0,1.0,0.0,0.6928298666666667,0.0,0.0,0.0,0.4,medium,0,49.58789895244485
0.0,0.0,0.0,0.0,0.0,0.0,0.0,0.0,0.3333333333333333,1.0,0.0,0.3333333333333333,0.0,1.0,0.0,1.0,0.0,0.0,0.0,0.6,medium,0,46.890368059486704
0.0,0.0,0.0,0.0,0.0,0.0,0.0,0.0,0.3333333333333333,1.0,0.0,0.3333333333333333,0.0,1.0,0.0,0.7555377333333334,0.0,0.0,0.0,0.4,medium,0,45.56494247882942
0.0,0.0,0.0,0.0,0.0,0.0,0.0,0.0,0.0,0.0,0.0,0.3333333333333333,1.0,0.0,0.0,0.19528346666666668,0.0,0.0,0.0,0.6,normal,0,25.34263872970537
1.0,0.0,0.0,0.0,0.0,0.0,0.0,0.0,0.0,0.0,0.0,0.0,0.0,0.0,0.0,0.0,0.3333333333333333,0.0,0.0,0.3,compromised,1,52.898405381328125
0.0,0.0,0.0,0.0,0.0,0.0,0.0,0.0,0.0,0.0,1.0,0.3333333333333333,0.0,0.0,0.0,0.0,0.0,0.0,0.0,0.5,normal,0,14.181595158800086
0.0,0.0,0.0,0.0,0.0,0.0,0.0,0.0,0.3333333333333333,1.0,0.0,0.3333333333333333,0.0,1.0,0.0,1.0,0.0,0.0,0.0,0.5,medium,0,50.6920298404023
1.0,1.0,1.0,0.0,1.0,0.0,1.0,0.0,0.0,0.0,1.0,1.0,1.0,1.0,1.0,1.0,1.6666666666666667,0.8944444444444445,0.0,1.0,compromised,1,98.65491381684622
0.0,0.0,0.0,0.0,0.0,0.0,0.0,0.0,0.0,0.0,0.0,0.0,0.0,0.0,0.0,0.0,0.0,0.0,0.0,0.4,normal,0,6.3285143296925614
0.0,0.0,0.0,0.0,0.0,0.0,0.0,0.0,0.0,0.0,0.0,0.0,0.0,0.0,0.0,0.0,0.0,0.0,0.0,0.4,normal,0,3.9776800289344756
0.0,0.0,0.0,0.0,0.0,0.0,0.0,0.0,0.0,0.0,0.0,0.0,0.0,0.0,0.0,0.0,0.0,0.0,0.0,0.4,normal,0,5.620491605047201
0.0,0.0,0.0,0.0,0.0,0.0,0.0,0.0,0.0,0.0,0.0,0.3333333333333333,0.0,0.0,0.0,0.13803680000000002,0.0,0.0,0.0,0.6,normal,0,12.856687352332399
0.0,0.0,0.0,0.0,0.0,0.0,0.0,0.0,0.0,0.0,1.0,0.3333333333333333,0.0,0.0,0.0,0.0,0.0,0.0,1.0,0.4,innocent_security_change,0,28.516529543186742
1.0,0.0,0.0,0.0,0.0,0.0,0.0,0.0,0.3333333333333333,1.0,0.0,0.3333333333333333,0.0,1.0,0.0,1.0,0.3333333333333333,0.0,0.0,0.8,medium,0,76.28462237981292
1.0,1.0,1.0,0.0,1.0,0.0,1.0,0.0,0.0,0.0,0.0,1.0,1.0,1.0,1.0,1.0,1.6666666666666667,0.8166666666666667,0.0,1.0,compromised,1,97.50043962533462
0.0,0.0,0.0,0.0,0.0,0.0,0.0,0.0,0.3333333333333333,1.0,0.0,0.3333333333333333,0.0,1.0,0.0,0.6276326666666666,0.0,0.0,0.0,0.7,medium,0,51.6131254874212
1.0,1.0,1.0,0.0,0.0,0.0,0.0,0.0,0.0,0.0,1.0,0.0,0.0,0.0,0.0,0.0,1.0,0.9444444444444444,0.0,0.5,compromised,1,89.43334849546687
0.0,0.0,0.0,0.0,0.0,0.0,0.0,0.0,0.0,0.0,0.0,0.3333333333333333,1.0,0.0,0.0,0.16614959999999998,0.0,0.0,0.0,0.5,normal,0,24.83576647559421
0.0,0.0,0.0,0.0,0.0,0.0,0.0,0.0,0.0,0.0,0.0,0.3333333333333333,1.0,0.0,0.0,1.0,0.0,0.0,0.0,0.5,normal,0,28.95978095393072
0.0,0.0,0.0,1.0,0.0,0.0,0.0,0.0,0.0,0.0,0.0,0.3333333333333333,0.0,0.0,0.0,0.08430626666666667,0.3333333333333333,0.0,0.0,0.6,innocent_security_change,0,26.51229251974856
0.0,0.0,0.0,0.0,0.0,0.0,0.0,0.0,0.3333333333333333,1.0,0.0,0.3333333333333333,0.0,1.0,0.0,1.0,0.0,0.0,0.0,0.6,medium,0,49.14054284787186
0.0,1.0,0.0,0.0,0.0,0.0,0.0,0.0,0.0,0.0,0.0,0.3333333333333333,0.0,0.0,0.0,0.0,0.3333333333333333,0.0,0.0,0.6,innocent_security_change,0,37.730859216786826
1.0,1.0,1.0,0.0,1.0,0.0,1.0,0.0,0.0,0.0,1.0,0.0,0.0,0.0,0.0,0.0,1.6666666666666667,0.9166666666666666,0.0,0.8,compromised,1,93.69567811852684
0.0,0.0,0.0,0.0,0.0,0.0,0.0,0.0,0.0,0.0,0.0,0.3333333333333333,0.0,0.0,0.0,0.0073836,0.0,0.0,0.0,0.6,normal,0,10.348486470437335
0.0,0.0,0.0,0.0,0.0,0.0,0.0,0.0,0.0,0.0,0.0,0.3333333333333333,0.0,0.0,0.0,0.12466680000000001,0.0,0.0,0.0,0.6,normal,0,15.489986058277633
1.0,1.0,0.0,0.0,0.0,0.0,0.0,0.0,0.0,0.0,0.0,0.0,0.0,0.0,0.0,0.0,0.6666666666666666,0.7666666666666666,0.0,0.4,compromised,1,75.15418265480591
0.0,0.0,0.0,0.0,0.0,0.0,0.0,0.0,0.0,0.0,0.0,0.3333333333333333,0.0,0.0,0.0,0.12026133333333335,0.0,0.0,0.0,0.5,normal,0,7.962918635577279
0.0,0.0,0.0,0.0,0.0,0.0,0.0,0.0,0.3333333333333333,1.0,0.0,0.3333333333333333,1.0,1.0,0.0,0.7939178666666666,0.0,0.0,0.0,0.7,medium,0,54.089634526002826
1.0,1.0,1.0,0.0,1.0,0.0,1.0,0.0,0.0,0.0,1.0,1.0,1.0,1.0,1.0,1.0,1.6666666666666667,0.8833333333333333,0.0,1.0,compromised,1,96.00467644970465
0.0,0.0,0.0,0.0,0.0,0.0,0.0,0.0,0.0,0.0,0.0,0.0,0.0,0.0,0.0,0.0,0.0,0.0,0.0,0.4,normal,0,1.8979344196863932
0.0,0.0,0.0,0.0,0.0,0.0,0.0,0.0,0.0,0.0,0.0,0.3333333333333333,0.0,0.0,0.0,0.0,0.0,0.0,0.0,0.6,normal,0,8.865276331788886
1.0,1.0,1.0,0.0,1.0,0.0,1.0,0.0,0.0,0.0,0.0,1.0,1.0,1.0,1.0,1.0,1.6666666666666667,0.8944444444444445,0.0,1.0,compromised,1,96.60155801991269
0.0,0.0,0.0,0.0,0.0,0.0,0.0,0.0,0.0,0.0,0.0,0.0,0.0,0.0,0.0,0.0,0.0,0.0,0.0,0.4,normal,0,0.0
1.0,0.0,0.0,0.0,0.0,0.0,0.0,0.0,0.3333333333333333,1.0,1.0,0.3333333333333333,1.0,1.0,0.0,0.6790881333333333,0.3333333333333333,0.0,0.0,0.9,medium,0,79.5032134535795
0.0,0.0,0.0,0.0,0.0,0.0,0.0,0.0,0.0,0.0,0.0,0.0,0.0,0.0,0.0,0.0,0.0,0.0,0.0,0.3,normal,0,0.7566695996448771
0.0,0.0,0.0,0.0,0.0,0.0,0.0,0.0,0.0,0.0,1.0,0.3333333333333333,0.0,0.0,0.0,0.11194373333333334,0.0,0.0,0.0,0.8,normal,0,14.340268149305448
0.0,0.0,0.0,0.0,0.0,0.0,0.0,0.0,0.0,0.0,0.0,0.3333333333333333,0.0,0.0,0.0,0.08070719999999999,0.0,0.0,0.0,0.5,normal,0,15.433283026811353
1.0,0.0,0.0,0.0,0.0,0.0,0.0,0.0,0.3333333333333333,1.0,0.0,0.3333333333333333,0.0,1.0,0.0,1.0,0.3333333333333333,0.0,0.0,0.6,medium,0,77.33431831584187
0.0,0.0,0.0,0.0,0.0,0.0,0.0,0.0,0.0,0.0,0.0,0.0,0.0,0.0,0.0,0.0,0.0,0.0,0.0,0.4,normal,0,1.9264323983953058
1.0,1.0,1.0,0.0,1.0,0.0,0.0,0.0,0.0,0.0,0.0,0.0,0.0,0.0,0.0,0.0,1.3333333333333333,0.8944444444444445,0.0,0.6,compromised,1,91.8699947437679
0.0,0.0,0.0,0.0,0.0,0.0,0.0,0.0,0.0,0.0,1.0,0.3333333333333333,0.0,0.0,0.0,0.16313609782090538,0.0,0.0,0.0,0.5,normal,0,17.600776633627994
0.0,0.0,0.0,0.0,0.0,0.0,0.0,0.0,0.0,0.0,0.0,0.0,0.0,0.0,0.0,0.0,0.0,0.0,0.0,0.5,normal,0,7.810349298054719
0.0,0.0,0.0,1.0,0.0,0.0,0.0,0.0,0.0,0.0,1.0,0.3333333333333333,0.0,0.0,0.0,0.0543768,0.3333333333333333,0.0,0.0,0.7,innocent_security_change,0,41.922113445369845
0.0,0.0,0.0,0.0,0.0,0.0,0.0,0.0,0.3333333333333333,1.0,0.0,0.3333333333333333,0.0,1.0,0.0,1.0,0.0,0.0,0.0,0.7,medium,0,49.174336428953524
0.0,0.0,0.0,0.0,0.0,0.0,0.0,0.0,0.0,0.0,0.0,0.3333333333333333,0.0,0.0,0.0,0.03310986666666666,0.0,0.0,0.0,0.5,normal,0,12.236515421167327
0.0,0.0,0.0,0.0,0.0,0.0,0.0,0.0,0.0,0.0,1.0,0.3333333333333333,0.0,0.0,0.0,0.018142666666666668,0.0,0.0,1.0,0.6,innocent_security_change,0,26.86442840176849
0.0,0.0,0.0,0.0,0.0,0.0,0.0,0.0,0.0,0.0,0.0,0.3333333333333333,0.0,0.0,0.0,0.18288573333333333,0.0,0.0,1.0,0.7,normal,0,17.12738526265024
0.0,0.0,0.0,0.0,0.0,0.0,0.0,0.0,0.0,0.0,0.0,0.3333333333333333,0.0,0.0,0.0,0.0445896,0.0,0.0,1.0,0.6,innocent_security_change,0,17.231305344092636
0.0,0.0,0.0,0.0,0.0,0.0,0.0,0.0,0.0,0.0,0.0,0.3333333333333333,0.0,0.0,0.0,0.077908,0.0,0.0,0.0,0.5,normal,0,10.594143867953527
0.0,0.0,0.0,0.0,0.0,0.0,0.0,0.0,0.0,0.0,0.0,0.0,0.0,0.0,0.0,0.0,0.0,0.0,0.0,0.5,normal,0,2.434672806668945
1.0,0.0,0.0,0.0,0.0,0.0,0.0,0.0,0.0,0.0,0.0,0.0,0.0,0.0,0.0,0.0,0.3333333333333333,0.0,0.0,0.2,compromised,1,50.95482060082106
1.0,1.0,1.0,0.0,1.0,0.0,1.0,0.0,0.0,0.0,1.0,1.0,1.0,1.0,1.0,1.0,1.6666666666666667,0.8888888888888888,0.0,1.0,compromised,1,97.79179586854677
0.0,0.0,0.0,0.0,0.0,0.0,0.0,0.0,0.0,0.0,0.0,0.3333333333333333,0.0,0.0,0.0,0.0,0.0,0.0,0.0,0.5,normal,0,9.039452930623872
0.0,0.0,0.0,0.0,0.0,0.0,0.0,0.0,0.0,0.0,0.0,0.3333333333333333,0.0,0.0,0.0,0.09199879999999999,0.0,0.0,0.0,0.6,normal,0,11.227625745031062
0.0,0.0,0.0,0.0,0.0,0.0,0.0,0.0,0.3333333333333333,1.0,1.0,0.3333333333333333,0.0,1.0,0.0,1.0,0.0,0.0,0.0,0.5,medium,0,50.75159632543534
1.0,0.0,0.0,0.0,0.0,0.0,0.0,0.0,0.3333333333333333,1.0,0.0,0.3333333333333333,0.0,1.0,0.0,0.6645951999999999,0.3333333333333333,0.0,0.0,0.7,medium,0,71.74374539205317
1.0,0.0,0.0,0.0,0.0,0.0,0.0,0.0,0.3333333333333333,1.0,0.0,0.3333333333333333,0.0,1.0,0.0,1.0,0.3333333333333333,0.0,0.0,0.8,medium,0,71.76753512551855
0.0,0.0,0.0,0.0,0.0,0.0,0.0,0.0,0.3333333333333333,1.0,1.0,0.3333333333333333,0.0,1.0,0.0,0.7766329333333334,0.0,0.0,0.0,0.4,medium,0,53.95751055784196
0.0,0.0,0.0,0.0,0.0,0.0,0.0,0.0,0.0,0.0,0.0,0.0,0.0,0.0,0.0,0.0,0.0,0.0,0.0,0.5,normal,0,0.0
0.0,0.0,0.0,0.0,0.0,0.0,0.0,0.0,0.3333333333333333,1.0,1.0,0.3333333333333333,0.0,1.0,0.0,0.43483933333333336,0.0,0.0,0.0,0.7,medium,0,53.025248389433294
0.0,0.0,0.0,0.0,0.0,0.0,0.0,0.0,0.0,0.0,0.0,0.3333333333333333,0.0,0.0,0.0,0.14586986666666665,0.0,0.0,0.0,0.7,normal,0,15.895950047930514
0.0,0.0,0.0,1.0,0.0,0.0,0.0,0.0,0.0,0.0,0.0,0.3333333333333333,0.0,0.0,0.0,0.17939506666666666,0.3333333333333333,0.0,1.0,0.7,innocent_security_change,0,36.42360715453983
0.0,0.0,0.0,0.0,0.0,0.0,0.0,0.0,0.0,0.0,0.0,0.0,0.0,0.0,0.0,0.0,0.0,0.0,0.0,0.4,normal,0,0.0
0.0,0.0,0.0,0.0,0.0,0.0,0.0,0.0,0.0,0.0,1.0,0.0,0.0,0.0,0.0,0.0,0.0,0.0,0.0,0.6,normal,0,13.260344684393136
1.0,1.0,1.0,0.0,1.0,0.0,1.0,0.0,0.0,0.0,1.0,1.0,1.0,1.0,1.0,1.0,1.6666666666666667,0.8555555555555556,0.0,1.0,compromised,1,97.84054383876224
1.0,1.0,1.0,0.0,0.0,0.0,0.0,0.0,0.0,0.0,1.0,0.0,0.0,0.0,0.0,0.0,1.0,0.9111111111111111,0.0,0.5,compromised,1,84.55963998299252
0.0,0.0,0.0,0.0,0.0,0.0,0.0,0.0,0.0,0.0,1.0,0.3333333333333333,0.0,0.0,0.0,0.040457066666666666,0.0,0.0,0.0,0.6,normal,0,18.39729251015591
1.0,0.0,0.0,0.0,0.0,0.0,0.0,0.0,0.3333333333333333,1.0,0.0,0.3333333333333333,0.0,1.0,0.0,0.4701066666666667,0.3333333333333333,0.0,0.0,0.5,medium,0,76.20358026455567
1.0,0.0,0.0,0.0,0.0,0.0,0.0,0.0,0.3333333333333333,1.0,1.0,0.3333333333333333,0.0,1.0,0.0,1.0,0.3333333333333333,0.0,0.0,0.8,medium,0,79.22726199733512
0.0,0.0,0.0,0.0,0.0,0.0,0.0,0.0,0.0,0.0,1.0,0.3333333333333333,0.0,0.0,0.0,0.41349139505230076,0.0,0.0,1.0,0.8,normal,0,29.229378972421348
0.0,0.0,0.0,0.0,0.0,0.0,0.0,0.0,0.0,0.0,1.0,0.3333333333333333,1.0,0.0,0.0,0.25477184896125077,0.0,0.0,0.0,0.5,normal,0,28.203621166606304
0.0,0.0,0.0,0.0,0.0,0.0,0.0,0.0,0.0,0.0,0.0,0.3333333333333333,1.0,0.0,0.0,0.1642129333333333,0.0,0.0,0.0,0.6,normal,0,23.117497720191825
0.0,0.0,0.0,0.0,0.0,0.0,0.0,0.0,0.0,0.0,1.0,0.0,0.0,0.0,0.0,0.0,0.0,0.0,0.0,0.4,normal,0,12.372325595330524
1.0,1.0,1.0,0.0,1.0,0.0,1.0,0.0,0.0,0.0,0.0,1.0,1.0,1.0,1.0,1.0,1.6666666666666667,0.8777777777777778,0.0,1.0,compromised,1,99.02545634242587
0.0,0.0,0.0,0.0,0.0,0.0,0.0,0.0,0.0,0.0,0.0,0.0,0.0,0.0,0.0,0.0,0.0,0.0,0.0,0.4,normal,0,1.5288924292886485
0.0,1.0,0.0,0.0,0.0,0.0,0.0,0.0,0.0,0.0,1.0,0.3333333333333333,0.0,0.0,0.0,0.0,0.3333333333333333,0.0,0.0,0.6,innocent_security_change,0,45.1189887803574
0.0,0.0,0.0,0.0,0.0,0.0,0.0,0.0,0.0,0.0,0.0,0.3333333333333333,0.0,0.0,0.0,0.16297933333333334,0.0,0.0,1.0,0.6,normal,0,24.494273169004497
1.0,0.0,0.0,0.0,0.0,0.0,0.0,0.0,0.3333333333333333,1.0,0.0,0.3333333333333333,0.0,1.0,0.0,0.4018332,0.3333333333333333,0.0,1.0,0.8,medium,0,77.11521526730915
0.0,0.0,0.0,0.0,0.0,0.0,0.0,0.0,0.0,0.0,0.0,0.0,0.0,0.0,0.0,0.0,0.0,0.0,0.0,0.4,normal,0,2.746962942380865
0.0,0.0,0.0,0.0,0.0,0.0,0.0,0.0,0.3333333333333333,1.0,1.0,0.3333333333333333,0.0,1.0,0.0,1.0,0.0,0.0,0.0,0.4,medium,0,52.60511102638968
0.0,0.0,0.0,0.0,0.0,0.0,0.0,0.0,0.0,0.0,0.0,0.3333333333333333,1.0,0.0,0.0,0.9318748705489189,0.0,0.0,0.0,0.6,normal,0,31.079746036837545
0.0,0.0,0.0,0.0,0.0,0.0,0.0,0.0,0.0,0.0,0.0,0.0,0.0,0.0,0.0,0.0,0.0,0.0,0.0,0.5,normal,0,6.522644384657917
0.0,0.0,0.0,0.0,0.0,0.0,0.0,0.0,0.0,0.0,0.0,0.3333333333333333,0.0,0.0,0.0,0.15001546666666665,0.0,0.0,0.0,0.4,normal,0,8.984133754696572
0.0,0.0,0.0,0.0,0.0,0.0,0.0,0.0,0.3333333333333333,1.0,1.0,0.3333333333333333,0.0,1.0,0.0,1.0,0.0,0.0,1.0,0.7,medium,0,58.17979802596424
0.0,0.0,0.0,0.0,0.0,1.0,0.0,0.0,0.0,0.0,1.0,0.3333333333333333,0.0,0.0,0.0,0.04880533333333333,0.3333333333333333,0.0,0.0,0.6,innocent_security_change,0,36.797037945990596
0.0,0.0,0.0,0.0,0.0,0.0,0.0,0.0,0.0,0.0,0.0,0.3333333333333333,0.0,0.0,0.0,0.14566946666666666,0.0,0.0,0.0,0.6,normal,0,10.533851125860018
0.0,0.0,0.0,1.0,0.0,0.0,0.0,0.0,0.0,0.0,0.0,0.3333333333333333,0.0,0.0,0.0,0.0,0.3333333333333333,0.0,0.0,0.7,innocent_security_change,0,25.950389215859616
0.0,0.0,0.0,0.0,0.0,0.0,0.0,0.0,0.0,0.0,0.0,0.3333333333333333,0.0,0.0,0.0,0.0,0.0,0.0,0.0,0.6,normal,0,10.706751754907163
0.0,0.0,0.0,0.0,0.0,0.0,0.0,0.0,0.0,0.0,0.0,0.3333333333333333,0.0,0.0,0.0,0.013924666666666665,0.0,0.0,0.0,0.6,normal,0,9.929111354737206
0.0,0.0,0.0,1.0,0.0,0.0,0.0,0.0,0.0,0.0,1.0,0.3333333333333333,0.0,0.0,0.0,0.1205616,0.3333333333333333,0.0,0.0,0.6,innocent_security_change,0,38.577209423572945
0.0,0.0,0.0,0.0,0.0,0.0,0.0,0.0,0.0,0.0,0.0,0.3333333333333333,1.0,0.0,0.0,0.1688164,0.0,0.0,0.0,0.5,normal,0,22.097111350592783
0.0,0.0,0.0,0.0,0.0,0.0,0.0,0.0,0.0,0.0,0.0,0.0,0.0,0.0,0.0,0.0,0.0,0.0,0.0,0.5,normal,0,6.623095350560175
0.0,0.0,0.0,0.0,0.0,0.0,0.0,0.0,0.0,0.0,0.0,0.3333333333333333,0.0,0.0,0.0,0.0873144,0.0,0.0,0.0,0.6,normal,0,8.844448815348679
0.0,0.0,0.0,0.0,0.0,0.0,0.0,0.0,0.0,0.0,0.0,0.0,0.0,0.0,0.0,0.0,0.0,0.0,0.0,0.4,normal,0,7.1472849207525275
0.0,0.0,0.0,0.0,0.0,0.0,0.0,0.0,0.0,0.0,0.0,0.3333333333333333,1.0,0.0,0.0,0.9461203739998796,0.0,0.0,0.0,0.7,normal,0,28.235089946504512
0.0,0.0,0.0,0.0,0.0,0.0,0.0,0.0,0.0,0.0,0.0,0.0,0.0,0.0,0.0,0.0,0.0,0.0,0.0,0.5,normal,0,4.657967264919783
0.0,0.0,0.0,0.0,0.0,0.0,0.0,0.0,0.0,0.0,0.0,0.0,0.0,0.0,0.0,0.0,0.0,0.0,0.0,0.4,normal,0,4.0557609170243545
1.0,1.0,1.0,0.0,1.0,0.0,1.0,0.0,0.0,0.0,1.0,1.0,1.0,1.0,1.0,1.0,1.6666666666666667,0.8277777777777777,0.0,1.0,compromised,1,95.99589262822799
0.0,0.0,0.0,0.0,0.0,0.0,0.0,0.0,0.3333333333333333,1.0,0.0,0.3333333333333333,0.0,1.0,0.0,0.4363356,0.0,0.0,0.0,0.7,medium,0,45.46745493309165
1.0,1.0,1.0,0.0,1.0,0.0,1.0,0.0,0.0,0.0,0.0,1.0,1.0,1.0,1.0,1.0,1.6666666666666667,0.9055555555555556,0.0,0.9,compromised,1,100.0
0.0,0.0,0.0,0.0,0.0,0.0,0.0,0.0,0.3333333333333333,1.0,1.0,0.3333333333333333,0.0,1.0,0.0,0.7752750666666667,0.0,0.0,0.0,0.7,medium,0,47.00799533230452
1.0,1.0,1.0,0.0,1.0,0.0,1.0,0.0,0.0,0.0,0.0,1.0,1.0,1.0,1.0,1.0,1.6666666666666667,0.9055555555555556,0.0,1.0,compromised,1,99.05964759291481
0.0,0.0,0.0,0.0,0.0,0.0,0.0,0.0,0.0,0.0,0.0,0.0,0.0,0.0,0.0,0.0,0.0,0.0,0.0,0.4,normal,0,0.0
1.0,0.0,0.0,0.0,0.0,0.0,0.0,0.0,0.0,0.0,1.0,0.0,0.0,0.0,0.0,0.0,0.3333333333333333,0.0,0.0,0.3,compromised,1,54.41478564828401
0.0,0.0,0.0,0.0,0.0,0.0,0.0,0.0,0.3333333333333333,1.0,0.0,0.3333333333333333,0.0,1.0,0.0,1.0,0.0,0.0,0.0,0.7,medium,0,52.85551802058958
0.0,0.0,0.0,0.0,0.0,0.0,0.0,0.0,0.0,0.0,1.0,0.3333333333333333,0.0,0.0,0.0,0.07008173333333334,0.0,0.0,0.0,0.7,normal,0,19.155703459910978
1.0,0.0,0.0,0.0,0.0,0.0,0.0,0.0,0.3333333333333333,1.0,1.0,0.3333333333333333,0.0,1.0,0.0,1.0,0.3333333333333333,0.0,1.0,0.9,medium,0,76.72827922027876
0.0,0.0,0.0,0.0,0.0,0.0,0.0,0.0,0.3333333333333333,1.0,1.0,0.3333333333333333,0.0,1.0,0.0,1.0,0.0,0.0,0.0,0.8,medium,0,53.91391350142538
1.0,0.0,0.0,0.0,0.0,0.0,0.0,0.0,0.0,0.0,1.0,0.0,0.0,0.0,0.0,0.0,0.3333333333333333,0.0,0.0,0.4,compromised,1,62.311545841252496
0.0,0.0,0.0,0.0,0.0,0.0,0.0,0.0,0.0,0.0,0.0,0.3333333333333333,0.0,0.0,0.0,0.151502,0.0,0.0,0.0,0.6,normal,0,7.28391027101703
0.0,0.0,0.0,0.0,0.0,0.0,0.0,0.0,0.0,0.0,1.0,0.3333333333333333,0.0,0.0,0.0,0.16709093333333333,0.0,0.0,1.0,0.7,normal,0,25.89649932330765
0.0,0.0,0.0,0.0,0.0,0.0,0.0,0.0,0.0,0.0,0.0,0.0,0.0,0.0,0.0,0.0,0.0,0.0,0.0,0.4,normal,0,6.6107634186568625
1.0,1.0,1.0,0.0,1.0,0.0,1.0,0.0,0.0,0.0,1.0,1.0,1.0,1.0,1.0,1.0,1.6666666666666667,0.8888888888888888,0.0,1.0,compromised,1,100.0
0.0,0.0,0.0,0.0,0.0,0.0,0.0,0.0,0.0,0.0,0.0,0.0,0.0,0.0,0.0,0.0,0.0,0.0,0.0,0.5,normal,0,3.3124640428018455
0.0,0.0,0.0,0.0,0.0,0.0,0.0,0.0,0.0,0.0,1.0,0.3333333333333333,0.0,0.0,0.0,0.0,0.0,0.0,0.0,0.6,normal,0,16.113688570684275
0.0,0.0,0.0,0.0,0.0,0.0,0.0,0.0,0.0,0.0,0.0,0.3333333333333333,0.0,0.0,0.0,0.08722173333333333,0.0,0.0,0.0,0.6,normal,0,16.274792893100933
1.0,1.0,1.0,0.0,1.0,0.0,1.0,0.0,0.0,0.0,1.0,1.0,1.0,1.0,1.0,1.0,1.6666666666666667,0.8555555555555556,0.0,1.0,compromised,1,100.0
1.0,1.0,1.0,0.0,1.0,0.0,1.0,0.0,0.0,0.0,0.0,1.0,1.0,1.0,1.0,1.0,1.6666666666666667,0.85,0.0,0.9,compromised,1,99.448054705171
0.0,0.0,0.0,0.0,0.0,0.0,0.0,0.0,0.0,0.0,0.0,0.3333333333333333,1.0,0.0,0.0,0.19203133333333333,0.0,0.0,0.0,0.6,normal,0,22.21119590018741
0.0,0.0,0.0,0.0,0.0,0.0,0.0,0.0,0.0,0.0,1.0,0.0,0.0,0.0,0.0,0.0,0.0,0.0,0.0,0.5,normal,0,13.414507597145274
0.0,0.0,0.0,0.0,0.0,0.0,0.0,0.0,0.0,0.0,0.0,0.3333333333333333,0.0,0.0,0.0,0.09357546666666666,0.0,0.0,0.0,0.6,normal,0,10.716465404511487
1.0,1.0,1.0,0.0,1.0,0.0,1.0,0.0,0.0,0.0,1.0,1.0,1.0,1.0,1.0,1.0,1.6666666666666667,0.9055555555555556,0.0,1.0,compromised,1,98.85699836300653
0.0,0.0,0.0,0.0,0.0,1.0,0.0,0.0,0.0,0.0,0.0,0.0,0.0,0.0,0.0,0.0,0.3333333333333333,0.0,0.0,0.3,innocent_security_change,0,26.38202629373432
0.0,0.0,0.0,0.0,0.0,0.0,0.0,0.0,0.0,0.0,0.0,0.3333333333333333,0.0,0.0,0.0,0.1504544,0.0,0.0,0.0,0.6,normal,0,14.04822733044166
0.0,0.0,0.0,0.0,0.0,0.0,0.0,0.0,0.0,0.0,0.0,0.3333333333333333,0.0,0.0,0.0,0.08355173333333334,0.0,0.0,0.0,0.7,normal,0,8.939254207608302
0.0,0.0,0.0,0.0,0.0,0.0,0.0,0.0,0.0,0.0,0.0,0.3333333333333333,0.0,0.0,0.0,0.06149693333333334,0.0,0.0,0.0,0.6,normal,0,14.1429141110894
0.0,0.0,0.0,0.0,0.0,0.0,0.0,0.0,0.0,0.0,0.0,0.3333333333333333,0.0,0.0,0.0,0.0,0.0,0.0,0.0,0.6,normal,0,10.682145845895882
0.0,0.0,0.0,0.0,0.0,0.0,0.0,0.0,0.3333333333333333,1.0,0.0,0.3333333333333333,0.0,1.0,0.0,0.7799966666666667,0.0,0.0,0.0,0.7,medium,0,48.834778950147275
1.0,1.0,1.0,0.0,1.0,0.0,1.0,0.0,0.0,0.0,0.0,1.0,1.0,1.0,1.0,1.0,1.6666666666666667,0.8888888888888888,0.0,1.0,compromised,1,100.0
0.0,0.0,0.0,0.0,0.0,0.0,0.0,0.0,0.0,0.0,0.0,0.0,0.0,0.0,0.0,0.0,0.0,0.0,0.0,0.4,normal,0,0.08823358692391814
0.0,0.0,0.0,0.0,0.0,0.0,0.0,0.0,0.0,0.0,0.0,0.3333333333333333,0.0,0.0,0.0,0.008498666666666667,0.0,0.0,0.0,0.6,normal,0,9.921062471187993
0.0,0.0,0.0,0.0,0.0,0.0,0.0,0.0,0.3333333333333333,1.0,0.0,0.3333333333333333,0.0,1.0,0.0,0.4077097333333333,0.0,0.0,0.0,0.5,medium,0,42.02793149768426
0.0,0.0,0.0,0.0,0.0,0.0,0.0,0.0,0.0,0.0,0.0,0.3333333333333333,0.0,0.0,0.0,0.1005424,0.0,0.0,0.0,0.5,normal,0,6.639624239859051
0.0,0.0,0.0,0.0,0.0,0.0,0.0,0.0,0.3333333333333333,1.0,1.0,0.3333333333333333,0.0,1.0,0.0,1.0,0.0,0.0,0.0,0.8,medium,0,55.27553276789938
0.0,0.0,0.0,0.0,0.0,0.0,0.0,0.0,0.0,0.0,0.0,0.0,0.0,0.0,0.0,0.0,0.0,0.0,0.0,0.4,normal,0,9.146075589668854
1.0,0.0,0.0,0.0,0.0,0.0,0.0,0.0,0.0,0.0,1.0,0.0,0.0,0.0,0.0,0.0,0.3333333333333333,0.0,0.0,0.3,compromised,1,52.228753295827644
0.0,0.0,0.0,0.0,0.0,0.0,0.0,0.0,0.0,0.0,0.0,0.3333333333333333,0.0,0.0,0.0,0.1385788,0.0,0.0,0.0,0.6,normal,0,11.616584285384631
0.0,0.0,0.0,0.0,0.0,0.0,0.0,0.0,0.3333333333333333,1.0,0.0,0.3333333333333333,0.0,1.0,0.0,0.40105213333333334,0.0,0.0,0.0,0.6,medium,0,45.31390190390593
0.0,0.0,0.0,0.0,0.0,0.0,0.0,0.0,0.0,0.0,0.0,0.0,0.0,0.0,0.0,0.0,0.0,0.0,0.0,0.4,normal,0,3.174879714848249
1.0,1.0,1.0,0.0,1.0,0.0,1.0,0.0,0.0,0.0,0.0,0.6666666666666666,1.0,1.0,0.0,1.0,1.6666666666666667,0.8333333333333334,0.0,0.9,compromised,1,96.73020509129506
1.0,0.0,0.0,0.0,0.0,0.0,0.0,0.0,0.3333333333333333,1.0,1.0,0.3333333333333333,0.0,1.0,0.0,0.7402492,0.3333333333333333,0.0,0.0,0.9,medium,0,73.62187900426906
0.0,0.0,0.0,0.0,0.0,0.0,0.0,0.0,0.0,0.0,0.0,0.3333333333333333,0.0,0.0,0.0,0.1636152,0.0,0.0,1.0,0.8,normal,0,21.405854494549168
1.0,1.0,1.0,0.0,1.0,0.0,1.0,0.0,0.0,0.0,0.0,1.0,1.0,1.0,1.0,1.0,1.6666666666666667,0.9111111111111111,0.0,1.1,compromised,1,95.93031987963633
1.0,0.0,0.0,0.0,0.0,0.0,0.0,0.0,0.3333333333333333,1.0,0.0,0.3333333333333333,0.0,1.0,0.0,0.4977896,0.3333333333333333,0.0,0.0,0.8,medium,0,67.60802430992422
0.0,0.0,0.0,0.0,0.0,0.0,0.0,0.0,0.0,0.0,0.0,0.3333333333333333,0.0,0.0,0.0,0.1267373333333333,0.0,0.0,0.0,0.6,normal,0,14.531543140873033
0.0,0.0,0.0,0.0,0.0,0.0,0.0,0.0,0.0,0.0,0.0,0.3333333333333333,0.0,0.0,0.0,0.173208,0.0,0.0,1.0,0.6,normal,0,22.171799452325875
1.0,0.0,0.0,0.0,0.0,0.0,0.0,0.0,0.3333333333333333,1.0,1.0,0.3333333333333333,0.0,1.0,0.0,0.45640013333333335,0.3333333333333333,0.0,0.0,0.8,medium,0,75.84816090519188
1.0,0.0,0.0,0.0,0.0,0.0,0.0,0.0,0.3333333333333333,1.0,1.0,0.3333333333333333,0.0,1.0,0.0,1.0,0.3333333333333333,0.0,0.0,0.6,medium,0,77.80891788213299
0.0,0.0,0.0,0.0,0.0,0.0,0.0,0.0,0.0,0.0,1.0,0.0,0.0,0.0,0.0,0.0,0.0,0.0,0.0,0.5,normal,0,16.22287598102927
0.0,1.0,0.0,0.0,0.0,0.0,0.0,0.0,0.0,0.0,0.0,0.3333333333333333,0.0,0.0,0.0,0.07161479999999999,0.3333333333333333,0.0,0.0,0.6,innocent_security_change,0,38.57694752889057
0.0,0.0,0.0,0.0,0.0,0.0,0.0,0.0,0.0,0.0,0.0,0.3333333333333333,1.0,0.0,0.0,0.16986426666666665,0.0,0.0,0.0,0.6,normal,0,26.257585527749686
0.0,0.0,0.0,0.0,0.0,0.0,0.0,0.0,0.0,0.0,0.0,0.0,0.0,0.0,0.0,0.0,0.0,0.0,0.0,0.4,normal,0,2.1234787085231708
0.0,0.0,0.0,0.0,0.0,0.0,0.0,0.0,0.0,0.0,0.0,0.3333333333333333,0.0,0.0,0.0,0.09402973333333332,0.0,0.0,0.0,0.6,normal,0,14.403197693069789
0.0,1.0,0.0,0.0,0.0,0.0,0.0,0.0,0.0,0.0,1.0,0.3333333333333333,0.0,0.0,0.0,0.0,0.3333333333333333,0.0,0.0,0.6,innocent_security_change,0,44.64220415678445
0.0,0.0,0.0,0.0,0.0,0.0,0.0,0.0,0.0,0.0,0.0,0.0,0.0,0.0,0.0,0.0,0.0,0.0,0.0,0.4,normal,0,3.352314069722481
0.0,0.0,0.0,0.0,0.0,0.0,0.0,0.0,0.0,0.0,1.0,0.0,0.0,0.0,0.0,0.0,0.0,0.0,0.0,0.6,normal,0,10.988468367531283
0.0,0.0,0.0,0.0,0.0,0.0,0.0,0.0,0.0,0.0,1.0,0.0,0.0,0.0,0.0,0.0,0.0,0.0,0.0,0.5,normal,0,14.254470584994637
0.0,0.0,0.0,0.0,0.0,0.0,0.0,0.0,0.0,0.0,0.0,0.0,0.0,0.0,0.0,0.0,0.0,0.0,0.0,0.6,normal,0,2.1899123054976197
1.0,1.0,1.0,0.0,1.0,0.0,1.0,0.0,0.0,0.0,1.0,1.0,1.0,1.0,1.0,1.0,1.6666666666666667,0.8833333333333333,0.0,1.0,compromised,1,96.42138583551481
0.0,0.0,0.0,0.0,0.0,0.0,0.0,0.0,0.0,0.0,0.0,0.3333333333333333,0.0,0.0,0.0,0.16928373333333335,0.0,0.0,1.0,0.7,normal,0,18.273254509443365
0.0,0.0,0.0,0.0,0.0,0.0,0.0,0.0,0.0,0.0,0.0,0.3333333333333333,0.0,0.0,0.0,0.11464333333333333,0.0,0.0,0.0,0.8,normal,0,10.003289002306905
1.0,1.0,1.0,0.0,1.0,0.0,0.0,0.0,0.0,0.0,0.0,0.0,0.0,0.0,0.0,0.0,1.3333333333333333,0.9055555555555556,0.0,0.6,compromised,1,97.16126383437357
0.0,0.0,0.0,0.0,0.0,0.0,0.0,0.0,0.0,0.0,0.0,0.0,0.0,0.0,0.0,0.0,0.0,0.0,0.0,0.4,normal,0,6.195531865678804
0.0,0.0,0.0,0.0,0.0,0.0,0.0,0.0,0.0,0.0,0.0,0.3333333333333333,0.0,0.0,0.0,0.09060946666666667,0.0,0.0,0.0,0.5,normal,0,15.230875068172613
1.0,0.0,0.0,0.0,0.0,0.0,0.0,0.0,0.3333333333333333,1.0,1.0,0.3333333333333333,0.0,1.0,0.0,1.0,0.3333333333333333,0.0,0.0,0.9,medium,0,74.67027869761887
0.0,0.0,0.0,0.0,0.0,0.0,0.0,0.0,0.0,0.0,0.0,0.3333333333333333,0.0,0.0,0.0,1.0,0.0,0.0,1.0,0.6,normal,0,29.044226624477034
0.0,0.0,0.0,0.0,0.0,0.0,0.0,0.0,0.0,0.0,0.0,0.3333333333333333,0.0,0.0,0.0,0.10638800000000001,0.0,0.0,0.0,0.6,normal,0,8.049087628708984
1.0,1.0,0.0,0.0,0.0,0.0,0.0,0.0,0.0,0.0,1.0,0.0,0.0,0.0,0.0,0.0,0.6666666666666666,0.9,0.0,0.4,compromised,1,75.33083580704537
0.0,0.0,0.0,0.0,0.0,0.0,0.0,0.0,0.0,0.0,0.0,0.3333333333333333,0.0,0.0,0.0,0.11530453333333333,0.0,0.0,0.0,0.6,normal,0,9.10252637665203
0.0,0.0,0.0,0.0,0.0,0.0,0.0,0.0,0.0,0.0,0.0,0.0,0.0,0.0,0.0,0.0,0.0,0.0,0.0,0.4,normal,0,5.9661442268117
0.0,0.0,0.0,0.0,0.0,0.0,0.0,0.0,0.0,0.0,1.0,0.3333333333333333,0.0,0.0,0.0,0.09285626666666667,0.0,0.0,0.0,0.7,normal,0,19.882140732183807
0.0,0.0,0.0,0.0,0.0,0.0,0.0,0.0,0.3333333333333333,1.0,0.0,0.3333333333333333,0.0,1.0,0.0,0.7455076,0.0,0.0,0.0,0.5,medium,0,48.74338060559161
1.0,1.0,1.0,0.0,1.0,0.0,1.0,0.0,0.0,0.0,0.0,0.6666666666666666,1.0,0.0,1.0,1.0,1.6666666666666667,0.8388888888888889,0.0,0.9,compromised,1,98.6346448581363
0.0,0.0,0.0,1.0,0.0,0.0,0.0,0.0,0.0,0.0,0.0,0.3333333333333333,0.0,0.0,0.0,0.1256752,0.3333333333333333,0.0,0.0,0.6,innocent_security_change,0,35.91370608859849
0.0,0.0,0.0,0.0,0.0,0.0,0.0,0.0,0.0,0.0,0.0,0.3333333333333333,0.0,0.0,0.0,0.18264666666666668,0.0,0.0,1.0,0.7,normal,0,16.76782270284817
1.0,1.0,1.0,0.0,1.0,0.0,1.0,0.0,0.0,0.0,0.0,1.0,1.0,1.0,1.0,1.0,1.6666666666666667,0.8833333333333333,0.0,0.9,compromised,1,100.0
1.0,1.0,1.0,0.0,1.0,0.0,1.0,0.0,0.0,0.0,0.0,1.0,1.0,1.0,1.0,1.0,1.6666666666666667,0.8777777777777778,0.0,1.0,compromised,1,100.0
0.0,0.0,0.0,0.0,0.0,0.0,0.0,0.0,0.0,0.0,0.0,0.3333333333333333,0.0,0.0,0.0,0.0,0.0,0.0,0.0,0.6,normal,0,7.465868400795406
0.0,0.0,0.0,0.0,0.0,0.0,0.0,0.0,0.0,0.0,0.0,0.3333333333333333,0.0,0.0,0.0,0.11270813333333334,0.0,0.0,0.0,0.6,normal,0,13.882209527906134
1.0,0.0,0.0,0.0,0.0,0.0,0.0,0.0,0.0,0.0,0.0,0.0,0.0,0.0,0.0,0.0,0.3333333333333333,0.0,0.0,0.3,compromised,1,52.69325339917376
0.0,0.0,0.0,0.0,0.0,0.0,0.0,0.0,0.0,0.0,0.0,0.3333333333333333,0.0,0.0,0.0,0.042681866666666665,0.0,0.0,0.0,0.6,normal,0,9.888261587867285
1.0,1.0,1.0,0.0,1.0,0.0,1.0,0.0,0.0,0.0,1.0,1.0,1.0,1.0,1.0,1.0,1.6666666666666667,0.8777777777777778,0.0,1.1,compromised,1,95.96843871646178
0.0,0.0,0.0,0.0,0.0,0.0,0.0,0.0,0.0,0.0,0.0,0.0,0.0,0.0,0.0,0.0,0.0,0.0,0.0,0.5,normal,0,1.7732684749045904
0.0,0.0,0.0,0.0,0.0,0.0,0.0,0.0,0.0,0.0,0.0,0.3333333333333333,1.0,0.0,0.0,0.532047759068285,0.0,0.0,0.0,0.8,normal,0,34.063506527703744
1.0,1.0,1.0,0.0,0.0,0.0,0.0,0.0,0.0,0.0,1.0,0.0,0.0,0.0,0.0,0.0,1.0,0.9111111111111111,0.0,0.5,compromised,1,87.08784258020852
0.0,0.0,0.0,0.0,0.0,0.0,0.0,0.0,0.0,0.0,0.0,0.3333333333333333,1.0,0.0,0.0,0.1828656,0.0,0.0,0.0,0.6,normal,0,26.09645930693531
0.0,0.0,0.0,0.0,0.0,1.0,0.0,0.0,0.0,0.0,0.0,0.3333333333333333,0.0,0.0,0.0,0.015006266666666667,0.3333333333333333,0.0,0.0,0.6,innocent_security_change,0,27.043940559705053
1.0,0.0,0.0,0.0,0.0,0.0,0.0,0.0,0.3333333333333333,1.0,0.0,0.3333333333333333,0.0,1.0,0.0,0.6435178666666667,0.3333333333333333,0.0,0.0,0.6,medium,0,71.3116385545205
0.0,1.0,0.0,0.0,0.0,0.0,0.0,0.0,0.0,0.0,0.0,0.3333333333333333,0.0,0.0,0.0,0.0,0.3333333333333333,0.0,0.0,0.4,innocent_security_change,0,39.15433573356262
1.0,0.0,0.0,0.0,0.0,0.0,0.0,0.0,0.3333333333333333,1.0,1.0,0.3333333333333333,0.0,1.0,0.0,0.6648434666666667,0.3333333333333333,0.0,0.0,0.5,medium,0,72.5506021190879
0.0,0.0,0.0,0.0,0.0,0.0,0.0,0.0,0.0,0.0,0.0,0.3333333333333333,0.0,0.0,0.0,0.13184026666666668,0.0,0.0,0.0,0.6,normal,0,10.572659031343868
0.0,1.0,0.0,0.0,0.0,0.0,0.0,0.0,0.0,0.0,0.0,0.3333333333333333,0.0,0.0,0.0,0.11932519999999999,0.3333333333333333,0.0,0.0,0.6,innocent_security_change,0,38.52982715266597
1.0,1.0,1.0,0.0,1.0,0.0,1.0,0.0,0.0,0.0,0.0,0.6666666666666666,1.0,1.0,0.0,1.0,1.6666666666666667,0.85,0.0,0.9,compromised,1,97.30590397719735
1.0,1.0,1.0,0.0,1.0,0.0,1.0,0.0,0.0,0.0,1.0,1.0,1.0,1.0,1.0,1.0,1.6666666666666667,0.8555555555555556,0.0,0.9,compromised,1,97.53867988407963
0.0,0.0,0.0,0.0,0.0,0.0,0.0,0.0,0.0,0.0,0.0,0.0,0.0,0.0,0.0,0.0,0.0,0.0,0.0,0.5,normal,0,4.560591556267363
0.0,0.0,0.0,0.0,0.0,0.0,0.0,0.0,0.3333333333333333,1.0,0.0,0.3333333333333333,0.0,1.0,0.0,0.5498838666666667,0.0,0.0,0.0,0.5,medium,0,46.24805737762083
0.0,0.0,0.0,0.0,0.0,0.0,0.0,0.0,0.0,0.0,1.0,0.3333333333333333,0.0,0.0,0.0,0.07272733333333334,0.0,0.0,0.0,0.5,normal,0,21.31454396392269
0.0,0.0,0.0,0.0,0.0,0.0,0.0,0.0,0.0,0.0,0.0,0.0,0.0,0.0,0.0,0.0,0.0,0.0,0.0,0.5,normal,0,1.1065325818579885
0.0,0.0,0.0,0.0,0.0,0.0,0.0,0.0,0.3333333333333333,1.0,0.0,0.0,0.0,0.0,0.0,0.0,0.0,0.0,0.0,0.3,medium,0,21.574559025667995
0.0,0.0,0.0,0.0,0.0,0.0,0.0,0.0,0.3333333333333333,1.0,0.0,0.3333333333333333,0.0,1.0,0.0,0.46345706666666664,0.0,0.0,0.0,0.4,medium,0,46.39080777958429
0.0,0.0,0.0,0.0,0.0,0.0,0.0,0.0,0.0,0.0,0.0,0.0,0.0,0.0,0.0,0.0,0.0,0.0,0.0,0.5,normal,0,5.807660072462236
0.0,0.0,0.0,0.0,0.0,0.0,0.0,0.0,0.0,0.0,1.0,0.0,0.0,0.0,0.0,0.0,0.0,0.0,0.0,0.4,normal,0,9.47381891500396
0.0,0.0,0.0,0.0,0.0,0.0,0.0,0.0,0.0,0.0,0.0,0.0,0.0,0.0,0.0,0.0,0.0,0.0,0.0,0.5,normal,0,4.449741854408059
1.0,1.0,1.0,0.0,1.0,0.0,1.0,0.0,0.0,0.0,0.0,1.0,1.0,1.0,1.0,1.0,1.6666666666666667,0.9,0.0,1.0,compromised,1,92.85366852604851
0.0,0.0,0.0,0.0,0.0,0.0,0.0,0.0,0.3333333333333333,1.0,0.0,0.3333333333333333,0.0,1.0,0.0,1.0,0.0,0.0,0.0,0.5,medium,0,48.14951462665108
0.0,0.0,0.0,0.0,0.0,0.0,0.0,0.0,0.0,0.0,0.0,0.0,0.0,0.0,0.0,0.0,0.0,0.0,0.0,0.4,normal,0,7.611601752572739
0.0,0.0,0.0,0.0,0.0,0.0,0.0,0.0,0.0,0.0,0.0,0.0,0.0,0.0,0.0,0.0,0.0,0.0,0.0,0.4,normal,0,0.4974524175353303
0.0,0.0,0.0,0.0,0.0,0.0,0.0,0.0,0.0,0.0,1.0,0.3333333333333333,0.0,0.0,0.0,0.1153164,0.0,0.0,1.0,0.6,innocent_security_change,0,25.37300755571555
0.0,0.0,0.0,0.0,0.0,0.0,0.0,0.0,0.3333333333333333,1.0,1.0,0.3333333333333333,0.0,1.0,0.0,0.6499050666666666,0.0,0.0,0.0,0.8,medium,0,53.937065469448534
0.0,0.0,0.0,0.0,0.0,0.0,0.0,0.0,0.0,0.0,0.0,0.3333333333333333,1.0,0.0,0.0,0.17006053333333335,0.0,0.0,0.0,0.9,normal,0,21.78293716684514
0.0,0.0,0.0,0.0,0.0,0.0,0.0,0.0,0.0,0.0,0.0,0.3333333333333333,0.0,0.0,0.0,0.112836,0.0,0.0,0.0,0.5,normal,0,9.137176650411766
0.0,0.0,0.0,0.0,0.0,0.0,0.0,0.0,0.0,0.0,1.0,0.3333333333333333,0.0,0.0,0.0,0.1333908,0.0,0.0,0.0,0.7,normal,0,22.828974260094014
0.0,0.0,0.0,0.0,0.0,0.0,0.0,0.0,0.0,0.0,0.0,0.3333333333333333,1.0,0.0,0.0,0.1634816,0.0,0.0,0.0,0.8,normal,0,23.4397430798308
0.0,0.0,0.0,0.0,0.0,0.0,0.0,0.0,0.0,0.0,0.0,0.3333333333333333,0.0,0.0,0.0,0.1039548,0.0,0.0,0.0,0.7,normal,0,11.304629988667518
0.0,0.0,0.0,0.0,0.0,0.0,0.0,0.0,0.3333333333333333,1.0,1.0,0.3333333333333333,0.0,1.0,0.0,1.0,0.0,0.0,0.0,0.7,medium,0,55.9364407822247
0.0,0.0,0.0,0.0,0.0,0.0,0.0,0.0,0.0,0.0,1.0,0.3333333333333333,1.0,0.0,0.0,0.197212,0.0,0.0,1.0,0.8,normal,0,39.970328600291886
1.0,0.0,0.0,0.0,0.0,0.0,0.0,0.0,0.3333333333333333,1.0,1.0,0.3333333333333333,0.0,1.0,0.0,1.0,0.3333333333333333,0.0,0.0,0.9,medium,0,78.39456223724628
0.0,0.0,0.0,0.0,0.0,0.0,0.0,0.0,0.0,0.0,0.0,0.3333333333333333,0.0,0.0,0.0,0.05983826666666667,0.0,0.0,0.0,0.6,normal,0,9.832320520281279
0.0,1.0,0.0,0.0,0.0,0.0,0.0,0.0,0.0,0.0,0.0,0.3333333333333333,0.0,0.0,0.0,0.690357682482405,0.3333333333333333,0.0,0.0,0.6,innocent_security_change,0,44.27607347185671
0.0,0.0,0.0,0.0,0.0,0.0,0.0,0.0,0.0,0.0,0.0,0.0,0.0,0.0,0.0,0.0,0.0,0.0,0.0,0.5,normal,0,3.2617104032781636
1.0,1.0,1.0,0.0,1.0,0.0,1.0,0.0,0.0,0.0,0.0,1.0,1.0,1.0,1.0,1.0,1.6666666666666667,0.8166666666666667,0.0,1.0,compromised,1,98.88974176625634
0.0,0.0,0.0,0.0,0.0,0.0,0.0,0.0,0.0,0.0,0.0,0.3333333333333333,0.0,0.0,0.0,0.0236516,0.0,0.0,0.0,0.6,normal,0,8.966420187678807
1.0,1.0,1.0,0.0,1.0,0.0,1.0,0.0,0.0,0.0,1.0,1.0,1.0,1.0,1.0,1.0,1.6666666666666667,0.8833333333333333,0.0,1.0,compromised,1,97.5606702158872
1.0,0.0,0.0,0.0,0.0,0.0,0.0,0.0,0.3333333333333333,1.0,1.0,0.3333333333333333,0.0,1.0,0.0,0.7229637333333333,0.3333333333333333,0.0,0.0,0.8,medium,0,74.16754049124741
0.0,0.0,0.0,0.0,0.0,0.0,0.0,0.0,0.0,0.0,0.0,0.3333333333333333,0.0,0.0,0.0,0.059172666666666665,0.0,0.0,0.0,0.4,normal,0,9.275139748172592
0.0,0.0,0.0,0.0,0.0,0.0,0.0,0.0,0.0,0.0,0.0,0.0,0.0,0.0,0.0,0.0,0.0,0.0,0.0,0.5,normal,0,1.5435399444554432
0.0,0.0,0.0,0.0,0.0,0.0,0.0,0.0,0.3333333333333333,1.0,1.0,0.3333333333333333,0.0,1.0,0.0,0.7636012,0.0,0.0,0.0,0.7,medium,0,49.68428702806539
0.0,0.0,0.0,0.0,0.0,0.0,0.0,0.0,0.0,0.0,0.0,0.0,0.0,0.0,0.0,0.0,0.0,0.0,0.0,0.6,normal,0,4.916452468872218
1.0,1.0,1.0,0.0,0.0,0.0,0.0,0.0,0.0,0.0,1.0,0.0,0.0,0.0,0.0,0.0,1.0,0.6666666666666667,0.0,0.5,compromised,1,86.66622645507668
1.0,1.0,1.0,0.0,1.0,0.0,1.0,0.0,0.0,0.0,0.0,1.0,1.0,1.0,1.0,1.0,1.6666666666666667,0.8555555555555556,0.0,1.0,compromised,1,99.72777686534565
0.0,0.0,0.0,0.0,0.0,0.0,0.0,0.0,0.0,0.0,0.0,0.0,0.0,0.0,0.0,0.0,0.0,0.0,0.0,0.4,normal,0,1.7893702867700485
0.0,0.0,0.0,0.0,0.0,0.0,0.0,0.0,0.0,0.0,0.0,0.3333333333333333,0.0,0.0,0.0,0.0955856,0.0,0.0,0.0,0.7,normal,0,12.807367642742175
1.0,1.0,1.0,0.0,1.0,0.0,1.0,0.0,0.0,0.0,0.0,1.0,1.0,1.0,1.0,1.0,1.6666666666666667,0.8722222222222222,0.0,1.1,compromised,1,99.17444646276411
0.0,0.0,0.0,0.0,0.0,0.0,0.0,0.0,0.0,0.0,1.0,0.3333333333333333,0.0,0.0,0.0,0.18299213333333333,0.0,0.0,1.0,0.9,innocent_security_change,0,30.831563508172316
1.0,1.0,1.0,0.0,1.0,0.0,1.0,0.0,0.0,0.0,0.0,1.0,1.0,1.0,1.0,1.0,1.6666666666666667,0.8666666666666667,0.0,1.0,compromised,1,95.71365285274493
1.0,1.0,1.0,0.0,1.0,0.0,1.0,0.0,0.0,0.0,0.0,1.0,1.0,1.0,1.0,1.0,1.6666666666666667,0.8388888888888889,0.0,1.1,compromised,1,98.14939931205778
0.0,0.0,0.0,0.0,0.0,0.0,0.0,0.0,0.0,0.0,0.0,0.3333333333333333,1.0,0.0,0.0,0.895857116724665,0.0,0.0,0.0,0.7,normal,0,33.01999424884919
1.0,1.0,1.0,0.0,1.0,0.0,1.0,0.0,0.0,0.0,0.0,1.0,1.0,1.0,1.0,1.0,1.6666666666666667,0.8777777777777778,0.0,1.0,compromised,1,97.80290454128743
0.0,0.0,0.0,0.0,0.0,0.0,0.0,0.0,0.3333333333333333,1.0,0.0,0.3333333333333333,0.0,1.0,0.0,0.6504029333333333,0.0,0.0,0.0,0.5,medium,0,40.105052433893874
0.0,0.0,0.0,0.0,0.0,0.0,0.0,0.0,0.0,0.0,0.0,0.0,0.0,0.0,0.0,0.0,0.0,0.0,0.0,0.5,normal,0,3.9722661634612555
0.0,0.0,0.0,0.0,0.0,0.0,0.0,0.0,0.0,0.0,0.0,0.3333333333333333,0.0,0.0,0.0,0.09184492325578435,0.0,0.0,0.0,0.5,normal,0,15.97737845069572
0.0,0.0,0.0,0.0,0.0,0.0,0.0,0.0,0.0,0.0,0.0,0.3333333333333333,0.0,0.0,0.0,1.0,0.0,0.0,0.0,0.6,normal,0,21.19621992111524
1.0,1.0,1.0,0.0,1.0,0.0,1.0,0.0,0.0,0.0,0.0,1.0,1.0,1.0,1.0,1.0,1.6666666666666667,0.8722222222222222,0.0,1.0,compromised,1,95.96118286974571
0.0,0.0,0.0,0.0,0.0,0.0,0.0,0.0,0.0,0.0,0.0,0.3333333333333333,0.0,0.0,0.0,0.09087186666666668,0.0,0.0,0.0,0.6,normal,0,12.015776956039407
1.0,0.0,0.0,0.0,0.0,0.0,0.0,0.0,0.3333333333333333,1.0,0.0,0.3333333333333333,0.0,1.0,0.0,0.5878117333333333,0.3333333333333333,0.0,0.0,0.6,medium,0,73.82468014399093
0.0,0.0,0.0,0.0,0.0,0.0,0.0,0.0,0.0,0.0,0.0,0.3333333333333333,0.0,0.0,0.0,0.12159906666666667,0.0,0.0,0.0,0.7,normal,0,15.10222019186665
0.0,0.0,0.0,0.0,0.0,0.0,0.0,0.0,0.0,0.0,0.0,0.0,0.0,0.0,0.0,0.0,0.0,0.0,0.0,0.4,normal,0,0.0
1.0,0.0,0.0,0.0,0.0,0.0,0.0,0.0,0.3333333333333333,1.0,0.0,0.3333333333333333,0.0,1.0,0.0,0.49818986666666665,0.3333333333333333,0.0,0.0,0.8,medium,0,74.91284629222318
0.0,0.0,0.0,0.0,0.0,0.0,0.0,0.0,0.0,0.0,0.0,0.0,0.0,0.0,0.0,0.0,0.0,0.0,0.0,0.4,normal,0,4.343239363836455
0.0,0.0,0.0,0.0,0.0,0.0,0.0,0.0,0.0,0.0,0.0,0.3333333333333333,0.0,0.0,0.0,0.13949826666666668,0.0,0.0,0.0,0.5,normal,0,10.709272027525936
0.0,0.0,0.0,0.0,0.0,0.0,0.0,0.0,0.0,0.0,0.0,0.3333333333333333,0.0,0.0,0.0,0.05212,0.0,0.0,0.0,0.5,normal,0,10.773813282067144
0.0,0.0,0.0,0.0,0.0,1.0,0.0,0.0,0.0,0.0,1.0,0.3333333333333333,0.0,0.0,0.0,0.0,0.3333333333333333,0.0,0.0,0.6,innocent_security_change,0,38.79150354873652
0.0,0.0,0.0,0.0,0.0,0.0,0.0,0.0,0.0,0.0,0.0,0.3333333333333333,0.0,0.0,0.0,0.0,0.0,0.0,0.0,0.6,normal,0,12.08010394593412
0.0,0.0,0.0,0.0,0.0,0.0,0.0,0.0,0.0,0.0,0.0,0.3333333333333333,1.0,0.0,0.0,0.17815813333333333,0.0,0.0,0.0,0.5,normal,0,20.677534801995666
0.0,0.0,0.0,0.0,0.0,0.0,0.0,0.0,0.0,0.0,0.0,0.3333333333333333,0.0,0.0,0.0,0.1534961333333333,0.0,0.0,0.0,0.5,normal,0,13.295926759953447
0.0,0.0,0.0,0.0,0.0,0.0,0.0,0.0,0.0,0.0,0.0,0.0,0.0,0.0,0.0,0.0,0.0,0.0,0.0,0.5,normal,0,3.409320590946259
0.0,0.0,0.0,0.0,0.0,0.0,0.0,0.0,0.0,0.0,0.0,0.3333333333333333,1.0,0.0,0.0,0.1938024,0.0,0.0,0.0,0.6,normal,0,24.443900447481923
0.0,0.0,0.0,0.0,0.0,0.0,0.0,0.0,0.3333333333333333,1.0,0.0,0.3333333333333333,0.0,1.0,0.0,0.6928318666666666,0.0,0.0,0.0,0.8,medium,0,47.013459131514495
1.0,1.0,1.0,0.0,1.0,0.0,1.0,0.0,0.0,0.0,1.0,1.0,1.0,1.0,1.0,1.0,1.6666666666666667,0.8777777777777778,0.0,1.0,compromised,1,97.63827789004468
1.0,1.0,1.0,0.0,0.0,0.0,0.0,0.0,0.0,0.0,0.0,0.0,0.0,0.0,0.0,0.0,1.0,0.7666666666666666,0.0,0.5,compromised,1,87.95881867832905
0.0,0.0,0.0,0.0,0.0,0.0,0.0,0.0,0.0,0.0,0.0,0.0,0.0,0.0,0.0,0.0,0.0,0.0,0.0,0.4,normal,0,2.657889311084766
0.0,0.0,0.0,0.0,0.0,0.0,0.0,0.0,0.0,0.0,0.0,0.0,0.0,0.0,0.0,0.0,0.0,0.0,0.0,0.5,normal,0,0.7721767825696335
0.0,0.0,0.0,0.0,0.0,0.0,0.0,0.0,0.0,0.0,0.0,0.0,0.0,0.0,0.0,0.0,0.0,0.0,0.0,0.5,normal,0,2.587217463603233
0.0,0.0,0.0,0.0,0.0,0.0,0.0,0.0,0.3333333333333333,1.0,0.0,0.3333333333333333,0.0,1.0,0.0,0.5546725333333333,0.0,0.0,0.0,0.8,medium,0,46.1979052459804
0.0,0.0,0.0,0.0,0.0,0.0,0.0,0.0,0.0,0.0,1.0,0.3333333333333333,1.0,0.0,0.0,0.17760959999999998,0.0,0.0,0.0,0.6,normal,0,35.0022476093674
0.0,0.0,0.0,0.0,0.0,0.0,0.0,0.0,0.0,0.0,0.0,0.3333333333333333,0.0,0.0,0.0,0.0647312,0.0,0.0,0.0,0.6,normal,0,12.2514092152572
0.0,0.0,0.0,0.0,0.0,0.0,0.0,0.0,0.3333333333333333,1.0,0.0,0.3333333333333333,0.0,1.0,0.0,1.0,0.0,0.0,0.0,0.7,medium,0,46.65626391146961
1.0,1.0,1.0,0.0,1.0,0.0,1.0,0.0,0.0,0.0,0.0,1.0,1.0,1.0,1.0,1.0,1.6666666666666667,0.8611111111111112,0.0,1.0,compromised,1,100.0
1.0,0.0,0.0,0.0,0.0,0.0,0.0,0.0,0.3333333333333333,1.0,0.0,0.3333333333333333,0.0,1.0,0.0,0.7107989333333333,0.3333333333333333,0.0,0.0,0.8,medium,0,74.5659590406706
1.0,1.0,1.0,0.0,1.0,0.0,1.0,0.0,0.0,0.0,1.0,1.0,1.0,1.0,1.0,1.0,1.6666666666666667,0.9,0.0,1.1,compromised,1,100.0
0.0,0.0,0.0,0.0,0.0,0.0,0.0,0.0,0.0,0.0,1.0,0.3333333333333333,0.0,0.0,0.0,0.052755333333333335,0.0,0.0,0.0,0.7,normal,0,20.030541561021657
0.0,0.0,0.0,0.0,0.0,0.0,0.0,0.0,0.0,0.0,0.0,0.0,0.0,0.0,0.0,0.0,0.0,0.0,0.0,0.4,normal,0,4.200582322471419
0.0,0.0,0.0,0.0,0.0,0.0,0.0,0.0,0.3333333333333333,1.0,1.0,0.3333333333333333,0.0,1.0,0.0,0.5477149333333333,0.0,0.0,0.0,0.5,medium,0,52.33323255891213
1.0,1.0,1.0,0.0,1.0,0.0,1.0,0.0,0.0,0.0,0.0,1.0,1.0,1.0,1.0,1.0,1.6666666666666667,0.8777777777777778,0.0,1.0,compromised,1,100.0
1.0,1.0,1.0,0.0,1.0,0.0,1.0,0.0,0.0,0.0,0.0,1.0,1.0,1.0,1.0,1.0,1.6666666666666667,0.8388888888888889,0.0,1.0,compromised,1,100.0
0.0,0.0,0.0,0.0,0.0,0.0,0.0,0.0,0.3333333333333333,1.0,0.0,0.3333333333333333,0.0,1.0,0.0,0.48251853333333333,0.0,0.0,0.0,0.7,medium,0,46.95916157665545
0.0,0.0,0.0,1.0,0.0,0.0,0.0,0.0,0.0,0.0,1.0,0.3333333333333333,0.0,0.0,0.0,0.032429599999999996,0.3333333333333333,0.0,0.0,0.5,innocent_security_change,0,35.26692687259666
0.0,0.0,0.0,0.0,0.0,0.0,0.0,0.0,0.3333333333333333,1.0,0.0,0.3333333333333333,0.0,1.0,0.0,1.0,0.0,0.0,0.0,0.5,medium,0,46.60281226661001
1.0,0.0,0.0,0.0,0.0,0.0,0.0,0.0,0.0,0.0,0.0,0.0,0.0,0.0,0.0,0.0,0.3333333333333333,0.0,0.0,0.3,compromised,1,52.684409767418686
0.0,0.0,0.0,0.0,0.0,0.0,0.0,0.0,0.0,0.0,0.0,0.3333333333333333,0.0,0.0,0.0,0.19481,0.0,0.0,1.0,0.5,normal,0,21.776594352690267
0.0,0.0,0.0,0.0,0.0,0.0,0.0,0.0,0.3333333333333333,1.0,1.0,0.3333333333333333,0.0,1.0,0.0,1.0,0.0,0.0,0.0,0.7,medium,0,53.519174754495594
0.0,0.0,0.0,0.0,0.0,0.0,0.0,0.0,0.0,0.0,0.0,0.3333333333333333,0.0,0.0,0.0,0.03909550484574766,0.0,0.0,0.0,0.5,normal,0,12.419222563982185
1.0,1.0,1.0,0.0,1.0,0.0,1.0,0.0,0.0,0.0,0.0,1.0,1.0,1.0,1.0,1.0,1.6666666666666667,0.9,0.0,1.0,compromised,1,100.0
0.0,0.0,0.0,0.0,0.0,0.0,0.0,0.0,0.0,0.0,0.0,0.0,0.0,0.0,0.0,0.0,0.0,0.0,0.0,0.4,normal,0,0.5763819130242469
0.0,1.0,0.0,0.0,0.0,0.0,0.0,0.0,0.0,0.0,0.0,0.0,0.0,0.0,0.0,0.0,0.3333333333333333,0.0,0.0,0.3,innocent_security_change,0,29.8935571660397
0.0,0.0,0.0,0.0,0.0,0.0,0.0,0.0,0.0,0.0,0.0,0.3333333333333333,1.0,0.0,0.0,0.19698106666666668,0.0,0.0,0.0,0.7,normal,0,24.494359220559023
0.0,0.0,0.0,0.0,0.0,0.0,0.0,0.0,0.3333333333333333,1.0,0.0,0.3333333333333333,0.0,1.0,0.0,1.0,0.0,0.0,0.0,0.5,medium,0,48.80120904197315
0.0,0.0,0.0,0.0,0.0,0.0,0.0,0.0,0.0,0.0,0.0,0.0,0.0,0.0,0.0,0.0,0.0,0.0,0.0,0.5,normal,0,2.2596245691099277
0.0,0.0,0.0,0.0,0.0,0.0,0.0,0.0,0.0,0.0,0.0,0.3333333333333333,1.0,0.0,0.0,0.16367666666666666,0.0,0.0,0.0,0.7,normal,0,27.86085015910887
0.0,0.0,0.0,0.0,0.0,0.0,0.0,0.0,0.0,0.0,0.0,0.3333333333333333,0.0,0.0,0.0,0.14053573333333333,0.0,0.0,0.0,0.7,normal,0,13.422274122588147
0.0,0.0,0.0,0.0,0.0,0.0,0.0,0.0,0.3333333333333333,1.0,1.0,0.3333333333333333,0.0,1.0,0.0,0.7613124,0.0,0.0,0.0,0.7,medium,0,52.55219442632971
0.0,0.0,0.0,0.0,0.0,0.0,0.0,0.0,0.0,0.0,0.0,0.3333333333333333,0.0,0.0,0.0,0.04609626666666666,0.0,0.0,0.0,0.6,normal,0,6.91163804619392
1.0,1.0,1.0,0.0,1.0,0.0,1.0,0.0,0.0,0.0,1.0,1.0,1.0,1.0,1.0,1.0,1.6666666666666667,0.8666666666666667,0.0,1.0,compromised,1,94.7179156699204
1.0,1.0,1.0,0.0,1.0,0.0,1.0,0.0,0.0,0.0,1.0,0.0,0.0,0.0,0.0,0.0,1.6666666666666667,0.8555555555555556,0.0,0.7,compromised,1,95.81253249238536
0.0,0.0,0.0,0.0,0.0,0.0,0.0,0.0,0.3333333333333333,1.0,0.0,0.3333333333333333,0.0,1.0,0.0,0.7011883999999999,0.0,0.0,0.0,0.7,medium,0,41.17594004669229
0.0,0.0,0.0,0.0,0.0,0.0,0.0,0.0,0.0,0.0,0.0,0.0,0.0,0.0,0.0,0.0,0.0,0.0,0.0,0.4,normal,0,5.398777734817975
0.0,0.0,0.0,0.0,0.0,0.0,0.0,0.0,0.0,0.0,0.0,0.0,0.0,0.0,0.0,0.0,0.0,0.0,0.0,0.4,normal,0,2.4717995997769955
0.0,0.0,0.0,0.0,0.0,0.0,0.0,0.0,0.3333333333333333,1.0,0.0,0.3333333333333333,0.0,1.0,0.0,1.0,0.0,0.0,0.0,0.7,medium,0,56.89033453232405
0.0,0.0,0.0,0.0,0.0,0.0,0.0,0.0,0.0,0.0,0.0,0.3333333333333333,0.0,0.0,0.0,0.10928426666666666,0.0,0.0,0.0,0.7,normal,0,17.732618031400577
0.0,0.0,0.0,0.0,0.0,0.0,0.0,0.0,0.0,0.0,0.0,0.3333333333333333,0.0,0.0,0.0,0.14670053333333335,0.0,0.0,0.0,0.6,normal,0,11.34791734373809
1.0,1.0,1.0,0.0,1.0,0.0,1.0,0.0,0.0,0.0,1.0,1.0,1.0,1.0,1.0,1.0,1.6666666666666667,0.9,0.0,1.0,compromised,1,97.76084097246344
0.0,0.0,0.0,0.0,0.0,0.0,0.0,0.0,0.0,0.0,1.0,0.3333333333333333,0.0,0.0,0.0,0.10811013333333333,0.0,0.0,0.0,0.6,normal,0,22.96074848782996
0.0,0.0,0.0,0.0,0.0,0.0,0.0,0.0,0.0,0.0,0.0,0.3333333333333333,0.0,0.0,0.0,0.0,0.0,0.0,0.0,0.5,normal,0,13.499580700082621
0.0,0.0,0.0,0.0,0.0,0.0,0.0,0.0,0.0,0.0,0.0,0.0,0.0,0.0,0.0,0.0,0.0,0.0,0.0,0.4,normal,0,0.0
0.0,0.0,0.0,0.0,0.0,0.0,0.0,0.0,0.0,0.0,1.0,0.0,0.0,0.0,0.0,0.0,0.0,0.0,0.0,0.6,normal,0,9.697682425924647
0.0,0.0,0.0,0.0,0.0,0.0,0.0,0.0,0.3333333333333333,1.0,0.0,0.3333333333333333,0.0,1.0,0.0,0.6104531999999999,0.0,0.0,0.0,0.7,medium,0,44.24167600156283
0.0,0.0,0.0,0.0,0.0,0.0,0.0,0.0,0.0,0.0,1.0,0.3333333333333333,0.0,0.0,0.0,0.113852,0.0,0.0,0.0,0.6,normal,0,21.995031346657512
1.0,1.0,1.0,0.0,1.0,0.0,1.0,0.0,0.0,0.0,0.0,1.0,1.0,1.0,1.0,1.0,1.6666666666666667,0.9055555555555556,0.0,1.0,compromised,1,99.04496955045677
0.0,0.0,0.0,0.0,0.0,0.0,0.0,0.0,0.0,0.0,0.0,0.3333333333333333,0.0,0.0,0.0,0.14733213333333334,0.0,0.0,0.0,0.6,normal,0,14.484070994471733
0.0,0.0,0.0,0.0,0.0,0.0,0.0,0.0,0.3333333333333333,1.0,1.0,0.3333333333333333,0.0,1.0,0.0,0.5702432,0.0,0.0,0.0,0.8,medium,0,48.46864230619004
0.0,0.0,0.0,0.0,0.0,0.0,0.0,0.0,0.0,0.0,0.0,0.3333333333333333,1.0,0.0,0.0,0.19882173333333333,0.0,0.0,0.0,0.6,normal,0,18.526630738955824
0.0,1.0,0.0,0.0,0.0,0.0,0.0,0.0,0.0,0.0,0.0,0.3333333333333333,0.0,0.0,0.0,0.07045306666666666,0.3333333333333333,0.0,0.0,0.6,innocent_security_change,0,40.15065898807704
0.0,0.0,0.0,0.0,0.0,0.0,0.0,0.0,0.0,0.0,0.0,0.3333333333333333,0.0,0.0,0.0,0.19712613333333331,0.0,0.0,1.0,0.8,normal,0,19.13838742569854
0.0,0.0,0.0,0.0,0.0,0.0,0.0,0.0,0.3333333333333333,1.0,1.0,0.3333333333333333,0.0,1.0,0.0,0.5276498666666667,0.0,0.0,0.0,0.7,medium,0,45.76360861946785
1.0,1.0,1.0,0.0,1.0,0.0,1.0,0.0,0.0,0.0,1.0,0.6666666666666666,1.0,0.0,1.0,1.0,1.6666666666666667,0.9,0.0,0.9,compromised,1,97.82963849489106
0.0,0.0,0.0,0.0,0.0,0.0,0.0,0.0,0.0,0.0,0.0,0.3333333333333333,0.0,0.0,0.0,0.09591453333333333,0.0,0.0,0.0,0.6,normal,0,13.13054003410909
0.0,0.0,0.0,0.0,0.0,0.0,0.0,0.0,0.0,0.0,0.0,0.3333333333333333,0.0,0.0,0.0,0.01722919392206308,0.0,0.0,1.0,0.4,innocent_security_change,0,16.427378500175017
0.0,0.0,0.0,0.0,0.0,0.0,0.0,0.0,0.0,0.0,0.0,0.3333333333333333,0.0,0.0,0.0,0.16648146666666666,0.0,0.0,1.0,0.7,innocent_security_change,0,19.134584847300385
0.0,0.0,0.0,0.0,0.0,0.0,0.0,0.0,0.0,0.0,0.0,0.3333333333333333,0.0,0.0,0.0,0.13231573333333332,0.0,0.0,0.0,0.6,normal,0,11.218400556669241
0.0,0.0,0.0,0.0,0.0,0.0,0.0,0.0,0.0,0.0,0.0,0.3333333333333333,0.0,0.0,0.0,0.0832396,0.0,0.0,0.0,0.7,normal,0,10.702225420206304
1.0,0.0,0.0,0.0,0.0,0.0,0.0,0.0,0.3333333333333333,1.0,1.0,0.3333333333333333,0.0,1.0,0.0,0.5517181333333333,0.3333333333333333,0.0,0.0,0.6,medium,0,72.33234925463702
0.0,0.0,0.0,0.0,0.0,0.0,0.0,0.0,0.0,0.0,0.0,0.3333333333333333,0.0,0.0,0.0,0.1660496,0.0,0.0,1.0,0.6,normal,0,17.90555855687428
1.0,0.0,0.0,0.0,0.0,0.0,0.0,0.0,0.0,0.0,1.0,0.0,0.0,0.0,0.0,0.0,0.3333333333333333,0.0,0.0,0.3,compromised,1,58.13214741962656
0.0,0.0,0.0,0.0,0.0,0.0,0.0,0.0,0.0,0.0,0.0,0.0,0.0,0.0,0.0,0.0,0.0,0.0,0.0,0.4,normal,0,3.6713805641490462
0.0,0.0,0.0,0.0,0.0,0.0,0.0,0.0,0.0,0.0,0.0,0.3333333333333333,0.0,0.0,0.0,0.08996653333333333,0.0,0.0,0.0,0.5,normal,0,10.841729062701615
1.0,1.0,1.0,0.0,1.0,0.0,1.0,0.0,0.0,0.0,1.0,1.0,1.0,1.0,1.0,1.0,1.6666666666666667,0.8722222222222222,0.0,1.0,compromised,1,95.52280167992156
1.0,0.0,0.0,0.0,0.0,0.0,0.0,0.0,0.3333333333333333,1.0,0.0,0.3333333333333333,0.0,1.0,0.0,1.0,0.3333333333333333,0.0,0.0,0.8,medium,0,74.5252378844293
1.0,1.0,1.0,0.0,1.0,0.0,1.0,0.0,0.0,0.0,1.0,1.0,1.0,1.0,1.0,1.0,1.6666666666666667,0.8833333333333333,0.0,1.0,compromised,1,92.57443003572891
1.0,1.0,1.0,0.0,1.0,0.0,1.0,0.0,0.0,0.0,0.0,1.0,1.0,1.0,1.0,1.0,1.6666666666666667,0.9,0.0,1.0,compromised,1,98.24542330919901
0.0,0.0,0.0,0.0,0.0,0.0,0.0,0.0,0.0,0.0,0.0,0.0,0.0,0.0,0.0,0.0,0.0,0.0,0.0,0.5,normal,0,7.143186373061473
0.0,0.0,0.0,0.0,0.0,0.0,0.0,0.0,0.3333333333333333,1.0,0.0,0.3333333333333333,0.0,1.0,0.0,1.0,0.0,0.0,0.0,0.8,medium,0,45.468410712718715
0.0,0.0,0.0,0.0,0.0,0.0,0.0,0.0,0.0,0.0,0.0,0.0,0.0,0.0,0.0,0.0,0.0,0.0,0.0,0.6,normal,0,2.80498041593936
0.0,0.0,0.0,0.0,0.0,0.0,0.0,0.0,0.0,0.0,1.0,0.3333333333333333,0.0,0.0,0.0,0.11495613333333332,0.0,0.0,0.0,0.6,normal,0,21.37371497420644
1.0,0.0,0.0,0.0,0.0,0.0,0.0,0.0,0.3333333333333333,1.0,0.0,0.3333333333333333,0.0,1.0,0.0,0.5492424,0.3333333333333333,0.0,0.0,0.5,medium,0,75.82632214131182
1.0,0.0,0.0,0.0,0.0,0.0,0.0,0.0,0.3333333333333333,1.0,0.0,0.3333333333333333,0.0,1.0,0.0,1.0,0.3333333333333333,0.0,0.0,0.6,medium,0,73.49183263954981
0.0,0.0,0.0,0.0,0.0,0.0,0.0,0.0,0.3333333333333333,1.0,1.0,0.3333333333333333,0.0,1.0,0.0,0.4532293333333333,0.0,0.0,0.0,0.7,medium,0,48.54383605722761
0.0,0.0,0.0,0.0,0.0,0.0,0.0,0.0,0.3333333333333333,1.0,0.0,0.3333333333333333,0.0,1.0,0.0,0.7831632,0.0,0.0,0.0,0.4,medium,0,41.05320783690735
0.0,0.0,0.0,0.0,0.0,0.0,0.0,0.0,0.3333333333333333,1.0,0.0,0.3333333333333333,0.0,1.0,0.0,1.0,0.0,0.0,0.0,0.6,medium,0,48.667349465787495
0.0,0.0,0.0,0.0,0.0,0.0,0.0,0.0,0.3333333333333333,1.0,1.0,0.3333333333333333,0.0,1.0,0.0,1.0,0.0,0.0,0.0,0.6,medium,0,58.845956239380826
0.0,0.0,0.0,0.0,0.0,0.0,0.0,0.0,0.3333333333333333,1.0,0.0,0.3333333333333333,0.0,1.0,0.0,1.0,0.0,0.0,0.0,0.7,medium,0,49.475998263248904
0.0,0.0,0.0,0.0,0.0,0.0,0.0,0.0,0.0,0.0,0.0,0.0,0.0,0.0,0.0,0.0,0.0,0.0,0.0,0.5,normal,0,3.515344655568272
0.0,0.0,0.0,0.0,0.0,0.0,0.0,0.0,0.0,0.0,0.0,0.0,0.0,0.0,0.0,0.0,0.0,0.0,0.0,0.4,normal,0,3.6723899876252597
0.0,0.0,0.0,0.0,0.0,0.0,0.0,0.0,0.0,0.0,0.0,0.3333333333333333,0.0,0.0,0.0,0.04178755429409331,0.0,0.0,0.0,0.6,normal,0,10.417573549456407
0.0,0.0,0.0,0.0,0.0,0.0,0.0,0.0,0.0,0.0,0.0,0.0,0.0,0.0,0.0,0.0,0.0,0.0,0.0,0.4,normal,0,0.8346482800574715
1.0,1.0,1.0,0.0,1.0,0.0,1.0,0.0,0.0,0.0,1.0,1.0,1.0,1.0,1.0,1.0,1.6666666666666667,0.8722222222222222,0.0,1.0,compromised,1,100.0
0.0,0.0,0.0,0.0,0.0,0.0,0.0,0.0,0.0,0.0,0.0,0.0,0.0,0.0,0.0,0.0,0.0,0.0,0.0,0.4,normal,0,3.431588018487182
0.0,0.0,0.0,0.0,0.0,0.0,0.0,0.0,0.0,0.0,0.0,0.3333333333333333,0.0,0.0,0.0,0.15279386666666667,0.0,0.0,0.0,0.5,normal,0,11.280497879131303
0.0,0.0,0.0,0.0,0.0,0.0,0.0,0.0,0.0,0.0,1.0,0.3333333333333333,0.0,0.0,0.0,0.18500866666666665,0.0,0.0,1.0,0.7,normal,0,26.27239636221041
0.0,0.0,0.0,0.0,0.0,0.0,0.0,0.0,0.0,0.0,0.0,0.3333333333333333,0.0,0.0,0.0,0.06338253333333332,0.0,0.0,0.0,0.6,normal,0,13.984931228486424
0.0,0.0,0.0,0.0,0.0,0.0,0.0,0.0,0.0,0.0,0.0,0.0,0.0,0.0,0.0,0.0,0.0,0.0,0.0,0.5,normal,0,5.23279896686033
1.0,0.0,0.0,0.0,0.0,0.0,0.0,0.0,0.0,0.0,0.0,0.0,0.0,0.0,0.0,0.0,0.3333333333333333,0.0,0.0,0.4,compromised,1,50.819479460217146
0.0,0.0,0.0,0.0,0.0,0.0,0.0,0.0,0.0,0.0,0.0,0.3333333333333333,0.0,0.0,0.0,0.39126166572334126,0.0,0.0,1.0,0.7,normal,0,25.348113898185606
0.0,0.0,0.0,0.0,0.0,0.0,0.0,0.0,0.0,0.0,0.0,0.3333333333333333,0.0,0.0,0.0,0.031964338866712926,0.0,0.0,0.0,0.5,normal,0,8.41871075636573
0.0,0.0,0.0,0.0,0.0,0.0,0.0,0.0,0.0,0.0,1.0,0.3333333333333333,0.0,0.0,0.0,0.1021816,0.0,0.0,0.0,0.7,normal,0,19.024962646332416
0.0,0.0,0.0,0.0,0.0,0.0,0.0,0.0,0.0,0.0,0.0,0.3333333333333333,0.0,0.0,0.0,0.0,0.0,0.0,0.0,0.6,normal,0,8.000057702162275
0.0,0.0,0.0,0.0,0.0,0.0,0.0,0.0,0.0,0.0,0.0,0.3333333333333333,0.0,0.0,0.0,0.11315813333333334,0.0,0.0,0.0,0.7,normal,0,7.584748487888876
0.0,0.0,0.0,0.0,0.0,1.0,0.0,0.0,0.0,0.0,0.0,0.0,0.0,0.0,0.0,0.0,0.3333333333333333,0.0,0.0,0.5,innocent_security_change,0,25.04881728135814
0.0,0.0,0.0,0.0,0.0,0.0,0.0,0.0,0.0,0.0,1.0,0.3333333333333333,0.0,0.0,0.0,0.15081306666666666,0.0,0.0,0.0,0.5,normal,0,15.809477132481028
1.0,1.0,1.0,0.0,1.0,0.0,1.0,0.0,0.0,0.0,0.0,1.0,1.0,1.0,1.0,1.0,1.6666666666666667,0.8833333333333333,0.0,1.0,compromised,1,94.71742576984468
1.0,1.0,1.0,0.0,1.0,0.0,1.0,0.0,0.0,0.0,0.0,1.0,1.0,1.0,1.0,1.0,1.6666666666666667,0.8444444444444444,0.0,1.1,compromised,1,92.5906120393313
0.0,0.0,0.0,0.0,0.0,0.0,0.0,0.0,0.0,0.0,0.0,0.3333333333333333,0.0,0.0,0.0,0.0253828,0.0,0.0,0.0,0.8,innocent_security_change,0,11.312458980859674
0.0,0.0,0.0,0.0,0.0,0.0,0.0,0.0,0.0,0.0,0.0,0.3333333333333333,0.0,0.0,0.0,0.024977895630979362,0.0,0.0,1.0,0.4,innocent_security_change,0,16.450516744918172
0.0,0.0,0.0,0.0,0.0,0.0,0.0,0.0,0.3333333333333333,1.0,1.0,0.3333333333333333,0.0,1.0,0.0,1.0,0.0,0.0,0.0,0.7,medium,0,53.259235973471206
0.0,0.0,0.0,0.0,0.0,0.0,0.0,0.0,0.0,0.0,0.0,0.3333333333333333,0.0,0.0,0.0,0.048225333333333335,0.0,0.0,0.0,0.5,normal,0,7.269610267070326
0.0,0.0,0.0,0.0,0.0,0.0,0.0,0.0,0.0,0.0,0.0,0.0,0.0,0.0,0.0,0.0,0.0,0.0,0.0,0.5,normal,0,0.6404577199359553
1.0,0.0,0.0,0.0,0.0,0.0,0.0,0.0,0.3333333333333333,1.0,1.0,0.3333333333333333,0.0,1.0,0.0,1.0,0.3333333333333333,0.0,0.0,0.8,medium,0,78.7258687504472
1.0,0.0,0.0,0.0,0.0,0.0,0.0,0.0,0.0,0.0,1.0,0.0,0.0,0.0,0.0,0.0,0.3333333333333333,0.0,0.0,0.3,compromised,1,55.45256782782081
0.0,0.0,0.0,1.0,0.0,0.0,0.0,0.0,0.0,0.0,0.0,0.3333333333333333,0.0,0.0,0.0,0.0,0.3333333333333333,0.0,0.0,0.6,innocent_security_change,0,29.656988053540164
0.0,0.0,0.0,0.0,0.0,0.0,0.0,0.0,0.0,0.0,0.0,0.0,0.0,0.0,0.0,0.0,0.0,0.0,0.0,0.5,normal,0,1.357920388216999
0.0,0.0,0.0,0.0,0.0,0.0,0.0,0.0,0.0,0.0,0.0,0.0,0.0,0.0,0.0,0.0,0.0,0.0,0.0,0.3,normal,0,2.610845548690858
1.0,1.0,1.0,0.0,1.0,0.0,1.0,0.0,0.0,0.0,1.0,1.0,1.0,1.0,1.0,1.0,1.6666666666666667,0.9055555555555556,0.0,1.1,compromised,1,100.0
1.0,0.0,0.0,0.0,0.0,0.0,0.0,0.0,0.0,0.0,0.0,0.0,0.0,0.0,0.0,0.0,0.3333333333333333,0.0,0.0,0.3,compromised,1,53.31830549259015
1.0,0.0,0.0,0.0,0.0,0.0,0.0,0.0,0.0,0.0,1.0,0.0,0.0,0.0,0.0,0.0,0.3333333333333333,0.0,0.0,0.3,compromised,1,55.79791311155083
0.0,1.0,0.0,0.0,0.0,0.0,0.0,0.0,0.0,0.0,1.0,0.3333333333333333,1.0,0.0,0.0,0.1911288,0.3333333333333333,0.0,0.0,0.7,innocent_security_change,0,53.75917569244743
0.0,0.0,0.0,0.0,0.0,0.0,0.0,0.0,0.0,0.0,0.0,0.0,0.0,0.0,0.0,0.0,0.0,0.0,0.0,0.5,normal,0,2.969379167202023
0.0,0.0,0.0,0.0,0.0,0.0,0.0,0.0,0.0,0.0,0.0,0.0,0.0,0.0,0.0,0.0,0.0,0.0,0.0,0.4,normal,0,2.886884672444616
0.0,0.0,0.0,0.0,0.0,0.0,0.0,0.0,0.0,0.0,1.0,0.3333333333333333,0.0,0.0,0.0,0.10923066666666666,0.0,0.0,0.0,0.7,normal,0,20.246922945363067
0.0,0.0,0.0,0.0,0.0,0.0,0.0,0.0,0.0,0.0,0.0,0.3333333333333333,1.0,0.0,0.0,0.1707832,0.0,0.0,0.0,0.5,normal,0,23.042175796455123
0.0,0.0,0.0,0.0,0.0,0.0,0.0,0.0,0.0,0.0,0.0,0.0,0.0,0.0,0.0,0.0,0.0,0.0,0.0,0.5,normal,0,4.101275486212994
0.0,0.0,0.0,0.0,0.0,0.0,0.0,0.0,0.0,0.0,0.0,0.0,0.0,0.0,0.0,0.0,0.0,0.0,0.0,0.5,normal,0,1.0876453545726785
1.0,1.0,1.0,0.0,1.0,0.0,0.0,0.0,0.0,0.0,0.0,0.0,0.0,0.0,0.0,0.0,1.3333333333333333,0.8833333333333333,0.0,0.6,compromised,1,89.25677641131131
1.0,1.0,1.0,0.0,1.0,0.0,1.0,0.0,0.0,0.0,1.0,1.0,1.0,1.0,1.0,1.0,1.6666666666666667,0.8388888888888889,0.0,1.0,compromised,1,94.51993222274037
0.0,0.0,0.0,0.0,0.0,0.0,0.0,0.0,0.0,0.0,0.0,0.0,0.0,0.0,0.0,0.0,0.0,0.0,0.0,0.5,normal,0,0.0
1.0,1.0,1.0,0.0,1.0,0.0,1.0,0.0,0.0,0.0,1.0,0.6666666666666666,0.0,1.0,1.0,0.777596,1.6666666666666667,0.8833333333333333,0.0,0.9,compromised,1,94.42165765751888
0.0,0.0,0.0,0.0,0.0,0.0,0.0,0.0,0.0,0.0,0.0,0.3333333333333333,0.0,0.0,0.0,0.0088216,0.0,0.0,0.0,0.6,normal,0,10.41350957745435
1.0,1.0,1.0,0.0,0.0,0.0,0.0,0.0,0.0,0.0,1.0,0.0,0.0,0.0,0.0,0.0,1.0,0.9444444444444444,0.0,0.5,compromised,1,84.97878690103742
0.0,0.0,0.0,0.0,0.0,1.0,0.0,0.0,0.0,0.0,0.0,0.3333333333333333,0.0,0.0,0.0,0.10485173333333334,0.3333333333333333,0.0,0.0,0.7,innocent_security_change,0,31.734431305851587
1.0,0.0,0.0,0.0,0.0,0.0,0.0,0.0,0.3333333333333333,1.0,1.0,0.3333333333333333,0.0,1.0,0.0,0.5990812,0.3333333333333333,0.0,0.0,0.6,medium,0,75.95606605526397
0.0,0.0,0.0,0.0,0.0,0.0,0.0,0.0,0.3333333333333333,1.0,1.0,0.3333333333333333,0.0,1.0,0.0,1.0,0.0,0.0,0.0,0.7,medium,0,49.154715972841984
0.0,0.0,0.0,0.0,0.0,0.0,0.0,0.0,0.0,0.0,0.0,0.3333333333333333,0.0,0.0,0.0,0.10166746666666668,0.0,0.0,0.0,0.7,normal,0,13.50267609190284
1.0,1.0,1.0,0.0,1.0,0.0,1.0,0.0,0.0,0.0,0.0,1.0,1.0,1.0,1.0,1.0,1.6666666666666667,0.8833333333333333,0.0,1.0,compromised,1,99.81553196198837
1.0,0.0,0.0,0.0,0.0,0.0,0.0,0.0,0.3333333333333333,1.0,0.0,0.3333333333333333,0.0,1.0,0.0,1.0,0.3333333333333333,0.0,0.0,0.8,medium,0,72.49433910268134
1.0,1.0,0.0,0.0,0.0,0.0,0.0,0.0,0.0,0.0,1.0,0.0,0.0,0.0,0.0,0.0,0.6666666666666666,0.9333333333333333,0.0,0.5,compromised,1,78.50638279400994
0.0,0.0,0.0,0.0,0.0,0.0,0.0,0.0,0.0,0.0,0.0,0.3333333333333333,0.0,0.0,0.0,0.11499413333333333,0.0,0.0,0.0,0.6,normal,0,9.252597844560576
1.0,1.0,1.0,0.0,1.0,0.0,1.0,0.0,0.0,0.0,1.0,1.0,1.0,1.0,1.0,1.0,1.6666666666666667,0.8277777777777777,0.0,1.0,compromised,1,98.22896123995103
0.0,0.0,0.0,0.0,0.0,0.0,0.0,0.0,0.0,0.0,0.0,0.3333333333333333,0.0,0.0,0.0,0.14972293333333334,0.0,0.0,0.0,0.6,normal,0,8.679059445115906
0.0,0.0,0.0,0.0,0.0,0.0,0.0,0.0,0.0,0.0,1.0,0.3333333333333333,0.0,0.0,0.0,0.1227808,0.0,0.0,0.0,0.6,normal,0,16.158554072897694
1.0,0.0,0.0,0.0,0.0,0.0,0.0,0.0,0.3333333333333333,1.0,1.0,0.3333333333333333,0.0,1.0,0.0,1.0,0.3333333333333333,0.0,0.0,0.9,medium,0,76.77047327247536
1.0,1.0,1.0,0.0,1.0,0.0,1.0,0.0,0.0,0.0,0.0,1.0,1.0,1.0,1.0,1.0,1.6666666666666667,0.8277777777777777,0.0,1.0,compromised,1,97.44318176235772
0.0,0.0,0.0,0.0,0.0,0.0,0.0,0.0,0.0,0.0,0.0,0.0,0.0,0.0,0.0,0.0,0.0,0.0,0.0,0.4,normal,0,1.8729849766712858
0.0,0.0,0.0,0.0,0.0,0.0,0.0,0.0,0.0,0.0,0.0,0.3333333333333333,0.0,0.0,0.0,0.0,0.0,0.0,0.0,0.8,normal,0,8.240309244060795
1.0,1.0,0.0,0.0,0.0,0.0,0.0,0.0,0.0,0.0,0.0,0.0,0.0,0.0,0.0,0.0,0.6666666666666666,0.8,0.0,0.4,compromised,1,72.67247034483314
1.0,1.0,1.0,0.0,1.0,0.0,1.0,0.0,0.0,0.0,0.0,1.0,1.0,1.0,1.0,1.0,1.6666666666666667,0.8944444444444445,0.0,1.0,compromised,1,98.46890885787452
0.0,0.0,0.0,0.0,0.0,0.0,0.0,0.0,0.0,0.0,1.0,0.3333333333333333,0.0,0.0,0.0,0.012502133333333334,0.0,0.0,0.0,0.5,normal,0,18.657243429116328
0.0,0.0,0.0,0.0,0.0,0.0,0.0,0.0,0.0,0.0,0.0,0.3333333333333333,0.0,0.0,0.0,0.013795466666666667,0.0,0.0,0.0,0.6,normal,0,10.536184033427503
0.0,0.0,0.0,0.0,0.0,0.0,0.0,0.0,0.0,0.0,0.0,0.3333333333333333,0.0,0.0,0.0,0.0,0.0,0.0,1.0,0.5,innocent_security_change,0,15.453196852222602
0.0,0.0,0.0,0.0,0.0,0.0,0.0,0.0,0.3333333333333333,1.0,1.0,0.3333333333333333,0.0,1.0,0.0,1.0,0.0,0.0,0.0,0.8,medium,0,57.33805261067748
0.0,0.0,0.0,0.0,0.0,0.0,0.0,0.0,0.0,0.0,1.0,0.3333333333333333,0.0,0.0,0.0,0.0,0.0,0.0,1.0,0.7,innocent_security_change,0,23.825915217261635
0.0,0.0,0.0,0.0,0.0,0.0,0.0,0.0,0.0,0.0,0.0,0.0,0.0,0.0,0.0,0.0,0.0,0.0,0.0,0.5,normal,0,4.789942846244352
0.0,0.0,0.0,0.0,0.0,0.0,0.0,0.0,0.0,0.0,0.0,0.3333333333333333,0.0,0.0,0.0,0.06905426666666667,0.0,0.0,0.0,0.6,normal,0,13.754507837180281
1.0,0.0,0.0,0.0,0.0,0.0,0.0,0.0,0.3333333333333333,1.0,0.0,0.3333333333333333,0.0,1.0,0.0,1.0,0.3333333333333333,0.0,0.0,0.7,medium,0,75.99863176234948
0.0,0.0,0.0,0.0,0.0,0.0,0.0,0.0,0.0,0.0,0.0,0.0,0.0,0.0,0.0,0.0,0.0,0.0,0.0,0.5,normal,0,3.06473153586548
1.0,1.0,1.0,0.0,1.0,0.0,1.0,0.0,0.0,0.0,0.0,1.0,1.0,1.0,1.0,1.0,1.6666666666666667,0.85,0.0,1.0,compromised,1,96.4462439153825
0.0,0.0,0.0,0.0,0.0,0.0,0.0,0.0,0.0,0.0,0.0,0.3333333333333333,0.0,0.0,0.0,0.14099373333333334,0.0,0.0,0.0,0.5,normal,0,13.67420082907514
1.0,1.0,1.0,0.0,0.0,0.0,0.0,0.0,0.0,0.0,0.0,0.0,0.0,0.0,0.0,0.0,1.0,0.7,0.0,0.5,compromised,1,81.12796379155544
1.0,1.0,0.0,0.0,0.0,0.0,0.0,0.0,0.0,0.0,0.0,0.0,0.0,0.0,0.0,0.0,0.6666666666666666,0.8333333333333334,0.0,0.4,compromised,1,71.50097322804805
1.0,1.0,1.0,0.0,1.0,0.0,1.0,0.0,0.0,0.0,0.0,1.0,1.0,1.0,1.0,1.0,1.6666666666666667,0.85,0.0,1.1,compromised,1,96.78927330426127
0.0,0.0,0.0,0.0,0.0,0.0,0.0,0.0,0.3333333333333333,1.0,1.0,0.3333333333333333,1.0,1.0,0.0,0.4588196,0.0,0.0,0.0,0.7,medium,0,60.13492823388787
0.0,0.0,0.0,0.0,0.0,0.0,0.0,0.0,0.0,0.0,0.0,0.3333333333333333,0.0,0.0,0.0,0.07451253333333333,0.0,0.0,0.0,0.4,normal,0,10.514087282124137
0.0,0.0,0.0,0.0,0.0,0.0,0.0,0.0,0.0,0.0,1.0,0.0,0.0,0.0,0.0,0.0,0.0,0.0,0.0,0.6,normal,0,11.74350669303575
0.0,0.0,0.0,0.0,0.0,0.0,0.0,0.0,0.0,0.0,1.0,0.3333333333333333,1.0,0.0,0.0,0.16106613333333333,0.0,0.0,0.0,0.8,normal,0,31.974766517797143
1.0,0.0,1.0,0.0,1.0,0.0,1.0,0.0,0.0,0.0,0.0,0.0,0.0,0.0,0.0,0.0,1.3333333333333333,0.85,0.0,0.6,compromised,1,90.9005563120737
0.0,0.0,0.0,0.0,0.0,0.0,0.0,0.0,0.0,0.0,0.0,0.0,0.0,0.0,0.0,0.0,0.0,0.0,0.0,0.5,normal,0,1.7965696229437176
0.0,0.0,0.0,0.0,0.0,0.0,0.0,0.0,0.0,0.0,0.0,0.3333333333333333,0.0,0.0,0.0,0.3563972518357579,0.0,0.0,1.0,0.7,normal,0,24.898507053335592
0.0,0.0,0.0,0.0,0.0,0.0,0.0,0.0,0.0,0.0,0.0,0.3333333333333333,0.0,0.0,0.0,0.10081506666666668,0.0,0.0,1.0,0.4,innocent_security_change,0,14.309395691259596
0.0,0.0,0.0,0.0,0.0,0.0,0.0,0.0,0.0,0.0,0.0,0.0,0.0,0.0,0.0,0.0,0.0,0.0,0.0,0.4,normal,0,6.88913635004373
0.0,0.0,0.0,0.0,0.0,0.0,0.0,0.0,0.0,0.0,0.0,0.0,0.0,0.0,0.0,0.0,0.0,0.0,0.0,0.5,normal,0,5.641616328989112
0.0,0.0,0.0,0.0,0.0,0.0,0.0,0.0,0.3333333333333333,1.0,0.0,0.3333333333333333,0.0,1.0,0.0,1.0,0.0,0.0,0.0,0.5,medium,0,50.759331548009406
0.0,0.0,0.0,0.0,0.0,0.0,0.0,0.0,0.0,0.0,0.0,0.0,0.0,0.0,0.0,0.0,0.0,0.0,0.0,0.5,normal,0,2.4136933234644093
0.0,0.0,0.0,0.0,0.0,0.0,0.0,0.0,0.0,0.0,0.0,0.3333333333333333,0.0,0.0,0.0,0.18169013333333334,0.0,0.0,1.0,0.6,normal,0,19.499899827384194
1.0,1.0,1.0,0.0,1.0,0.0,1.0,0.0,0.0,0.0,1.0,1.0,1.0,1.0,1.0,1.0,1.6666666666666667,0.8722222222222222,0.0,1.0,compromised,1,94.42779334824323
1.0,1.0,1.0,0.0,1.0,0.0,1.0,0.0,0.0,0.0,1.0,1.0,1.0,1.0,1.0,1.0,1.6666666666666667,0.85,0.0,1.0,compromised,1,96.68611491202847
1.0,0.0,0.0,0.0,0.0,0.0,0.0,0.0,0.3333333333333333,1.0,1.0,0.3333333333333333,0.0,1.0,0.0,0.7240958666666667,0.3333333333333333,0.0,0.0,0.8,medium,0,77.88041815730095
0.0,0.0,0.0,0.0,0.0,0.0,0.0,0.0,0.0,0.0,0.0,0.0,0.0,0.0,0.0,0.0,0.0,0.0,0.0,0.5,normal,0,6.811199757981045
0.0,0.0,0.0,0.0,0.0,0.0,0.0,0.0,0.3333333333333333,1.0,0.0,0.3333333333333333,0.0,1.0,0.0,1.0,0.0,0.0,0.0,0.7,medium,0,46.014710066331084
0.0,0.0,0.0,1.0,0.0,0.0,0.0,0.0,0.0,0.0,0.0,0.3333333333333333,0.0,0.0,0.0,0.01762813333333333,0.3333333333333333,0.0,0.0,0.6,innocent_security_change,0,28.134487662011097
0.0,0.0,0.0,0.0,0.0,0.0,0.0,0.0,0.0,0.0,0.0,0.3333333333333333,1.0,0.0,0.0,0.18162160000000002,0.0,0.0,1.0,0.7,normal,0,30.844454549163817
0.0,0.0,0.0,0.0,0.0,0.0,0.0,0.0,0.3333333333333333,1.0,1.0,0.3333333333333333,0.0,1.0,0.0,1.0,0.0,0.0,0.0,0.4,medium,0,49.5735141985417
0.0,0.0,0.0,0.0,0.0,0.0,0.0,0.0,0.0,0.0,0.0,0.3333333333333333,0.0,0.0,0.0,0.1540224,0.0,0.0,0.0,0.7,normal,0,14.012230546108526
0.0,0.0,0.0,1.0,0.0,0.0,0.0,0.0,0.0,0.0,0.0,0.3333333333333333,1.0,0.0,0.0,0.41661327311700286,0.3333333333333333,0.0,0.0,0.5,innocent_security_change,0,39.8794172948142
0.0,0.0,0.0,0.0,0.0,0.0,0.0,0.0,0.0,0.0,0.0,0.0,0.0,0.0,0.0,0.0,0.0,0.0,0.0,0.6,normal,0,3.781323721291188
0.0,0.0,0.0,0.0,0.0,0.0,0.0,0.0,0.0,0.0,0.0,0.3333333333333333,0.0,0.0,0.0,0.0198408,0.0,0.0,0.0,0.6,normal,0,9.029091897643248
1.0,1.0,1.0,0.0,1.0,0.0,1.0,0.0,0.0,0.0,0.0,1.0,1.0,1.0,1.0,1.0,1.6666666666666667,0.9,0.0,1.0,compromised,1,95.82588538518635
1.0,1.0,1.0,0.0,1.0,0.0,1.0,0.0,0.0,0.0,1.0,0.6666666666666666,1.0,0.0,1.0,1.0,1.6666666666666667,0.8833333333333333,0.0,0.9,compromised,1,97.4370555319252
0.0,0.0,0.0,0.0,0.0,0.0,0.0,0.0,0.0,0.0,1.0,0.3333333333333333,0.0,0.0,0.0,0.19301986666666665,0.0,0.0,1.0,0.7,normal,0,28.25480993171926
0.0,0.0,0.0,1.0,0.0,0.0,0.0,0.0,0.0,0.0,0.0,0.3333333333333333,0.0,0.0,0.0,0.0,0.3333333333333333,0.0,0.0,0.6,innocent_security_change,0,27.93644754400314
0.0,0.0,0.0,0.0,0.0,0.0,0.0,0.0,0.0,0.0,0.0,0.3333333333333333,0.0,0.0,0.0,0.180314,0.0,0.0,1.0,0.8,normal,0,19.19481237183548
0.0,0.0,0.0,0.0,0.0,0.0,0.0,0.0,0.0,0.0,0.0,0.0,0.0,0.0,0.0,0.0,0.0,0.0,0.0,0.3,normal,0,2.9570003687205406
1.0,1.0,1.0,0.0,1.0,0.0,1.0,0.0,0.0,0.0,1.0,0.6666666666666666,0.0,1.0,1.0,0.9167997333333333,1.6666666666666667,0.8833333333333333,0.0,0.9,compromised,1,100.0
0.0,0.0,0.0,0.0,0.0,0.0,0.0,0.0,0.0,0.0,0.0,0.3333333333333333,0.0,0.0,0.0,0.0728476,0.0,0.0,0.0,0.6,normal,0,11.198701508563603
0.0,0.0,0.0,0.0,0.0,0.0,0.0,0.0,0.0,0.0,0.0,0.3333333333333333,0.0,0.0,0.0,0.0990384,0.0,0.0,0.0,0.6,normal,0,13.678259986911325
0.0,0.0,0.0,0.0,0.0,0.0,0.0,0.0,0.0,0.0,0.0,0.0,0.0,0.0,0.0,0.0,0.0,0.0,0.0,0.5,normal,0,0.0954872906438986
1.0,0.0,0.0,0.0,0.0,0.0,0.0,0.0,0.0,0.0,1.0,0.0,0.0,0.0,0.0,0.0,0.3333333333333333,0.0,0.0,0.3,compromised,1,57.223351255326456
1.0,1.0,1.0,0.0,1.0,0.0,1.0,0.0,0.0,0.0,0.0,1.0,1.0,1.0,1.0,1.0,1.6666666666666667,0.8611111111111112,0.0,1.0,compromised,1,95.03077190331548
1.0,1.0,1.0,0.0,1.0,0.0,1.0,0.0,0.0,0.0,1.0,1.0,1.0,1.0,1.0,1.0,1.6666666666666667,0.8611111111111112,0.0,1.0,compromised,1,94.31192001410852
0.0,1.0,0.0,0.0,0.0,0.0,0.0,0.0,0.0,0.0,0.0,0.3333333333333333,0.0,0.0,0.0,0.0,0.3333333333333333,0.0,0.0,0.6,innocent_security_change,0,35.518627703718636
0.0,0.0,0.0,1.0,0.0,0.0,0.0,0.0,0.0,0.0,1.0,0.3333333333333333,0.0,0.0,0.0,0.0117588,0.3333333333333333,0.0,0.0,0.8,innocent_security_change,0,40.22605772275844
0.0,0.0,0.0,0.0,0.0,0.0,0.0,0.0,0.0,0.0,0.0,0.3333333333333333,0.0,0.0,0.0,0.06946266666666666,0.0,0.0,0.0,0.7,normal,0,13.82645550690527
0.0,0.0,0.0,0.0,0.0,0.0,0.0,0.0,0.0,0.0,0.0,0.3333333333333333,0.0,0.0,0.0,0.04698853333333333,0.0,0.0,0.0,0.9,normal,0,13.051836154073541
0.0,0.0,0.0,0.0,0.0,0.0,0.0,0.0,0.0,0.0,0.0,0.3333333333333333,0.0,0.0,0.0,0.0191896,0.0,0.0,0.0,0.6,normal,0,6.318703781859779
1.0,1.0,1.0,0.0,1.0,0.0,1.0,0.0,0.0,0.0,0.0,1.0,1.0,1.0,1.0,1.0,1.6666666666666667,0.8444444444444444,0.0,1.0,compromised,1,97.27267307505167
0.0,0.0,0.0,0.0,0.0,0.0,0.0,0.0,0.0,0.0,0.0,0.3333333333333333,1.0,0.0,0.0,0.1884336,0.0,0.0,0.0,0.6,normal,0,24.956796858979697
0.0,0.0,0.0,0.0,0.0,0.0,0.0,0.0,0.0,0.0,0.0,0.3333333333333333,0.0,0.0,0.0,0.11642426666666666,0.0,0.0,0.0,0.6,normal,0,11.851113894064467
1.0,1.0,1.0,0.0,1.0,0.0,1.0,0.0,0.0,0.0,0.0,1.0,1.0,1.0,1.0,1.0,1.6666666666666667,0.8833333333333333,0.0,1.0,compromised,1,93.17905138930723
0.0,0.0,0.0,0.0,0.0,0.0,0.0,0.0,0.0,0.0,0.0,0.0,0.0,0.0,0.0,0.0,0.0,0.0,0.0,0.4,normal,0,0.6413895906581164
0.0,0.0,0.0,0.0,0.0,0.0,0.0,0.0,0.0,0.0,0.0,0.3333333333333333,0.0,0.0,0.0,0.09738533333333332,0.0,0.0,0.0,0.7,normal,0,11.650130377021975
0.0,0.0,0.0,0.0,0.0,0.0,0.0,0.0,0.0,0.0,1.0,0.0,0.0,0.0,0.0,0.0,0.0,0.0,0.0,0.5,normal,0,14.877808223033341
1.0,0.0,0.0,0.0,0.0,0.0,0.0,0.0,0.3333333333333333,1.0,0.0,0.3333333333333333,0.0,1.0,0.0,0.7968183999999999,0.3333333333333333,0.0,0.0,0.9,medium,0,68.92492712955689
0.0,0.0,0.0,0.0,0.0,0.0,0.0,0.0,0.0,0.0,0.0,0.3333333333333333,0.0,0.0,0.0,0.10509413333333334,0.0,0.0,0.0,0.6,normal,0,10.860848722959673
0.0,0.0,0.0,0.0,0.0,0.0,0.0,0.0,0.0,0.0,0.0,0.3333333333333333,0.0,0.0,0.0,0.04479,0.0,0.0,0.0,0.6,normal,0,10.8420272162559
0.0,0.0,0.0,0.0,0.0,0.0,0.0,0.0,0.0,0.0,0.0,0.0,0.0,0.0,0.0,0.0,0.0,0.0,0.0,0.4,normal,0,4.991214181998329
1.0,1.0,1.0,0.0,1.0,0.0,1.0,0.0,0.0,0.0,1.0,1.0,1.0,1.0,1.0,1.0,1.6666666666666667,0.8722222222222222,0.0,1.0,compromised,1,99.7428168451486
1.0,0.0,0.0,0.0,0.0,0.0,0.0,0.0,0.3333333333333333,1.0,0.0,0.3333333333333333,0.0,1.0,0.0,1.0,0.3333333333333333,0.0,0.0,0.6,medium,0,76.0688224773222
0.0,0.0,0.0,0.0,0.0,0.0,0.0,0.0,0.3333333333333333,1.0,0.0,0.3333333333333333,0.0,1.0,0.0,0.4560464,0.0,0.0,0.0,0.8,medium,0,42.967475190433426
0.0,0.0,0.0,0.0,0.0,0.0,0.0,0.0,0.0,0.0,1.0,0.0,0.0,0.0,0.0,0.0,0.0,0.0,0.0,0.6,normal,0,9.393615746503094
0.0,0.0,0.0,0.0,0.0,0.0,0.0,0.0,0.0,0.0,0.0,0.3333333333333333,0.0,0.0,0.0,0.10561013333333334,0.0,0.0,0.0,0.6,normal,0,10.29018639721309
1.0,1.0,1.0,0.0,0.0,0.0,0.0,0.0,0.0,0.0,0.0,0.0,0.0,0.0,0.0,0.0,1.0,0.9388888888888889,0.0,0.6,compromised,1,88.32115319324636
0.0,0.0,0.0,0.0,0.0,0.0,0.0,0.0,0.3333333333333333,1.0,1.0,0.3333333333333333,0.0,1.0,0.0,1.0,0.0,0.0,0.0,0.6,medium,0,57.22440245783255
0.0,0.0,0.0,0.0,0.0,0.0,0.0,0.0,0.0,0.0,0.0,0.3333333333333333,0.0,0.0,0.0,0.10356106666666666,0.0,0.0,0.0,0.6,normal,0,13.022742317359828
1.0,1.0,1.0,0.0,1.0,0.0,1.0,0.0,0.0,0.0,0.0,1.0,1.0,1.0,1.0,1.0,1.6666666666666667,0.8666666666666667,0.0,1.0,compromised,1,98.85113911675462
0.0,0.0,0.0,0.0,0.0,0.0,0.0,0.0,0.0,0.0,0.0,0.0,0.0,0.0,0.0,0.0,0.0,0.0,0.0,0.4,normal,0,3.8162833316727096
1.0,0.0,0.0,0.0,0.0,0.0,0.0,0.0,0.3333333333333333,1.0,1.0,0.3333333333333333,0.0,1.0,0.0,0.7329748,0.3333333333333333,0.0,0.0,0.8,medium,0,75.28612559283418
0.0,0.0,0.0,0.0,0.0,0.0,0.0,0.0,0.0,0.0,0.0,0.3333333333333333,0.0,0.0,0.0,0.105576,0.0,0.0,0.0,0.7,normal,0,11.590177998464691
1.0,1.0,1.0,0.0,1.0,0.0,1.0,0.0,0.0,0.0,0.0,1.0,1.0,1.0,1.0,1.0,1.6666666666666667,0.8777777777777778,0.0,1.1,compromised,1,100.0
1.0,1.0,1.0,0.0,1.0,0.0,1.0,0.0,0.0,0.0,0.0,1.0,1.0,1.0,1.0,1.0,1.6666666666666667,0.9277777777777778,0.0,1.0,compromised,1,95.46054896034214
0.0,0.0,0.0,0.0,0.0,0.0,0.0,0.0,0.0,0.0,0.0,0.0,0.0,0.0,0.0,0.0,0.0,0.0,0.0,0.5,normal,0,7.607989080302184
0.0,0.0,0.0,0.0,0.0,0.0,0.0,0.0,0.0,0.0,0.0,0.3333333333333333,1.0,0.0,0.0,0.18805813333333335,0.0,0.0,0.0,0.7,normal,0,23.942621278115816
0.0,0.0,0.0,0.0,0.0,0.0,0.0,0.0,0.0,0.0,0.0,0.0,0.0,0.0,0.0,0.0,0.0,0.0,0.0,0.4,normal,0,6.1807644834454925
0.0,0.0,0.0,0.0,0.0,0.0,0.0,0.0,0.3333333333333333,1.0,1.0,0.3333333333333333,0.0,1.0,0.0,0.5336689333333333,0.0,0.0,0.0,0.7,medium,0,47.33583793518323
1.0,0.0,0.0,0.0,0.0,0.0,0.0,0.0,0.3333333333333333,1.0,0.0,0.3333333333333333,0.0,1.0,0.0,1.0,0.3333333333333333,0.0,0.0,0.6,medium,0,76.0771546832118
0.0,0.0,0.0,0.0,0.0,0.0,0.0,0.0,0.0,0.0,0.0,0.3333333333333333,0.0,0.0,0.0,0.10516199999999999,0.0,0.0,0.0,0.6,normal,0,9.425109254926078
0.0,0.0,0.0,0.0,0.0,0.0,0.0,0.0,0.0,0.0,0.0,0.0,0.0,0.0,0.0,0.0,0.0,0.0,0.0,0.5,normal,0,0.03287412371708642
0.0,0.0,0.0,0.0,0.0,0.0,0.0,0.0,0.0,0.0,0.0,0.3333333333333333,0.0,0.0,0.0,0.0735268,0.0,0.0,0.0,0.6,normal,0,11.404125569516822
0.0,0.0,0.0,0.0,0.0,0.0,0.0,0.0,0.3333333333333333,1.0,0.0,0.3333333333333333,0.0,1.0,0.0,0.5492562666666667,0.0,0.0,0.0,0.6,medium,0,47.436625741766974
0.0,0.0,0.0,0.0,0.0,0.0,0.0,0.0,0.0,0.0,0.0,0.3333333333333333,0.0,0.0,0.0,0.1953584,0.0,0.0,1.0,0.7,normal,0,18.500999722304623
0.0,0.0,0.0,0.0,0.0,0.0,0.0,0.0,0.0,0.0,0.0,0.3333333333333333,0.0,0.0,0.0,0.07850693333333333,0.0,0.0,0.0,0.5,normal,0,6.5246012639206805
0.0,0.0,0.0,0.0,0.0,0.0,0.0,0.0,0.0,0.0,0.0,0.3333333333333333,0.0,0.0,0.0,0.10747373333333334,0.0,0.0,0.0,0.6,normal,0,11.067254316040835
0.0,0.0,0.0,0.0,0.0,0.0,0.0,0.0,0.0,0.0,0.0,0.3333333333333333,0.0,0.0,0.0,0.019325733333333334,0.0,0.0,0.0,0.6,normal,0,9.93364597192325
0.0,0.0,0.0,0.0,0.0,0.0,0.0,0.0,0.0,0.0,0.0,0.0,0.0,0.0,0.0,0.0,0.0,0.0,0.0,0.5,normal,0,4.9418411724138025
0.0,0.0,0.0,0.0,0.0,0.0,0.0,0.0,0.0,0.0,1.0,0.3333333333333333,0.0,0.0,0.0,0.007935733333333334,0.0,0.0,0.0,0.6,normal,0,21.678506398079463
0.0,0.0,0.0,0.0,0.0,0.0,0.0,0.0,0.0,0.0,0.0,0.3333333333333333,0.0,0.0,0.0,0.17994733333333332,0.0,0.0,1.0,0.8,normal,0,20.863215878729637
0.0,0.0,0.0,0.0,0.0,0.0,0.0,0.0,0.0,0.0,0.0,0.0,0.0,0.0,0.0,0.0,0.0,0.0,0.0,0.5,normal,0,8.209800390513212
0.0,0.0,0.0,0.0,0.0,0.0,0.0,0.0,0.3333333333333333,1.0,0.0,0.3333333333333333,0.0,1.0,0.0,0.6381549333333334,0.0,0.0,0.0,0.6,medium,0,46.18126254699069
0.0,0.0,0.0,0.0,0.0,0.0,0.0,0.0,0.0,0.0,0.0,0.0,0.0,0.0,0.0,0.0,0.0,0.0,0.0,0.5,normal,0,2.704975838510306
1.0,1.0,1.0,0.0,1.0,0.0,1.0,0.0,0.0,0.0,0.0,1.0,1.0,1.0,1.0,1.0,1.6666666666666667,0.9055555555555556,0.0,1.0,compromised,1,93.77386717643071
0.0,0.0,0.0,0.0,0.0,0.0,0.0,0.0,0.0,0.0,1.0,0.0,0.0,0.0,0.0,0.0,0.0,0.0,0.0,0.4,normal,0,12.2493187429162
1.0,0.0,0.0,0.0,0.0,0.0,0.0,0.0,0.3333333333333333,1.0,1.0,0.3333333333333333,0.0,1.0,0.0,0.7711125333333334,0.3333333333333333,0.0,0.0,0.9,medium,0,76.13255566307754
0.0,0.0,0.0,0.0,0.0,0.0,0.0,0.0,0.3333333333333333,1.0,0.0,0.3333333333333333,0.0,1.0,0.0,0.4450941333333333,0.0,0.0,0.0,0.6,medium,0,46.472737630347126
0.0,0.0,0.0,0.0,0.0,0.0,0.0,0.0,0.0,0.0,0.0,0.0,0.0,0.0,0.0,0.0,0.0,0.0,0.0,0.5,normal,0,4.727251163694691
1.0,1.0,1.0,0.0,1.0,0.0,1.0,0.0,0.0,0.0,1.0,1.0,1.0,1.0,1.0,1.0,1.6666666666666667,0.8944444444444445,0.0,1.0,compromised,1,95.07506889777311
0.0,0.0,0.0,0.0,0.0,0.0,0.0,0.0,0.0,0.0,0.0,0.3333333333333333,0.0,0.0,0.0,0.010772533333333334,0.0,0.0,0.0,0.5,normal,0,9.81438430868198
0.0,0.0,0.0,0.0,0.0,0.0,0.0,0.0,0.0,0.0,0.0,0.3333333333333333,1.0,0.0,0.0,0.1843344,0.0,0.0,0.0,0.6,normal,0,25.836167265234497
0.0,0.0,0.0,0.0,0.0,0.0,0.0,0.0,0.0,0.0,0.0,0.0,0.0,0.0,0.0,0.0,0.0,0.0,0.0,0.5,normal,0,7.391120501997137
0.0,0.0,0.0,0.0,0.0,0.0,0.0,0.0,0.0,0.0,0.0,0.3333333333333333,0.0,0.0,0.0,0.15322866666666665,0.0,0.0,0.0,0.7,normal,0,14.742518625606134
0.0,0.0,0.0,0.0,0.0,0.0,0.0,0.0,0.0,0.0,0.0,0.3333333333333333,0.0,0.0,0.0,0.0,0.0,0.0,0.0,0.6,normal,0,11.801432131641688
1.0,0.0,0.0,0.0,0.0,0.0,0.0,0.0,0.3333333333333333,1.0,0.0,0.3333333333333333,0.0,1.0,0.0,1.0,0.3333333333333333,0.0,1.0,0.9,medium,0,77.469073167394
0.0,0.0,0.0,0.0,0.0,0.0,0.0,0.0,0.0,0.0,0.0,0.3333333333333333,0.0,0.0,0.0,0.0,0.0,0.0,0.0,0.6,normal,0,10.870095509421617
0.0,0.0,0.0,0.0,0.0,0.0,0.0,0.0,0.0,0.0,0.0,0.0,0.0,0.0,0.0,0.0,0.0,0.0,0.0,0.5,normal,0,6.694804355292952
1.0,0.0,0.0,0.0,0.0,0.0,0.0,0.0,0.3333333333333333,1.0,0.0,0.3333333333333333,0.0,1.0,0.0,1.0,0.3333333333333333,0.0,0.0,0.7,medium,0,71.46441803677811
1.0,1.0,1.0,0.0,1.0,0.0,1.0,0.0,0.0,0.0,0.0,1.0,1.0,1.0,1.0,1.0,1.6666666666666667,0.9111111111111111,0.0,1.0,compromised,1,96.93273544176985
1.0,0.0,0.0,0.0,0.0,0.0,0.0,0.0,0.3333333333333333,1.0,0.0,0.3333333333333333,0.0,1.0,0.0,0.468478,0.3333333333333333,0.0,0.0,0.8,medium,0,71.03640020207136
0.0,0.0,0.0,0.0,0.0,0.0,0.0,0.0,0.0,0.0,1.0,0.0,0.0,0.0,0.0,0.0,0.0,0.0,0.0,0.5,normal,0,14.484963746055676
0.0,0.0,0.0,0.0,0.0,0.0,0.0,0.0,0.3333333333333333,1.0,1.0,0.3333333333333333,0.0,1.0,0.0,0.43994493333333334,0.0,0.0,0.0,0.8,medium,0,53.61486627887575
0.0,0.0,0.0,0.0,0.0,0.0,0.0,0.0,0.3333333333333333,1.0,0.0,0.3333333333333333,0.0,1.0,0.0,0.43346080000000003,0.0,0.0,0.0,0.7,medium,0,42.89078292449598
1.0,1.0,1.0,0.0,1.0,0.0,1.0,0.0,0.0,0.0,1.0,0.0,0.0,0.0,0.0,0.0,1.6666666666666667,0.9,0.0,0.7,compromised,1,89.19706560354925
0.0,0.0,0.0,0.0,0.0,0.0,0.0,0.0,0.0,0.0,1.0,0.3333333333333333,1.0,0.0,0.0,0.17667839999999999,0.0,0.0,0.0,0.8,normal,0,31.872525788621033
0.0,0.0,0.0,0.0,0.0,0.0,0.0,0.0,0.0,0.0,0.0,0.0,0.0,0.0,0.0,0.0,0.0,0.0,0.0,0.4,normal,0,5.150868540751313
0.0,0.0,0.0,0.0,0.0,0.0,0.0,0.0,0.0,0.0,0.0,0.3333333333333333,0.0,0.0,0.0,0.1163588,0.0,0.0,0.0,0.6,normal,0,12.755504503560129
1.0,1.0,0.0,0.0,0.0,0.0,0.0,0.0,0.0,0.0,0.0,0.0,0.0,0.0,0.0,0.0,0.6666666666666666,0.8,0.0,0.4,compromised,1,74.74268361968743
0.0,0.0,0.0,0.0,0.0,0.0,0.0,0.0,0.0,0.0,0.0,0.3333333333333333,0.0,0.0,0.0,0.08626346666666666,0.0,0.0,0.0,0.6,normal,0,10.32279972618768
1.0,1.0,1.0,0.0,1.0,0.0,1.0,0.0,0.0,0.0,1.0,1.0,1.0,1.0,1.0,1.0,1.6666666666666667,0.9,0.0,1.0,compromised,1,94.82910663824227
0.0,0.0,0.0,0.0,0.0,0.0,0.0,0.0,0.0,0.0,0.0,0.3333333333333333,0.0,0.0,0.0,0.027861866666666665,0.0,0.0,0.0,0.6,normal,0,11.551957599485565
0.0,0.0,0.0,0.0,0.0,0.0,0.0,0.0,0.0,0.0,0.0,0.0,0.0,0.0,0.0,0.0,0.0,0.0,0.0,0.5,normal,0,1.4853375784409932
0.0,0.0,0.0,0.0,0.0,0.0,0.0,0.0,0.0,0.0,0.0,0.3333333333333333,1.0,0.0,0.0,0.19658399999999998,0.0,0.0,0.0,0.8,normal,0,30.84582636517603
0.0,0.0,0.0,0.0,0.0,0.0,0.0,0.0,0.0,0.0,1.0,0.3333333333333333,0.0,0.0,0.0,0.03899773333333333,0.0,0.0,0.0,0.7,normal,0,21.676667875113676
0.0,0.0,0.0,0.0,0.0,0.0,0.0,0.0,0.0,0.0,0.0,0.3333333333333333,0.0,0.0,0.0,0.022907999999999998,0.0,0.0,0.0,0.5,normal,0,8.091938571829601
1.0,1.0,1.0,0.0,1.0,0.0,1.0,0.0,0.0,0.0,1.0,1.0,1.0,1.0,1.0,1.0,1.6666666666666667,0.8777777777777778,0.0,1.1,compromised,1,96.49981431542021
0.0,0.0,0.0,0.0,0.0,0.0,0.0,0.0,0.0,0.0,1.0,0.3333333333333333,0.0,0.0,0.0,0.0917832,0.0,0.0,0.0,0.8,normal,0,21.201476176188283
0.0,0.0,0.0,0.0,0.0,0.0,0.0,0.0,0.0,0.0,0.0,0.3333333333333333,1.0,0.0,0.0,0.198878,0.0,0.0,0.0,0.6,normal,0,23.718854996886947
0.0,0.0,0.0,0.0,0.0,0.0,0.0,0.0,0.0,0.0,0.0,0.3333333333333333,0.0,0.0,0.0,0.0,0.0,0.0,0.0,0.7,normal,0,13.344300578217776
0.0,0.0,0.0,0.0,0.0,0.0,0.0,0.0,0.0,0.0,0.0,0.0,0.0,0.0,0.0,0.0,0.0,0.0,0.0,0.5,normal,0,4.037082527887671
0.0,0.0,0.0,0.0,0.0,0.0,0.0,0.0,0.3333333333333333,1.0,1.0,0.3333333333333333,1.0,1.0,0.0,0.7073845333333333,0.0,0.0,0.0,0.8,medium,0,57.0374013151606
0.0,0.0,0.0,0.0,0.0,0.0,0.0,0.0,0.0,0.0,0.0,0.0,0.0,0.0,0.0,0.0,0.0,0.0,0.0,0.4,normal,0,7.593285923597253
0.0,0.0,0.0,0.0,0.0,0.0,0.0,0.0,0.0,0.0,0.0,0.3333333333333333,0.0,0.0,0.0,0.07663586666666666,0.0,0.0,0.0,0.6,normal,0,11.021364770754014
0.0,0.0,0.0,0.0,0.0,0.0,0.0,0.0,0.0,0.0,0.0,0.0,0.0,0.0,0.0,0.0,0.0,0.0,0.0,0.5,normal,0,5.493141293449797
0.0,0.0,0.0,0.0,0.0,0.0,0.0,0.0,0.0,0.0,0.0,0.3333333333333333,0.0,0.0,0.0,0.36982948095653584,0.0,0.0,1.0,0.6,normal,0,20.51714033672022
0.0,0.0,0.0,0.0,0.0,0.0,0.0,0.0,0.0,0.0,0.0,0.3333333333333333,0.0,0.0,0.0,0.0,0.0,0.0,0.0,0.6,normal,0,10.807104565224302
1.0,1.0,1.0,0.0,1.0,0.0,1.0,0.0,0.0,0.0,0.0,1.0,1.0,1.0,1.0,1.0,1.6666666666666667,0.8944444444444445,0.0,1.1,compromised,1,98.5894202756052
1.0,1.0,1.0,0.0,1.0,0.0,1.0,0.0,0.0,0.0,1.0,1.0,1.0,1.0,1.0,1.0,1.6666666666666667,0.8444444444444444,0.0,1.0,compromised,1,93.27040915738614
0.0,0.0,0.0,0.0,0.0,0.0,0.0,0.0,0.3333333333333333,1.0,1.0,0.3333333333333333,0.0,1.0,0.0,0.6754684,0.0,0.0,0.0,0.8,medium,0,57.2432257549298
0.0,0.0,0.0,0.0,0.0,0.0,0.0,0.0,0.3333333333333333,1.0,0.0,0.3333333333333333,0.0,1.0,0.0,1.0,0.0,0.0,0.0,0.7,medium,0,52.009213260643584
0.0,0.0,0.0,0.0,0.0,0.0,0.0,0.0,0.0,0.0,1.0,0.3333333333333333,0.0,0.0,0.0,0.03609986666666666,0.0,0.0,0.0,0.6,normal,0,18.6414326828125
1.0,1.0,1.0,0.0,0.0,0.0,0.0,0.0,0.0,0.0,1.0,0.0,0.0,0.0,0.0,0.0,1.0,0.9555555555555556,0.0,0.5,compromised,1,84.49635357160253
0.0,0.0,0.0,0.0,0.0,0.0,0.0,0.0,0.0,0.0,0.0,0.3333333333333333,0.0,0.0,0.0,0.051917333333333336,0.0,0.0,0.0,0.6,normal,0,11.446062327395037
0.0,0.0,0.0,0.0,0.0,1.0,0.0,0.0,0.0,0.0,1.0,0.3333333333333333,0.0,0.0,0.0,0.031294800000000005,0.3333333333333333,0.0,0.0,0.6,innocent_security_change,0,36.724278744308634
0.0,0.0,0.0,0.0,0.0,0.0,0.0,0.0,0.0,0.0,0.0,0.3333333333333333,0.0,0.0,0.0,0.07172746666666667,0.0,0.0,0.0,0.8,normal,0,13.011195906104088
0.0,0.0,0.0,0.0,0.0,0.0,0.0,0.0,0.0,0.0,0.0,0.0,0.0,0.0,0.0,0.0,0.0,0.0,0.0,0.5,normal,0,4.049985594012779
0.0,0.0,0.0,0.0,0.0,0.0,0.0,0.0,0.0,0.0,0.0,0.3333333333333333,0.0,0.0,0.0,0.07166306666666666,0.0,0.0,0.0,0.6,normal,0,12.099224234454542
0.0,0.0,0.0,0.0,0.0,0.0,0.0,0.0,0.0,0.0,0.0,0.3333333333333333,0.0,0.0,0.0,0.19375506666666664,0.0,0.0,1.0,0.6,normal,0,23.63350431577795
0.0,0.0,0.0,0.0,0.0,0.0,0.0,0.0,0.0,0.0,0.0,0.3333333333333333,0.0,0.0,0.0,0.12406546666666667,0.0,0.0,0.0,0.6,normal,0,12.930937223545499
0.0,0.0,0.0,0.0,0.0,0.0,0.0,0.0,0.0,0.0,0.0,0.3333333333333333,0.0,0.0,0.0,0.16026013333333333,0.0,0.0,1.0,0.7,innocent_security_change,0,17.58289337694886
0.0,0.0,0.0,0.0,0.0,0.0,0.0,0.0,0.0,0.0,0.0,0.3333333333333333,0.0,0.0,0.0,0.7734363296470929,0.0,0.0,0.0,0.5,normal,0,22.30497180072245
1.0,1.0,1.0,0.0,1.0,0.0,1.0,0.0,0.0,0.0,1.0,1.0,1.0,1.0,1.0,1.0,1.6666666666666667,0.8055555555555556,0.0,1.1,compromised,1,100.0
0.0,0.0,0.0,0.0,0.0,0.0,0.0,0.0,0.0,0.0,1.0,0.3333333333333333,0.0,0.0,0.0,0.0941,0.0,0.0,0.0,0.6,normal,0,28.189705730141164
0.0,0.0,0.0,0.0,0.0,0.0,0.0,0.0,0.0,0.0,0.0,0.3333333333333333,0.0,0.0,0.0,0.07737680000000001,0.0,0.0,0.0,0.7,normal,0,8.744554612446837
0.0,0.0,0.0,0.0,0.0,0.0,0.0,0.0,0.0,0.0,0.0,0.0,0.0,0.0,0.0,0.0,0.0,0.0,0.0,0.4,normal,0,3.4743892435834836
0.0,0.0,0.0,0.0,0.0,0.0,0.0,0.0,0.0,0.0,0.0,0.0,0.0,0.0,0.0,0.0,0.0,0.0,0.0,0.5,normal,0,0.0
0.0,0.0,0.0,0.0,0.0,0.0,0.0,0.0,0.0,0.0,0.0,0.0,0.0,0.0,0.0,0.0,0.0,0.0,0.0,0.6,normal,0,5.652672490181771
0.0,0.0,0.0,0.0,0.0,0.0,0.0,0.0,0.0,0.0,0.0,0.0,0.0,0.0,0.0,0.0,0.0,0.0,0.0,0.5,normal,0,2.2005413581106237
0.0,0.0,0.0,0.0,0.0,0.0,0.0,0.0,0.0,0.0,0.0,0.0,0.0,0.0,0.0,0.0,0.0,0.0,0.0,0.5,normal,0,8.379656590589939
0.0,0.0,0.0,0.0,0.0,0.0,0.0,0.0,0.0,0.0,0.0,0.0,0.0,0.0,0.0,0.0,0.0,0.0,0.0,0.4,normal,0,0.9306467856613412
0.0,0.0,0.0,0.0,0.0,0.0,0.0,0.0,0.0,0.0,0.0,0.0,0.0,0.0,0.0,0.0,0.0,0.0,0.0,0.5,normal,0,0.0
0.0,0.0,0.0,0.0,0.0,0.0,0.0,0.0,0.3333333333333333,1.0,0.0,0.3333333333333333,0.0,1.0,0.0,1.0,0.0,0.0,0.0,0.7,medium,0,47.604442756580916
1.0,1.0,1.0,0.0,1.0,0.0,1.0,0.0,0.0,0.0,0.0,1.0,1.0,1.0,1.0,1.0,1.6666666666666667,0.9055555555555556,0.0,1.0,compromised,1,92.86406614614494
0.0,0.0,0.0,0.0,0.0,0.0,0.0,0.0,0.0,0.0,0.0,0.0,0.0,0.0,0.0,0.0,0.0,0.0,0.0,0.5,normal,0,5.448790739795831
0.0,0.0,0.0,0.0,0.0,0.0,0.0,0.0,0.0,0.0,0.0,0.3333333333333333,0.0,0.0,0.0,0.10192586666666666,0.0,0.0,0.0,0.7,normal,0,6.70584203857975
0.0,0.0,0.0,0.0,0.0,0.0,0.0,0.0,0.0,0.0,0.0,0.0,0.0,0.0,0.0,0.0,0.0,0.0,0.0,0.5,normal,0,3.6421860564854525
0.0,0.0,0.0,0.0,0.0,0.0,0.0,0.0,0.3333333333333333,1.0,0.0,0.3333333333333333,0.0,1.0,0.0,1.0,0.0,0.0,0.0,0.7,medium,0,43.58807255869672
0.0,0.0,0.0,0.0,0.0,0.0,0.0,0.0,0.0,0.0,1.0,0.3333333333333333,0.0,0.0,0.0,0.059672666666666666,0.0,0.0,0.0,0.6,normal,0,19.108759753001465
0.0,0.0,0.0,0.0,0.0,0.0,0.0,0.0,0.0,0.0,0.0,0.0,0.0,0.0,0.0,0.0,0.0,0.0,0.0,0.4,normal,0,6.975629600219131
0.0,0.0,0.0,0.0,0.0,0.0,0.0,0.0,0.3333333333333333,1.0,0.0,0.3333333333333333,0.0,1.0,0.0,0.4502870666666666,0.0,0.0,0.0,0.7,medium,0,45.42079161133861
0.0,0.0,0.0,0.0,0.0,0.0,0.0,0.0,0.0,0.0,0.0,0.3333333333333333,0.0,0.0,0.0,0.039631066666666666,0.0,0.0,0.0,0.7,normal,0,8.907622248658585
0.0,0.0,0.0,0.0,0.0,0.0,0.0,0.0,0.3333333333333333,1.0,1.0,0.3333333333333333,0.0,1.0,0.0,1.0,0.0,0.0,0.0,0.7,medium,0,53.997967784089404
0.0,0.0,0.0,0.0,0.0,0.0,0.0,0.0,0.0,0.0,0.0,0.3333333333333333,0.0,0.0,0.0,0.11378666666666666,0.0,0.0,0.0,0.7,normal,0,12.065505774228287
0.0,0.0,0.0,0.0,0.0,0.0,0.0,0.0,0.0,0.0,0.0,0.3333333333333333,0.0,0.0,0.0,0.05792546666666667,0.0,0.0,0.0,0.7,normal,0,12.484270287252091
0.0,0.0,0.0,0.0,0.0,0.0,0.0,0.0,0.0,0.0,1.0,0.3333333333333333,0.0,0.0,0.0,0.11901866666666666,0.0,0.0,0.0,0.7,normal,0,17.756110945121208
1.0,1.0,1.0,0.0,1.0,0.0,1.0,0.0,0.0,0.0,0.0,1.0,1.0,1.0,1.0,1.0,1.6666666666666667,0.9111111111111111,0.0,1.0,compromised,1,99.28775194443055
0.0,0.0,0.0,0.0,0.0,0.0,0.0,0.0,0.0,0.0,0.0,0.0,0.0,0.0,0.0,0.0,0.0,0.0,0.0,0.5,normal,0,0.0
1.0,0.0,0.0,0.0,0.0,0.0,0.0,0.0,0.3333333333333333,1.0,0.0,0.3333333333333333,0.0,1.0,0.0,1.0,0.3333333333333333,0.0,0.0,0.8,medium,0,73.40428440885896
0.0,0.0,0.0,0.0,0.0,0.0,0.0,0.0,0.0,0.0,0.0,0.3333333333333333,0.0,0.0,0.0,0.016263066666666666,0.0,0.0,0.0,0.6,normal,0,8.891515497447747
0.0,0.0,0.0,0.0,0.0,0.0,0.0,0.0,0.0,0.0,0.0,0.0,0.0,0.0,0.0,0.0,0.0,0.0,0.0,0.5,normal,0,5.154359168705652
0.0,0.0,0.0,0.0,0.0,0.0,0.0,0.0,0.0,0.0,0.0,0.3333333333333333,0.0,0.0,0.0,0.09807919999999999,0.0,0.0,0.0,0.6,normal,0,11.232149661685478
0.0,0.0,0.0,0.0,0.0,0.0,0.0,0.0,0.0,0.0,0.0,0.3333333333333333,0.0,0.0,0.0,0.13402666666666666,0.0,0.0,0.0,0.6,normal,0,8.124891075163227
0.0,0.0,0.0,0.0,0.0,0.0,0.0,0.0,0.0,0.0,1.0,0.3333333333333333,0.0,0.0,0.0,0.11294506666666665,0.0,0.0,0.0,0.6,normal,0,18.065221473057882
0.0,0.0,0.0,0.0,0.0,0.0,0.0,0.0,0.0,0.0,0.0,0.3333333333333333,0.0,0.0,0.0,0.045694000000000005,0.0,0.0,0.0,0.6,normal,0,10.992875028530973
0.0,0.0,0.0,0.0,0.0,0.0,0.0,0.0,0.0,0.0,0.0,0.3333333333333333,0.0,0.0,0.0,0.06804106666666666,0.0,0.0,0.0,0.6,normal,0,10.58896493952866
1.0,1.0,1.0,0.0,0.0,0.0,0.0,0.0,0.0,0.0,1.0,0.0,0.0,0.0,0.0,0.0,1.0,0.8333333333333334,0.0,0.6,compromised,1,85.43852186481487
0.0,0.0,0.0,0.0,0.0,0.0,0.0,0.0,0.0,0.0,0.0,0.3333333333333333,0.0,0.0,0.0,0.15234413333333333,0.0,0.0,0.0,0.7,normal,0,11.310418869063547
0.0,0.0,0.0,0.0,0.0,0.0,0.0,0.0,0.0,0.0,1.0,0.3333333333333333,1.0,0.0,0.0,0.19860933333333333,0.0,0.0,0.0,0.7,normal,0,34.368996136354326
0.0,0.0,0.0,0.0,0.0,0.0,0.0,0.0,0.0,0.0,0.0,0.3333333333333333,0.0,0.0,0.0,0.1345724,0.0,0.0,0.0,0.5,normal,0,9.706662834130237
0.0,0.0,0.0,0.0,0.0,0.0,0.0,0.0,0.3333333333333333,1.0,1.0,0.3333333333333333,0.0,1.0,0.0,1.0,0.0,0.0,0.0,0.5,medium,0,53.18288088135416
0.0,0.0,0.0,0.0,0.0,0.0,0.0,0.0,0.3333333333333333,1.0,0.0,0.3333333333333333,0.0,1.0,0.0,1.0,0.0,0.0,1.0,0.8,medium,0,58.99708599613054
0.0,0.0,0.0,0.0,0.0,0.0,0.0,0.0,0.0,0.0,0.0,0.3333333333333333,0.0,0.0,0.0,0.0860112,0.0,0.0,0.0,0.5,normal,0,6.81082176231471
0.0,0.0,0.0,0.0,0.0,0.0,0.0,0.0,0.3333333333333333,1.0,0.0,0.3333333333333333,0.0,1.0,0.0,0.40731293333333335,0.0,0.0,0.0,0.7,medium,0,39.54168029154617
1.0,1.0,1.0,0.0,1.0,0.0,1.0,0.0,0.0,0.0,0.0,1.0,1.0,1.0,1.0,1.0,1.6666666666666667,0.8444444444444444,0.0,1.0,compromised,1,99.72234886551803
0.0,0.0,0.0,0.0,0.0,0.0,0.0,0.0,0.3333333333333333,1.0,0.0,0.3333333333333333,0.0,1.0,0.0,0.6333726666666666,0.0,0.0,0.0,0.7,medium,0,44.28055402607676
0.0,0.0,0.0,0.0,0.0,0.0,0.0,0.0,0.0,0.0,1.0,0.3333333333333333,0.0,0.0,0.0,0.010626266666666667,0.0,0.0,0.0,0.5,normal,0,17.951715141787208
1.0,1.0,1.0,0.0,1.0,0.0,1.0,0.0,0.0,0.0,0.0,1.0,1.0,1.0,1.0,1.0,1.6666666666666667,0.8666666666666667,0.0,1.0,compromised,1,95.8248961144225
0.0,0.0,0.0,0.0,0.0,0.0,0.0,0.0,0.3333333333333333,1.0,1.0,0.3333333333333333,0.0,1.0,0.0,0.5832822666666666,0.0,0.0,0.0,0.6,medium,0,50.200610875846756
0.0,0.0,0.0,0.0,0.0,0.0,0.0,0.0,0.0,0.0,0.0,0.0,0.0,0.0,0.0,0.0,0.0,0.0,0.0,0.4,normal,0,6.8635294909486495
0.0,0.0,0.0,0.0,0.0,0.0,0.0,0.0,0.0,0.0,0.0,0.3333333333333333,0.0,0.0,0.0,0.1245196,0.0,0.0,0.0,0.6,normal,0,13.521845393340012
0.0,0.0,0.0,0.0,0.0,0.0,0.0,0.0,0.0,0.0,0.0,0.0,0.0,0.0,0.0,0.0,0.0,0.0,0.0,0.5,normal,0,5.726600883244998
0.0,0.0,0.0,0.0,0.0,0.0,0.0,0.0,0.3333333333333333,1.0,0.0,0.3333333333333333,0.0,1.0,0.0,0.4536662666666667,0.0,0.0,0.0,0.7,medium,0,41.00586747914197
0.0,0.0,0.0,0.0,0.0,0.0,0.0,0.0,0.0,0.0,0.0,0.3333333333333333,0.0,0.0,0.0,0.0,0.0,0.0,0.0,0.7,normal,0,7.674331798010717
1.0,0.0,0.0,0.0,0.0,0.0,0.0,0.0,0.3333333333333333,1.0,0.0,0.3333333333333333,0.0,1.0,0.0,1.0,0.3333333333333333,0.0,0.0,0.5,medium,0,67.32938735997637
0.0,0.0,0.0,0.0,0.0,0.0,0.0,0.0,0.3333333333333333,1.0,0.0,0.3333333333333333,0.0,1.0,0.0,0.6653028,0.0,0.0,0.0,0.6,medium,0,43.81153224684585
0.0,0.0,0.0,0.0,0.0,0.0,0.0,0.0,0.0,0.0,0.0,0.0,0.0,0.0,0.0,0.0,0.0,0.0,0.0,0.5,normal,0,5.962800069491701
0.0,0.0,0.0,0.0,0.0,0.0,0.0,0.0,0.3333333333333333,1.0,0.0,0.3333333333333333,0.0,1.0,0.0,0.4418516,0.0,0.0,0.0,0.6,medium,0,45.33795774636865
0.0,0.0,0.0,0.0,0.0,0.0,0.0,0.0,0.0,0.0,0.0,0.3333333333333333,0.0,0.0,0.0,0.12968013333333334,0.0,0.0,0.0,0.5,normal,0,10.383756590586486
0.0,0.0,0.0,0.0,0.0,0.0,0.0,0.0,0.0,0.0,0.0,0.3333333333333333,0.0,0.0,0.0,0.055760399999999995,0.0,0.0,0.0,0.5,normal,0,9.919026402294506
0.0,0.0,0.0,0.0,0.0,0.0,0.0,0.0,0.0,0.0,1.0,0.3333333333333333,0.0,0.0,0.0,0.3767188402518112,0.0,0.0,1.0,0.5,normal,0,27.933256502689964
1.0,1.0,1.0,0.0,1.0,0.0,1.0,0.0,0.0,0.0,0.0,1.0,1.0,1.0,1.0,1.0,1.6666666666666667,0.8833333333333333,0.0,1.0,compromised,1,98.30043255401355
0.0,0.0,0.0,0.0,0.0,0.0,0.0,0.0,0.0,0.0,0.0,0.0,0.0,0.0,0.0,0.0,0.0,0.0,0.0,0.4,normal,0,4.781879909409334
0.0,0.0,0.0,0.0,0.0,0.0,0.0,0.0,0.0,0.0,0.0,0.3333333333333333,0.0,0.0,0.0,0.4463453296580237,0.0,0.0,0.0,0.5,normal,0,10.907032942214082
0.0,0.0,0.0,0.0,0.0,1.0,0.0,0.0,0.0,0.0,1.0,0.3333333333333333,0.0,0.0,0.0,0.030462666666666666,0.3333333333333333,0.0,0.0,0.6,innocent_security_change,0,37.24896827615843
0.0,0.0,0.0,0.0,0.0,0.0,0.0,0.0,0.0,0.0,0.0,0.0,0.0,0.0,0.0,0.0,0.0,0.0,0.0,0.4,normal,0,5.198271388094464
1.0,1.0,1.0,0.0,1.0,0.0,1.0,0.0,0.0,0.0,1.0,1.0,1.0,1.0,1.0,1.0,1.6666666666666667,0.9,0.0,1.0,compromised,1,96.9889327563833
0.0,0.0,0.0,0.0,0.0,0.0,0.0,0.0,0.0,0.0,1.0,0.0,0.0,0.0,0.0,0.0,0.0,0.0,0.0,0.5,normal,0,15.288832479541824
0.0,0.0,0.0,0.0,0.0,0.0,0.0,0.0,0.3333333333333333,1.0,1.0,0.3333333333333333,0.0,1.0,0.0,0.5401762666666666,0.0,0.0,0.0,0.6,medium,0,57.57761120018009
0.0,0.0,0.0,0.0,0.0,0.0,0.0,0.0,0.0,0.0,0.0,0.3333333333333333,0.0,0.0,0.0,0.14262146666666667,0.0,0.0,0.0,0.7,normal,0,12.12783348455204
0.0,0.0,0.0,0.0,0.0,0.0,0.0,0.0,0.0,0.0,1.0,0.0,0.0,0.0,0.0,0.0,0.0,0.0,0.0,0.6,normal,0,15.146888714324671
0.0,0.0,0.0,0.0,0.0,0.0,0.0,0.0,0.3333333333333333,1.0,0.0,0.3333333333333333,0.0,1.0,0.0,1.0,0.0,0.0,0.0,0.6,medium,0,46.563611433363754
0.0,0.0,0.0,0.0,0.0,0.0,0.0,0.0,0.0,0.0,1.0,0.3333333333333333,0.0,0.0,0.0,0.15028506666666666,0.0,0.0,0.0,0.8,normal,0,22.55267614969682
0.0,0.0,0.0,1.0,0.0,0.0,0.0,0.0,0.0,0.0,1.0,0.0,0.0,0.0,0.0,0.0,0.3333333333333333,0.0,0.0,0.6,innocent_security_change,0,33.38341300164813
0.0,0.0,0.0,0.0,0.0,0.0,0.0,0.0,0.0,0.0,0.0,0.3333333333333333,0.0,0.0,0.0,0.2320132540217749,0.0,0.0,0.0,0.7,normal,0,14.007583328024069
1.0,0.0,0.0,0.0,0.0,0.0,0.0,0.0,0.3333333333333333,1.0,1.0,0.3333333333333333,0.0,1.0,0.0,0.5227489333333333,0.3333333333333333,0.0,0.0,0.8,medium,0,73.40297247086374
0.0,0.0,0.0,0.0,0.0,0.0,0.0,0.0,0.0,0.0,0.0,0.3333333333333333,0.0,0.0,0.0,0.04725066666666667,0.0,0.0,0.0,0.7,normal,0,11.680771731586534
0.0,0.0,0.0,0.0,0.0,0.0,0.0,0.0,0.3333333333333333,1.0,0.0,0.3333333333333333,0.0,1.0,0.0,0.7162205333333334,0.0,0.0,0.0,0.4,medium,0,49.10239351348869
1.0,0.0,0.0,0.0,0.0,0.0,0.0,0.0,0.3333333333333333,1.0,1.0,0.3333333333333333,0.0,1.0,0.0,1.0,0.3333333333333333,0.0,0.0,0.6,medium,0,78.35782057290506
0.0,0.0,0.0,0.0,0.0,0.0,0.0,0.0,0.0,0.0,0.0,0.0,0.0,0.0,0.0,0.0,0.0,0.0,0.0,0.5,normal,0,5.976010076207158
0.0,0.0,0.0,0.0,0.0,0.0,0.0,0.0,0.0,0.0,1.0,0.0,0.0,0.0,0.0,0.0,0.0,0.0,0.0,0.5,normal,0,12.944551024208797
0.0,0.0,0.0,0.0,0.0,0.0,0.0,0.0,0.0,0.0,0.0,0.3333333333333333,0.0,0.0,0.0,0.12576218667785777,0.0,0.0,0.0,0.6,normal,0,13.407265893026835
0.0,0.0,0.0,0.0,0.0,0.0,0.0,0.0,0.3333333333333333,1.0,0.0,0.3333333333333333,0.0,1.0,0.0,0.7442896,0.0,0.0,0.0,0.5,medium,0,46.7610470165378
0.0,0.0,0.0,0.0,0.0,0.0,0.0,0.0,0.0,0.0,0.0,0.0,0.0,0.0,0.0,0.0,0.0,0.0,0.0,0.4,normal,0,0.4899073864897159
0.0,0.0,0.0,0.0,0.0,0.0,0.0,0.0,0.0,0.0,0.0,0.3333333333333333,0.0,0.0,0.0,0.043611866666666665,0.0,0.0,0.0,0.6,normal,0,11.265366662802872
0.0,0.0,0.0,0.0,0.0,0.0,0.0,0.0,0.0,0.0,0.0,0.3333333333333333,0.0,0.0,0.0,0.07162,0.0,0.0,0.0,0.6,normal,0,8.35382154103009
0.0,0.0,0.0,0.0,0.0,0.0,0.0,0.0,0.0,0.0,0.0,0.3333333333333333,0.0,0.0,0.0,0.10626010864711101,0.0,0.0,0.0,0.5,normal,0,9.05142606845549
0.0,0.0,0.0,0.0,0.0,0.0,0.0,0.0,0.0,0.0,0.0,0.0,0.0,0.0,0.0,0.0,0.0,0.0,0.0,0.5,normal,0,4.044362871758491
0.0,0.0,0.0,0.0,0.0,0.0,0.0,0.0,0.0,0.0,0.0,0.3333333333333333,1.0,0.0,0.0,0.18379493333333335,0.0,0.0,0.0,0.7,normal,0,25.444123783339368
0.0,0.0,0.0,0.0,0.0,0.0,0.0,0.0,0.0,0.0,0.0,0.0,0.0,0.0,0.0,0.0,0.0,0.0,0.0,0.4,normal,0,0.0
0.0,0.0,0.0,0.0,0.0,0.0,0.0,0.0,0.3333333333333333,1.0,0.0,0.3333333333333333,0.0,1.0,0.0,0.6646736,0.0,0.0,0.0,0.8,medium,0,49.247215505607315
1.0,0.0,0.0,0.0,0.0,0.0,0.0,0.0,0.0,0.0,1.0,0.0,0.0,0.0,0.0,0.0,0.3333333333333333,0.0,0.0,0.4,compromised,1,58.571795691594794
0.0,0.0,0.0,0.0,0.0,0.0,0.0,0.0,0.3333333333333333,1.0,0.0,0.3333333333333333,0.0,1.0,0.0,0.7069410666666667,0.0,0.0,0.0,0.6,medium,0,44.40022087416031
1.0,1.0,1.0,0.0,1.0,0.0,1.0,0.0,0.0,0.0,0.0,1.0,1.0,1.0,1.0,1.0,1.6666666666666667,0.8666666666666667,0.0,1.0,compromised,1,93.93382506862734
1.0,1.0,1.0,0.0,1.0,0.0,1.0,0.0,0.0,0.0,0.0,1.0,1.0,1.0,1.0,1.0,1.6666666666666667,0.8444444444444444,0.0,1.0,compromised,1,97.40111325581793
1.0,1.0,0.0,0.0,0.0,0.0,0.0,0.0,0.0,0.0,1.0,0.0,0.0,0.0,0.0,0.0,0.6666666666666666,0.9,0.0,0.3,compromised,1,75.78784272587355
0.0,0.0,0.0,0.0,0.0,0.0,0.0,0.0,0.0,0.0,0.0,0.3333333333333333,0.0,0.0,0.0,0.11889942739516389,0.0,0.0,0.0,0.6,normal,0,11.727012374878965
1.0,0.0,0.0,0.0,0.0,0.0,0.0,0.0,0.3333333333333333,1.0,0.0,0.3333333333333333,0.0,1.0,0.0,1.0,0.3333333333333333,0.0,0.0,0.9,medium,0,74.25251496532142
0.0,0.0,0.0,0.0,0.0,0.0,0.0,0.0,0.0,0.0,1.0,0.0,0.0,0.0,0.0,0.0,0.0,0.0,0.0,0.5,normal,0,8.518438797377842
0.0,0.0,0.0,0.0,0.0,0.0,0.0,0.0,0.0,0.0,0.0,0.3333333333333333,0.0,0.0,0.0,0.13457226666666666,0.0,0.0,0.0,0.5,normal,0,10.030025194507102
0.0,0.0,0.0,0.0,0.0,0.0,0.0,0.0,0.0,0.0,0.0,0.3333333333333333,0.0,0.0,0.0,0.15432079999999998,0.0,0.0,0.0,0.7,normal,0,11.773605930301002
0.0,0.0,0.0,0.0,0.0,0.0,0.0,0.0,0.0,0.0,0.0,0.3333333333333333,0.0,0.0,0.0,0.5841890659348409,0.0,0.0,0.0,0.8,normal,0,20.01841000980967
0.0,0.0,0.0,0.0,0.0,0.0,0.0,0.0,0.0,0.0,0.0,0.3333333333333333,1.0,0.0,0.0,0.19935746666666665,0.0,0.0,0.0,0.7,normal,0,23.125771030125627
0.0,0.0,0.0,0.0,0.0,0.0,0.0,0.0,0.0,0.0,1.0,0.3333333333333333,0.0,0.0,0.0,0.19068893333333334,0.0,0.0,1.0,0.5,normal,0,31.92272534037094
1.0,0.0,0.0,0.0,0.0,0.0,0.0,0.0,0.0,0.0,0.0,0.0,0.0,0.0,0.0,0.0,0.3333333333333333,0.0,0.0,0.3,compromised,1,47.0737896149788
1.0,0.0,0.0,0.0,0.0,0.0,0.0,0.0,0.3333333333333333,1.0,0.0,0.3333333333333333,0.0,1.0,0.0,0.5811916,0.3333333333333333,0.0,0.0,0.8,medium,0,76.68531224546838
0.0,0.0,0.0,0.0,0.0,0.0,0.0,0.0,0.0,0.0,0.0,0.3333333333333333,0.0,0.0,0.0,0.05900946666666667,0.0,0.0,0.0,0.6,normal,0,10.108560387809938
0.0,0.0,0.0,0.0,0.0,0.0,0.0,0.0,0.0,0.0,1.0,0.3333333333333333,0.0,0.0,0.0,0.0351724,0.0,0.0,0.0,0.6,normal,0,21.772540765155068
0.0,0.0,0.0,0.0,0.0,0.0,0.0,0.0,0.0,0.0,1.0,0.0,0.0,0.0,0.0,0.0,0.0,0.0,0.0,0.5,normal,0,13.736584659387198
0.0,0.0,0.0,0.0,0.0,0.0,0.0,0.0,0.0,0.0,0.0,0.0,0.0,0.0,0.0,0.0,0.0,0.0,0.0,0.5,normal,0,6.419930943591228
0.0,0.0,0.0,0.0,0.0,0.0,0.0,0.0,0.0,0.0,0.0,0.3333333333333333,0.0,0.0,0.0,0.0618444,0.0,0.0,1.0,0.6,innocent_security_change,0,17.497349623679767
0.0,0.0,0.0,0.0,0.0,0.0,0.0,0.0,0.0,0.0,0.0,0.3333333333333333,0.0,0.0,0.0,0.1933126666666667,0.0,0.0,1.0,0.8,normal,0,18.418610584819444
0.0,1.0,0.0,0.0,0.0,0.0,0.0,0.0,0.0,0.0,0.0,0.3333333333333333,0.0,0.0,0.0,0.1767024,0.3333333333333333,0.0,1.0,0.7,innocent_security_change,0,48.21616150586396
0.0,0.0,0.0,0.0,0.0,0.0,0.0,0.0,0.3333333333333333,1.0,1.0,0.3333333333333333,0.0,1.0,0.0,0.7917768000000001,0.0,0.0,0.0,0.3,medium,0,50.982817430736844
0.0,0.0,0.0,0.0,0.0,0.0,0.0,0.0,0.0,0.0,0.0,0.0,0.0,0.0,0.0,0.0,0.0,0.0,0.0,0.5,normal,0,4.124938287588082
1.0,0.0,0.0,0.0,0.0,0.0,0.0,0.0,0.3333333333333333,1.0,0.0,0.3333333333333333,0.0,1.0,0.0,0.7656716,0.3333333333333333,0.0,0.0,0.9,medium,0,77.3859532251033
0.0,0.0,0.0,0.0,0.0,0.0,0.0,0.0,0.0,0.0,0.0,0.3333333333333333,0.0,0.0,0.0,0.13335586666666668,0.0,0.0,0.0,0.7,normal,0,9.690646926560794
0.0,0.0,0.0,0.0,0.0,0.0,0.0,0.0,0.0,0.0,0.0,0.3333333333333333,0.0,0.0,0.0,0.0,0.0,0.0,0.0,0.6,normal,0,11.388042739961136
1.0,0.0,0.0,0.0,0.0,0.0,0.0,0.0,0.3333333333333333,1.0,1.0,0.3333333333333333,0.0,1.0,0.0,0.51155,0.3333333333333333,0.0,0.0,0.8,medium,0,74.4382696532978
0.0,0.0,0.0,0.0,0.0,1.0,0.0,0.0,0.0,0.0,0.0,0.3333333333333333,0.0,0.0,0.0,0.05265333333333334,0.3333333333333333,0.0,0.0,0.6,innocent_security_change,0,29.078378878457404
1.0,1.0,0.0,0.0,0.0,0.0,0.0,0.0,0.0,0.0,1.0,0.0,0.0,0.0,0.0,0.0,0.6666666666666666,0.7333333333333334,0.0,0.5,compromised,1,76.28603666168132
0.0,0.0,0.0,0.0,0.0,1.0,0.0,0.0,0.0,0.0,1.0,0.3333333333333333,0.0,0.0,0.0,0.0,0.3333333333333333,0.0,0.0,0.7,innocent_security_change,0,32.92949258273153
1.0,1.0,1.0,0.0,1.0,0.0,1.0,0.0,0.0,0.0,0.0,1.0,1.0,1.0,1.0,1.0,1.6666666666666667,0.8944444444444445,0.0,1.0,compromised,1,95.8485793693716
0.0,0.0,0.0,0.0,0.0,1.0,0.0,0.0,0.0,0.0,0.0,0.3333333333333333,0.0,0.0,0.0,0.03508253333333333,0.3333333333333333,0.0,0.0,0.7,innocent_security_change,0,33.118677293024085
0.0,0.0,0.0,0.0,0.0,0.0,0.0,0.0,0.0,0.0,0.0,0.3333333333333333,0.0,0.0,0.0,0.056163333333333336,0.0,0.0,0.0,0.6,normal,0,12.84784676063029
0.0,0.0,0.0,0.0,0.0,0.0,0.0,0.0,0.0,0.0,0.0,0.3333333333333333,0.0,0.0,0.0,0.1684917333333333,0.0,0.0,1.0,0.7,normal,0,20.145914015222377
1.0,1.0,1.0,0.0,1.0,0.0,1.0,0.0,0.0,0.0,1.0,1.0,1.0,1.0,1.0,1.0,1.6666666666666667,0.8611111111111112,0.0,1.0,compromised,1,98.61204097922051
0.0,0.0,0.0,0.0,0.0,0.0,0.0,0.0,0.0,0.0,0.0,0.3333333333333333,0.0,0.0,0.0,0.0315376,0.0,0.0,0.0,0.8,normal,0,10.871195829100271
1.0,1.0,1.0,0.0,1.0,0.0,1.0,0.0,0.0,0.0,0.0,0.6666666666666666,1.0,1.0,0.0,1.0,1.6666666666666667,0.8833333333333333,0.0,0.9,compromised,1,100.0
0.0,0.0,0.0,1.0,0.0,0.0,0.0,0.0,0.0,0.0,0.0,0.3333333333333333,0.0,0.0,0.0,0.05172586666666667,0.3333333333333333,0.0,0.0,0.6,innocent_security_change,0,28.898397128652068
0.0,0.0,0.0,1.0,0.0,0.0,0.0,0.0,0.0,0.0,0.0,0.3333333333333333,0.0,0.0,0.0,0.009209466666666668,0.3333333333333333,0.0,0.0,0.7,innocent_security_change,0,30.05569254584217
1.0,1.0,1.0,0.0,1.0,0.0,1.0,0.0,0.0,0.0,0.0,1.0,1.0,1.0,1.0,1.0,1.6666666666666667,0.8888888888888888,0.0,1.0,compromised,1,100.0
0.0,0.0,0.0,0.0,0.0,0.0,0.0,0.0,0.0,0.0,0.0,0.0,0.0,0.0,0.0,0.0,0.0,0.0,0.0,0.5,normal,0,1.6276133914127888
0.0,0.0,0.0,0.0,0.0,0.0,0.0,0.0,0.0,0.0,1.0,0.3333333333333333,0.0,0.0,0.0,0.0,0.0,0.0,0.0,0.5,normal,0,22.518597505163324
1.0,1.0,1.0,0.0,1.0,0.0,1.0,0.0,0.0,0.0,1.0,1.0,1.0,1.0,1.0,1.0,1.6666666666666667,0.8944444444444445,0.0,1.0,compromised,1,94.1973381774962
1.0,1.0,1.0,0.0,1.0,0.0,0.0,0.0,0.0,0.0,1.0,0.0,0.0,0.0,0.0,0.0,1.3333333333333333,0.9388888888888889,0.0,0.6,compromised,1,96.8363465302001
0.0,0.0,0.0,0.0,0.0,0.0,0.0,0.0,0.0,0.0,0.0,0.3333333333333333,1.0,0.0,0.0,0.18533213333333334,0.0,0.0,0.0,0.7,normal,0,23.786158563753506
0.0,0.0,0.0,0.0,0.0,0.0,0.0,0.0,0.0,0.0,0.0,0.3333333333333333,0.0,0.0,0.0,0.10130493333333333,0.0,0.0,0.0,0.5,normal,0,9.962445606979939
0.0,0.0,0.0,0.0,0.0,0.0,0.0,0.0,0.0,0.0,0.0,0.0,0.0,0.0,0.0,0.0,0.0,0.0,0.0,0.5,normal,0,0.0
1.0,1.0,1.0,0.0,1.0,0.0,1.0,0.0,0.0,0.0,0.0,1.0,1.0,1.0,1.0,1.0,1.6666666666666667,0.8555555555555556,0.0,1.0,compromised,1,96.63360573452998
0.0,0.0,0.0,0.0,0.0,0.0,0.0,0.0,0.0,0.0,0.0,0.3333333333333333,0.0,0.0,0.0,0.0,0.0,0.0,0.0,0.6,normal,0,7.299799168295783
0.0,0.0,0.0,0.0,0.0,0.0,0.0,0.0,0.0,0.0,0.0,0.3333333333333333,0.0,0.0,0.0,0.11862533333333333,0.0,0.0,0.0,0.5,normal,0,9.275098838985299
0.0,0.0,0.0,0.0,0.0,0.0,0.0,0.0,0.0,0.0,0.0,0.0,0.0,0.0,0.0,0.0,0.0,0.0,0.0,0.5,normal,0,3.2277646890553564
0.0,0.0,0.0,0.0,0.0,0.0,0.0,0.0,0.0,0.0,1.0,0.3333333333333333,0.0,0.0,0.0,0.5415847750557833,0.0,0.0,1.0,0.8,normal,0,35.19897507714494
0.0,0.0,0.0,0.0,0.0,0.0,0.0,0.0,0.0,0.0,0.0,0.0,0.0,0.0,0.0,0.0,0.0,0.0,0.0,0.5,normal,0,4.0900504820291195
0.0,0.0,0.0,0.0,0.0,0.0,0.0,0.0,0.3333333333333333,1.0,1.0,0.3333333333333333,0.0,1.0,0.0,0.5172816,0.0,0.0,0.0,0.5,medium,0,50.782969615919626
0.0,0.0,0.0,0.0,0.0,0.0,0.0,0.0,0.0,0.0,0.0,0.3333333333333333,0.0,0.0,0.0,0.19130426666666667,0.0,0.0,1.0,0.6,normal,0,17.247923545208494
0.0,0.0,0.0,0.0,0.0,0.0,0.0,0.0,0.3333333333333333,1.0,1.0,0.3333333333333333,0.0,1.0,0.0,1.0,0.0,0.0,0.0,0.5,medium,0,51.20122376742002
1.0,1.0,1.0,0.0,1.0,0.0,1.0,0.0,0.0,0.0,0.0,1.0,1.0,1.0,1.0,1.0,1.6666666666666667,0.8444444444444444,0.0,1.0,compromised,1,100.0
0.0,0.0,0.0,1.0,0.0,0.0,0.0,0.0,0.0,0.0,0.0,0.3333333333333333,0.0,0.0,0.0,0.0,0.3333333333333333,0.0,0.0,0.6,innocent_security_change,0,27.028089662791686
0.0,0.0,0.0,0.0,0.0,0.0,0.0,0.0,0.0,0.0,0.0,0.0,0.0,0.0,0.0,0.0,0.0,0.0,0.0,0.4,normal,0,7.007704840851035
0.0,0.0,0.0,0.0,0.0,0.0,0.0,0.0,0.0,0.0,0.0,0.3333333333333333,1.0,0.0,0.0,0.1978976,0.0,0.0,0.0,0.5,normal,0,23.146660905851103
1.0,0.0,0.0,0.0,0.0,0.0,0.0,0.0,0.3333333333333333,1.0,0.0,0.3333333333333333,0.0,1.0,0.0,0.45675706666666666,0.3333333333333333,0.0,0.0,0.6,medium,0,72.53067179399547
0.0,0.0,0.0,0.0,0.0,0.0,0.0,0.0,0.0,0.0,0.0,0.3333333333333333,0.0,0.0,0.0,0.1267024,0.0,0.0,0.0,0.5,normal,0,13.574869128801877
0.0,0.0,0.0,0.0,0.0,0.0,0.0,0.0,0.0,0.0,0.0,0.0,0.0,0.0,0.0,0.0,0.0,0.0,0.0,0.5,normal,0,6.750773158374196
1.0,0.0,0.0,0.0,0.0,0.0,0.0,0.0,0.3333333333333333,1.0,1.0,0.3333333333333333,0.0,1.0,0.0,1.0,0.3333333333333333,0.0,0.0,0.8,medium,0,77.28791269088305
0.0,0.0,0.0,0.0,0.0,0.0,0.0,0.0,0.0,0.0,0.0,0.0,0.0,0.0,0.0,0.0,0.0,0.0,0.0,0.5,normal,0,2.600434469723708
0.0,0.0,0.0,0.0,0.0,0.0,0.0,0.0,0.0,0.0,0.0,0.3333333333333333,0.0,0.0,0.0,0.07471946666666666,0.0,0.0,0.0,0.7,normal,0,11.37929543680452
0.0,0.0,0.0,0.0,0.0,0.0,0.0,0.0,0.0,0.0,0.0,0.3333333333333333,0.0,0.0,0.0,0.0,0.0,0.0,0.0,0.6,normal,0,10.744209316443289
0.0,0.0,0.0,0.0,0.0,0.0,0.0,0.0,0.0,0.0,1.0,0.0,0.0,0.0,0.0,0.0,0.0,0.0,0.0,0.6,normal,0,16.391880306485753
1.0,0.0,0.0,0.0,0.0,0.0,0.0,0.0,0.3333333333333333,1.0,1.0,0.3333333333333333,0.0,1.0,0.0,0.4113876,0.3333333333333333,0.0,0.0,0.8,medium,0,75.5700871567587
0.0,0.0,0.0,0.0,0.0,0.0,0.0,0.0,0.0,0.0,0.0,0.0,0.0,0.0,0.0,0.0,0.0,0.0,0.0,0.4,normal,0,4.41439995576568
0.0,0.0,0.0,0.0,0.0,0.0,0.0,0.0,0.0,0.0,0.0,0.3333333333333333,0.0,0.0,0.0,0.19490552700336414,0.0,0.0,0.0,0.6,normal,0,16.513691802051987
1.0,1.0,1.0,0.0,1.0,0.0,1.0,0.0,0.0,0.0,1.0,1.0,1.0,1.0,1.0,1.0,1.6666666666666667,0.8944444444444445,0.0,1.0,compromised,1,98.97676573251661
1.0,1.0,1.0,0.0,1.0,0.0,1.0,0.0,0.0,0.0,0.0,1.0,1.0,1.0,1.0,1.0,1.6666666666666667,0.8555555555555556,0.0,1.0,compromised,1,98.54972466798617
0.0,0.0,0.0,0.0,0.0,0.0,0.0,0.0,0.0,0.0,0.0,0.3333333333333333,0.0,0.0,0.0,0.042996266666666665,0.0,0.0,0.0,0.7,normal,0,7.312600109422294
0.0,0.0,0.0,0.0,0.0,0.0,0.0,0.0,0.0,0.0,1.0,0.3333333333333333,1.0,0.0,0.0,0.19093493333333333,0.0,0.0,0.0,0.7,normal,0,25.976503682871552
1.0,0.0,0.0,0.0,0.0,0.0,0.0,0.0,0.3333333333333333,1.0,0.0,0.3333333333333333,0.0,1.0,0.0,0.6803659999999999,0.3333333333333333,0.0,0.0,0.7,medium,0,74.56786154161576
0.0,0.0,0.0,0.0,0.0,0.0,0.0,0.0,0.0,0.0,1.0,0.3333333333333333,0.0,0.0,0.0,0.1704308,0.0,0.0,1.0,0.5,normal,0,27.275698834496904
1.0,0.0,0.0,0.0,0.0,0.0,0.0,0.0,0.3333333333333333,1.0,1.0,0.3333333333333333,0.0,1.0,0.0,1.0,0.3333333333333333,0.0,0.0,0.8,medium,0,76.27798740429391
0.0,0.0,0.0,0.0,0.0,0.0,0.0,0.0,0.0,0.0,0.0,0.0,0.0,0.0,0.0,0.0,0.0,0.0,0.0,0.4,normal,0,3.4760097211736576
1.0,1.0,1.0,0.0,1.0,0.0,1.0,0.0,0.0,0.0,0.0,1.0,1.0,1.0,1.0,1.0,1.6666666666666667,0.8888888888888888,0.0,1.0,compromised,1,97.64109722270922
0.0,0.0,0.0,0.0,0.0,0.0,0.0,0.0,0.0,0.0,0.0,0.3333333333333333,0.0,0.0,0.0,0.0,0.0,0.0,0.0,0.6,normal,0,12.71876612244774
0.0,0.0,0.0,0.0,0.0,0.0,0.0,0.0,0.0,0.0,0.0,0.3333333333333333,0.0,0.0,0.0,0.0,0.0,0.0,0.0,0.6,normal,0,10.114592666510438
0.0,0.0,0.0,0.0,0.0,0.0,0.0,0.0,0.3333333333333333,1.0,0.0,0.3333333333333333,0.0,1.0,0.0,0.6974796,0.0,0.0,0.0,0.7,medium,0,44.61125591477502
0.0,0.0,0.0,0.0,0.0,0.0,0.0,0.0,0.0,0.0,0.0,0.3333333333333333,0.0,0.0,0.0,0.0,0.0,0.0,0.0,0.6,normal,0,12.374731093261214
0.0,0.0,0.0,0.0,0.0,0.0,0.0,0.0,0.0,0.0,0.0,0.3333333333333333,0.0,0.0,0.0,0.02304226666666667,0.0,0.0,0.0,0.7,normal,0,10.30868002790432
0.0,0.0,0.0,0.0,0.0,0.0,0.0,0.0,0.0,0.0,1.0,0.0,0.0,0.0,0.0,0.0,0.0,0.0,0.0,0.6,normal,0,15.479962798492132
0.0,0.0,0.0,0.0,0.0,0.0,0.0,0.0,0.0,0.0,0.0,0.0,0.0,0.0,0.0,0.0,0.0,0.0,0.0,0.5,normal,0,2.377515338045554
0.0,0.0,0.0,0.0,0.0,0.0,0.0,0.0,0.0,0.0,1.0,0.3333333333333333,0.0,0.0,0.0,0.15540493333333336,0.0,0.0,0.0,0.7,normal,0,19.964781886477976
0.0,0.0,0.0,0.0,0.0,0.0,0.0,0.0,0.0,0.0,1.0,0.3333333333333333,1.0,0.0,0.0,0.1679944,0.0,0.0,0.0,0.6,normal,0,32.04436254616811
0.0,0.0,0.0,0.0,0.0,0.0,0.0,0.0,0.0,0.0,0.0,0.0,0.0,0.0,0.0,0.0,0.0,0.0,0.0,0.5,normal,0,3.6031137123867683
0.0,0.0,0.0,1.0,0.0,0.0,0.0,0.0,0.0,0.0,1.0,0.3333333333333333,0.0,0.0,0.0,0.15852413333333332,0.3333333333333333,0.0,0.0,0.6,innocent_security_change,0,38.871293500123485
0.0,0.0,0.0,0.0,0.0,0.0,0.0,0.0,0.0,0.0,0.0,0.0,0.0,0.0,0.0,0.0,0.0,0.0,0.0,0.4,normal,0,2.19556982743344
1.0,1.0,1.0,0.0,1.0,0.0,1.0,0.0,0.0,0.0,1.0,1.0,1.0,1.0,1.0,1.0,1.6666666666666667,0.85,0.0,1.1,compromised,1,93.42138031285698
0.0,0.0,0.0,0.0,0.0,0.0,0.0,0.0,0.0,0.0,0.0,0.0,0.0,0.0,0.0,0.0,0.0,0.0,0.0,0.5,normal,0,2.4891073945565836
0.0,1.0,0.0,0.0,0.0,0.0,0.0,0.0,0.0,0.0,0.0,0.3333333333333333,1.0,0.0,0.0,0.17813066666666666,0.3333333333333333,0.0,1.0,0.8,innocent_security_change,0,54.49676724754932
1.0,1.0,1.0,0.0,1.0,0.0,1.0,0.0,0.0,0.0,0.0,1.0,1.0,1.0,1.0,1.0,1.6666666666666667,0.8555555555555556,0.0,1.0,compromised,1,97.02715232986645
0.0,0.0,0.0,0.0,0.0,0.0,0.0,0.0,0.0,0.0,0.0,0.3333333333333333,0.0,0.0,0.0,0.06876573333333334,0.0,0.0,0.0,0.6,normal,0,10.18007792185919
0.0,0.0,0.0,0.0,0.0,0.0,0.0,0.0,0.3333333333333333,1.0,0.0,0.3333333333333333,0.0,1.0,0.0,0.7804958666666667,0.0,0.0,0.0,0.6,medium,0,49.200918731207295
1.0,0.0,0.0,0.0,0.0,0.0,0.0,0.0,0.0,0.0,0.0,0.0,0.0,0.0,0.0,0.0,0.3333333333333333,0.0,0.0,0.4,compromised,1,50.42184848548809
0.0,0.0,0.0,0.0,0.0,0.0,0.0,0.0,0.0,0.0,0.0,0.3333333333333333,0.0,0.0,0.0,0.020249866666666668,0.0,0.0,0.0,0.6,normal,0,6.3073027187978665
1.0,1.0,1.0,0.0,1.0,0.0,1.0,0.0,0.0,0.0,1.0,1.0,1.0,1.0,1.0,1.0,1.6666666666666667,0.85,0.0,1.0,compromised,1,97.59619313088174
1.0,0.0,0.0,0.0,0.0,0.0,0.0,0.0,0.3333333333333333,1.0,0.0,0.3333333333333333,0.0,1.0,0.0,1.0,0.3333333333333333,0.0,0.0,0.6,medium,0,73.40195930217834
0.0,0.0,0.0,0.0,0.0,0.0,0.0,0.0,0.0,0.0,0.0,0.0,0.0,0.0,0.0,0.0,0.0,0.0,0.0,0.4,normal,0,0.45156841132466097
0.0,0.0,0.0,0.0,0.0,0.0,0.0,0.0,0.0,0.0,0.0,0.3333333333333333,0.0,0.0,0.0,0.0,0.0,0.0,1.0,0.7,innocent_security_change,0,17.886718347271938
0.0,0.0,0.0,0.0,0.0,0.0,0.0,0.0,0.3333333333333333,1.0,0.0,0.3333333333333333,0.0,1.0,0.0,0.5153510666666666,0.0,0.0,0.0,0.6,medium,0,45.869368470885355
0.0,0.0,0.0,0.0,0.0,0.0,0.0,0.0,0.0,0.0,0.0,0.0,0.0,0.0,0.0,0.0,0.0,0.0,0.0,0.4,normal,0,2.8439628067882565
0.0,0.0,0.0,0.0,0.0,0.0,0.0,0.0,0.3333333333333333,1.0,0.0,0.3333333333333333,0.0,1.0,0.0,0.5165992,0.0,0.0,0.0,0.6,medium,0,45.41810643598716
0.0,0.0,0.0,0.0,0.0,0.0,0.0,0.0,0.0,0.0,0.0,0.3333333333333333,0.0,0.0,0.0,0.0,0.0,0.0,0.0,0.6,normal,0,14.43283474215155
0.0,0.0,0.0,0.0,0.0,0.0,0.0,0.0,0.3333333333333333,1.0,1.0,0.3333333333333333,0.0,1.0,0.0,1.0,0.0,0.0,0.0,0.7,medium,0,53.21877935254321
1.0,1.0,1.0,0.0,1.0,0.0,1.0,0.0,0.0,0.0,0.0,1.0,1.0,1.0,1.0,1.0,1.6666666666666667,0.8666666666666667,0.0,1.1,compromised,1,98.48976156796276
0.0,0.0,0.0,0.0,0.0,0.0,0.0,0.0,0.0,0.0,0.0,0.3333333333333333,0.0,0.0,0.0,0.0,0.0,0.0,0.0,0.6,normal,0,8.626282089365157
0.0,0.0,0.0,0.0,0.0,0.0,0.0,0.0,0.0,0.0,0.0,0.3333333333333333,0.0,0.0,0.0,0.11003026666666667,0.0,0.0,0.0,0.6,normal,0,9.213945888577852
0.0,0.0,0.0,0.0,0.0,0.0,0.0,0.0,0.0,0.0,0.0,0.3333333333333333,0.0,0.0,0.0,0.1416036,0.0,0.0,0.0,0.6,normal,0,10.273858759580701
0.0,0.0,0.0,0.0,0.0,0.0,0.0,0.0,0.0,0.0,0.0,0.3333333333333333,0.0,0.0,0.0,0.1938216,0.0,0.0,1.0,0.6,normal,0,18.819117693322422
1.0,0.0,0.0,0.0,0.0,0.0,0.0,0.0,0.3333333333333333,1.0,1.0,0.3333333333333333,0.0,1.0,0.0,1.0,0.3333333333333333,0.0,0.0,0.6,medium,0,78.13492065548655
0.0,0.0,0.0,0.0,0.0,0.0,0.0,0.0,0.0,0.0,1.0,0.0,0.0,0.0,0.0,0.0,0.0,0.0,0.0,0.4,normal,0,18.778657010458513
0.0,0.0,0.0,0.0,0.0,0.0,0.0,0.0,0.0,0.0,0.0,0.3333333333333333,1.0,0.0,0.0,0.1875684,0.0,0.0,0.0,0.7,normal,0,22.952222364355176
0.0,0.0,0.0,0.0,0.0,0.0,0.0,0.0,0.0,0.0,0.0,0.0,0.0,0.0,0.0,0.0,0.0,0.0,0.0,0.4,normal,0,1.8256209466691398
1.0,1.0,1.0,0.0,1.0,0.0,1.0,0.0,0.0,0.0,1.0,1.0,1.0,1.0,1.0,1.0,1.6666666666666667,0.8666666666666667,0.0,1.0,compromised,1,97.84964767821104
0.0,0.0,0.0,0.0,0.0,0.0,0.0,0.0,0.0,0.0,0.0,0.0,0.0,0.0,0.0,0.0,0.0,0.0,1.0,0.3,innocent_security_change,0,11.650069133869339
1.0,0.0,0.0,0.0,0.0,0.0,0.0,0.0,0.3333333333333333,1.0,1.0,0.3333333333333333,0.0,1.0,0.0,1.0,0.3333333333333333,0.0,0.0,0.6,medium,0,77.8951081915057
0.0,0.0,0.0,0.0,0.0,0.0,0.0,0.0,0.0,0.0,0.0,0.3333333333333333,0.0,0.0,0.0,0.16889293333333333,0.0,0.0,1.0,0.6,normal,0,22.935706201359007
0.0,0.0,0.0,0.0,0.0,0.0,0.0,0.0,0.0,0.0,0.0,0.3333333333333333,0.0,0.0,0.0,0.08730213333333334,0.0,0.0,0.0,0.7,normal,0,5.614906567648155
0.0,0.0,0.0,0.0,0.0,0.0,0.0,0.0,0.0,0.0,0.0,0.3333333333333333,1.0,0.0,0.0,0.31371538131585014,0.0,0.0,1.0,0.3,innocent_security_change,0,24.572680069122633
1.0,0.0,0.0,0.0,0.0,0.0,0.0,0.0,0.3333333333333333,1.0,0.0,0.3333333333333333,0.0,1.0,0.0,1.0,0.3333333333333333,0.0,0.0,0.7,medium,0,73.55666610045186
0.0,0.0,0.0,0.0,0.0,0.0,0.0,0.0,0.3333333333333333,1.0,0.0,0.3333333333333333,0.0,1.0,0.0,0.5066484,0.0,0.0,0.0,0.8,medium,0,48.11414639656636
0.0,0.0,0.0,0.0,0.0,0.0,0.0,0.0,0.0,0.0,0.0,0.3333333333333333,0.0,0.0,0.0,0.051261466666666665,0.0,0.0,0.0,0.7,normal,0,7.302557557302661
0.0,0.0,0.0,0.0,0.0,0.0,0.0,0.0,0.0,0.0,1.0,0.0,0.0,0.0,0.0,0.0,0.0,0.0,0.0,0.4,normal,0,5.386886694472227
0.0,0.0,0.0,0.0,0.0,0.0,0.0,0.0,0.0,0.0,0.0,0.3333333333333333,0.0,0.0,0.0,0.05137293333333333,0.0,0.0,0.0,0.5,normal,0,11.3452552670188
0.0,0.0,0.0,1.0,0.0,0.0,0.0,0.0,0.0,0.0,0.0,0.3333333333333333,0.0,0.0,0.0,0.0,0.3333333333333333,0.0,0.0,0.7,innocent_security_change,0,29.990696144826654
1.0,0.0,0.0,0.0,0.0,0.0,0.0,0.0,0.3333333333333333,1.0,1.0,0.3333333333333333,0.0,1.0,0.0,0.6490001333333334,0.3333333333333333,0.0,0.0,0.6,medium,0,73.3183376985657
0.0,0.0,0.0,0.0,0.0,0.0,0.0,0.0,0.3333333333333333,1.0,0.0,0.3333333333333333,0.0,1.0,0.0,1.0,0.0,0.0,0.0,0.5,medium,0,45.56832836969784
0.0,0.0,0.0,0.0,0.0,0.0,0.0,0.0,0.0,0.0,1.0,0.3333333333333333,0.0,0.0,0.0,0.152102,0.0,0.0,0.0,0.7,normal,0,19.127310183070026
0.0,0.0,0.0,0.0,0.0,0.0,0.0,0.0,0.0,0.0,1.0,0.3333333333333333,1.0,0.0,0.0,0.1746472,0.0,0.0,0.0,0.7,normal,0,32.66968830417216
0.0,0.0,0.0,1.0,0.0,0.0,0.0,0.0,0.0,0.0,0.0,0.0,0.0,0.0,0.0,0.0,0.3333333333333333,0.0,0.0,0.3,innocent_security_change,0,21.18873450794846
1.0,1.0,1.0,0.0,1.0,0.0,1.0,0.0,0.0,0.0,1.0,1.0,1.0,1.0,1.0,1.0,1.6666666666666667,0.8888888888888888,0.0,1.0,compromised,1,99.25545455975835
1.0,1.0,1.0,0.0,1.0,0.0,1.0,0.0,0.0,0.0,0.0,1.0,1.0,1.0,1.0,1.0,1.6666666666666667,0.8555555555555556,0.0,1.0,compromised,1,90.63402587071324
0.0,0.0,0.0,0.0,0.0,0.0,0.0,0.0,0.0,0.0,0.0,0.0,0.0,0.0,0.0,0.0,0.0,0.0,0.0,0.5,normal,0,1.4289124407080571
0.0,0.0,0.0,0.0,0.0,0.0,0.0,0.0,0.0,0.0,0.0,0.0,0.0,0.0,0.0,0.0,0.0,0.0,0.0,0.5,normal,0,0.7559072012499297
1.0,1.0,0.0,0.0,0.0,0.0,0.0,0.0,0.0,0.0,0.0,0.0,0.0,0.0,0.0,0.0,0.6666666666666666,0.8,0.0,0.4,compromised,1,73.03136630422975
0.0,0.0,0.0,0.0,0.0,0.0,0.0,0.0,0.0,0.0,0.0,0.3333333333333333,0.0,0.0,0.0,0.2324596833953609,0.0,0.0,0.0,0.6,normal,0,11.549779852083653
0.0,0.0,0.0,0.0,0.0,0.0,0.0,0.0,0.0,0.0,0.0,0.0,0.0,0.0,0.0,0.0,0.0,0.0,0.0,0.5,normal,0,5.565651553266972
1.0,0.0,0.0,0.0,0.0,0.0,0.0,0.0,0.3333333333333333,1.0,0.0,0.3333333333333333,0.0,1.0,0.0,0.45750226666666666,0.3333333333333333,0.0,0.0,0.9,medium,0,68.47248706903854
0.0,0.0,0.0,0.0,0.0,0.0,0.0,0.0,0.3333333333333333,1.0,0.0,0.3333333333333333,0.0,1.0,0.0,1.0,0.0,0.0,0.0,0.6,medium,0,48.522482833344114
0.0,0.0,0.0,0.0,0.0,0.0,0.0,0.0,0.0,0.0,0.0,0.3333333333333333,1.0,0.0,0.0,0.16772226666666668,0.0,0.0,0.0,0.7,normal,0,25.920611057814053
0.0,0.0,0.0,0.0,0.0,0.0,0.0,0.0,0.0,0.0,0.0,0.0,0.0,0.0,0.0,0.0,0.0,0.0,0.0,0.4,normal,0,7.508802802112683
0.0,0.0,0.0,0.0,0.0,0.0,0.0,0.0,0.0,0.0,0.0,0.0,0.0,0.0,0.0,0.0,0.0,0.0,0.0,0.4,normal,0,1.662769282974108
1.0,0.0,0.0,0.0,0.0,0.0,0.0,0.0,0.0,0.0,1.0,0.0,0.0,0.0,0.0,0.0,0.3333333333333333,0.0,0.0,0.3,compromised,1,57.640094167973324
0.0,0.0,0.0,0.0,0.0,0.0,0.0,0.0,0.0,0.0,1.0,0.3333333333333333,0.0,0.0,0.0,0.19633826666666668,0.0,0.0,1.0,0.6,normal,0,23.799038209465934
0.0,0.0,0.0,0.0,0.0,0.0,0.0,0.0,0.0,0.0,0.0,0.0,0.0,0.0,0.0,0.0,0.0,0.0,0.0,0.4,normal,0,0.0
0.0,0.0,0.0,0.0,0.0,1.0,0.0,0.0,0.0,0.0,1.0,0.3333333333333333,0.0,0.0,0.0,0.15254573333333335,0.3333333333333333,0.0,0.0,0.5,innocent_security_change,0,39.27409383595847
0.0,0.0,0.0,0.0,0.0,0.0,0.0,0.0,0.0,0.0,1.0,0.3333333333333333,0.0,0.0,0.0,0.07673373333333333,0.0,0.0,0.0,0.7,normal,0,20.673035383376835
0.0,0.0,0.0,0.0,0.0,0.0,0.0,0.0,0.3333333333333333,1.0,1.0,0.3333333333333333,0.0,1.0,0.0,0.7292514666666666,0.0,0.0,0.0,0.6,medium,0,54.82893745074219
0.0,0.0,0.0,0.0,0.0,0.0,0.0,0.0,0.0,0.0,0.0,0.3333333333333333,0.0,0.0,0.0,0.04015333333333333,0.0,0.0,0.0,0.7,normal,0,7.639604720612212
0.0,0.0,0.0,0.0,0.0,0.0,0.0,0.0,0.0,0.0,0.0,0.0,0.0,0.0,0.0,0.0,0.0,0.0,0.0,0.4,normal,0,4.166939559529677
0.0,0.0,0.0,0.0,0.0,0.0,0.0,0.0,0.0,0.0,0.0,0.3333333333333333,0.0,0.0,0.0,0.1019308,0.0,0.0,0.0,0.6,normal,0,15.897365545956728
0.0,0.0,0.0,0.0,0.0,0.0,0.0,0.0,0.3333333333333333,1.0,0.0,0.3333333333333333,0.0,1.0,0.0,0.6020129333333334,0.0,0.0,0.0,0.8,medium,0,47.172700056544095
1.0,1.0,1.0,0.0,1.0,0.0,1.0,0.0,0.0,0.0,1.0,1.0,1.0,1.0,1.0,1.0,1.6666666666666667,0.8888888888888888,0.0,1.1,compromised,1,98.72609415342302
1.0,1.0,1.0,0.0,1.0,0.0,1.0,0.0,0.0,0.0,1.0,1.0,1.0,1.0,1.0,1.0,1.6666666666666667,0.8833333333333333,0.0,1.0,compromised,1,98.03848285389692
0.0,0.0,0.0,0.0,0.0,1.0,0.0,0.0,0.0,0.0,1.0,0.3333333333333333,0.0,0.0,0.0,0.0669732,0.3333333333333333,0.0,0.0,0.4,innocent_security_change,0,31.983516150701604
0.0,0.0,0.0,0.0,0.0,0.0,0.0,0.0,0.0,0.0,0.0,0.3333333333333333,0.0,0.0,0.0,0.0,0.0,0.0,1.0,0.6,innocent_security_change,0,21.117932781026234
1.0,1.0,1.0,0.0,1.0,0.0,1.0,0.0,0.0,0.0,0.0,0.6666666666666666,1.0,0.0,1.0,1.0,1.6666666666666667,0.8833333333333333,0.0,0.9,compromised,1,95.63413942668684
1.0,1.0,1.0,0.0,1.0,0.0,1.0,0.0,0.0,0.0,1.0,1.0,1.0,1.0,1.0,1.0,1.6666666666666667,0.85,0.0,1.0,compromised,1,99.25897907065303
1.0,1.0,1.0,0.0,1.0,0.0,1.0,0.0,0.0,0.0,0.0,1.0,1.0,1.0,1.0,1.0,1.6666666666666667,0.8722222222222222,0.0,1.0,compromised,1,93.87378984795589
0.0,0.0,0.0,0.0,0.0,0.0,0.0,0.0,0.0,0.0,0.0,0.3333333333333333,0.0,0.0,0.0,0.15440613333333333,0.0,0.0,0.0,0.7,normal,0,9.59009013320878
0.0,0.0,0.0,0.0,0.0,0.0,0.0,0.0,0.0,0.0,0.0,0.3333333333333333,0.0,0.0,0.0,0.1601417333333333,0.0,0.0,1.0,0.6,normal,0,23.210938553999647
0.0,0.0,0.0,0.0,0.0,0.0,0.0,0.0,0.0,0.0,0.0,0.0,0.0,0.0,0.0,0.0,0.0,0.0,0.0,0.5,normal,0,2.702786381132948
0.0,0.0,0.0,0.0,0.0,0.0,0.0,0.0,0.0,0.0,0.0,0.0,0.0,0.0,0.0,0.0,0.0,0.0,0.0,0.4,normal,0,6.500372900814158
0.0,0.0,0.0,0.0,0.0,0.0,0.0,0.0,0.0,0.0,0.0,0.3333333333333333,0.0,0.0,0.0,0.34559171314053755,0.0,0.0,0.0,0.6,normal,0,14.120957521248851
0.0,0.0,0.0,0.0,0.0,0.0,0.0,0.0,0.0,0.0,0.0,0.0,0.0,0.0,0.0,0.0,0.0,0.0,0.0,0.4,normal,0,0.0
0.0,0.0,0.0,0.0,0.0,0.0,0.0,0.0,0.0,0.0,0.0,0.3333333333333333,0.0,0.0,0.0,0.11809373333333334,0.0,0.0,0.0,0.6,normal,0,13.663951599669527
0.0,0.0,0.0,0.0,0.0,0.0,0.0,0.0,0.0,0.0,0.0,0.3333333333333333,0.0,0.0,0.0,0.1716524,0.0,0.0,1.0,0.6,normal,0,18.282949805624916
0.0,0.0,0.0,0.0,0.0,0.0,0.0,0.0,0.0,0.0,0.0,0.3333333333333333,0.0,0.0,0.0,0.17085720000000001,0.0,0.0,1.0,0.5,normal,0,20.909345313072276
0.0,0.0,0.0,0.0,0.0,0.0,0.0,0.0,0.0,0.0,0.0,0.0,0.0,0.0,0.0,0.0,0.0,0.0,0.0,0.5,normal,0,3.6340692723777606
1.0,0.0,0.0,0.0,0.0,0.0,0.0,0.0,0.3333333333333333,1.0,1.0,0.3333333333333333,0.0,1.0,0.0,1.0,0.3333333333333333,0.0,0.0,0.8,medium,0,73.7071485217236
1.0,1.0,1.0,0.0,1.0,0.0,1.0,0.0,0.0,0.0,0.0,1.0,1.0,1.0,1.0,1.0,1.6666666666666667,0.8833333333333333,0.0,1.0,compromised,1,98.19927226143551
1.0,1.0,0.0,0.0,1.0,0.0,1.0,0.0,0.0,0.0,1.0,1.0,1.0,1.0,1.0,1.0,1.3333333333333333,0.8444444444444444,0.0,0.9,compromised,1,100.0
0.0,0.0,0.0,0.0,0.0,0.0,0.0,0.0,0.3333333333333333,1.0,1.0,0.3333333333333333,0.0,1.0,0.0,0.5989048,0.0,0.0,0.0,0.7,medium,0,52.54948588070104
1.0,0.0,0.0,0.0,0.0,0.0,0.0,0.0,0.3333333333333333,1.0,0.0,0.3333333333333333,0.0,1.0,0.0,1.0,0.3333333333333333,0.0,0.0,0.9,medium,0,75.01651223569668
0.0,0.0,0.0,0.0,0.0,0.0,0.0,0.0,0.0,0.0,0.0,0.0,0.0,0.0,0.0,0.0,0.0,0.0,0.0,0.4,normal,0,5.5555427156000405
0.0,0.0,0.0,0.0,0.0,0.0,0.0,0.0,0.0,0.0,1.0,0.0,0.0,0.0,0.0,0.0,0.0,0.0,0.0,0.5,normal,0,14.063752112248142
1.0,1.0,0.0,0.0,0.0,0.0,0.0,0.0,0.0,0.0,0.0,0.0,0.0,0.0,0.0,0.0,0.6666666666666666,0.9333333333333333,0.0,0.4,compromised,1,75.19770092642034
0.0,0.0,0.0,0.0,0.0,0.0,0.0,0.0,0.0,0.0,0.0,0.3333333333333333,0.0,0.0,0.0,0.0651328,0.0,0.0,0.0,0.6,normal,0,8.019823288007151
1.0,0.0,0.0,0.0,0.0,0.0,0.0,0.0,0.3333333333333333,1.0,0.0,0.3333333333333333,0.0,1.0,0.0,1.0,0.3333333333333333,0.0,0.0,0.9,medium,0,75.74492668268434
0.0,0.0,0.0,0.0,0.0,0.0,0.0,0.0,0.0,0.0,0.0,0.0,0.0,0.0,0.0,0.0,0.0,0.0,0.0,0.4,normal,0,5.455792751750158
0.0,0.0,0.0,0.0,0.0,0.0,0.0,0.0,0.0,0.0,0.0,0.3333333333333333,0.0,0.0,0.0,0.19592720000000002,0.0,0.0,1.0,0.5,normal,0,17.36670826119036
0.0,0.0,0.0,0.0,0.0,0.0,0.0,0.0,0.0,0.0,0.0,0.0,0.0,0.0,0.0,0.0,0.0,0.0,0.0,0.4,normal,0,6.428423763825165
0.0,0.0,0.0,0.0,0.0,0.0,0.0,0.0,0.0,0.0,1.0,0.3333333333333333,0.0,0.0,0.0,0.0,0.0,0.0,1.0,0.8,innocent_security_change,0,27.067759801326588
0.0,0.0,0.0,0.0,0.0,0.0,0.0,0.0,0.0,0.0,0.0,0.0,0.0,0.0,0.0,0.0,0.0,0.0,0.0,0.4,normal,0,0.6477604318614443
0.0,0.0,0.0,0.0,0.0,0.0,0.0,0.0,0.0,0.0,0.0,0.0,0.0,0.0,0.0,0.0,0.0,0.0,0.0,0.5,normal,0,6.065122295828166
0.0,0.0,0.0,0.0,0.0,0.0,0.0,0.0,0.0,0.0,1.0,0.0,0.0,0.0,0.0,0.0,0.0,0.0,0.0,0.5,normal,0,12.820095359894692
1.0,0.0,0.0,0.0,0.0,0.0,0.0,0.0,0.3333333333333333,1.0,1.0,0.3333333333333333,0.0,1.0,0.0,1.0,0.3333333333333333,0.0,0.0,0.6,medium,0,79.135018380334
0.0,0.0,0.0,0.0,0.0,0.0,0.0,0.0,0.0,0.0,1.0,0.3333333333333333,0.0,0.0,0.0,0.14502146666666668,0.0,0.0,0.0,0.6,normal,0,20.168234626334993
0.0,0.0,0.0,0.0,0.0,0.0,0.0,0.0,0.3333333333333333,1.0,1.0,0.3333333333333333,0.0,1.0,0.0,0.7336061333333334,0.0,0.0,0.0,0.6,medium,0,51.76355853452512
1.0,1.0,1.0,0.0,1.0,0.0,1.0,0.0,0.0,0.0,1.0,1.0,1.0,1.0,1.0,1.0,1.6666666666666667,0.8777777777777778,0.0,1.0,compromised,1,99.24778587287605
0.0,0.0,0.0,0.0,0.0,0.0,0.0,0.0,0.0,0.0,0.0,0.3333333333333333,1.0,0.0,0.0,0.16250466666666666,0.0,0.0,0.0,0.6,normal,0,24.64338105766627
1.0,0.0,0.0,0.0,0.0,0.0,0.0,0.0,0.3333333333333333,1.0,0.0,0.3333333333333333,0.0,1.0,0.0,0.7796190666666667,0.3333333333333333,0.0,0.0,0.7,medium,0,68.98653068579175
0.0,1.0,0.0,0.0,0.0,0.0,0.0,0.0,0.0,0.0,1.0,0.0,0.0,0.0,0.0,0.0,0.3333333333333333,0.0,0.0,0.6,innocent_security_change,0,37.52825301425325
0.0,0.0,0.0,0.0,0.0,0.0,0.0,0.0,0.0,0.0,0.0,0.3333333333333333,0.0,0.0,0.0,0.19028013333333332,0.0,0.0,1.0,0.6,normal,0,22.29832692565553
0.0,0.0,0.0,0.0,0.0,0.0,0.0,0.0,0.0,0.0,0.0,0.3333333333333333,1.0,0.0,0.0,0.19788453333333333,0.0,0.0,0.0,0.6,normal,0,23.976331113008957
0.0,0.0,0.0,0.0,0.0,0.0,0.0,0.0,0.0,0.0,0.0,0.0,0.0,0.0,0.0,0.0,0.0,0.0,0.0,0.4,normal,0,1.5578559537792416
0.0,0.0,0.0,0.0,0.0,0.0,0.0,0.0,0.0,0.0,0.0,0.0,0.0,0.0,0.0,0.0,0.0,0.0,0.0,0.5,normal,0,0.1746070653838694
0.0,0.0,0.0,0.0,0.0,0.0,0.0,0.0,0.0,0.0,0.0,0.0,0.0,0.0,0.0,0.0,0.0,0.0,0.0,0.3,normal,0,0.0
1.0,1.0,1.0,0.0,1.0,0.0,1.0,0.0,0.0,0.0,1.0,1.0,1.0,1.0,1.0,1.0,1.6666666666666667,0.8388888888888889,0.0,1.0,compromised,1,92.93679200741353
0.0,0.0,0.0,0.0,0.0,0.0,0.0,0.0,0.0,0.0,0.0,0.3333333333333333,0.0,0.0,0.0,0.0,0.0,0.0,0.0,0.5,normal,0,8.988447378533694
0.0,0.0,0.0,0.0,0.0,0.0,0.0,0.0,0.3333333333333333,1.0,0.0,0.3333333333333333,0.0,1.0,0.0,1.0,0.0,0.0,0.0,0.7,medium,0,47.2865081568846
0.0,0.0,0.0,0.0,0.0,0.0,0.0,0.0,0.0,0.0,0.0,0.0,0.0,0.0,0.0,0.0,0.0,0.0,0.0,0.4,normal,0,0.450714483244508
0.0,0.0,0.0,0.0,0.0,0.0,0.0,0.0,0.0,0.0,0.0,0.3333333333333333,0.0,0.0,0.0,0.21621195673032875,0.0,0.0,0.0,0.6,normal,0,12.518491262523936
0.0,0.0,0.0,0.0,0.0,0.0,0.0,0.0,0.0,0.0,1.0,0.3333333333333333,0.0,0.0,0.0,0.12642413333333333,0.0,0.0,0.0,0.6,innocent_security_change,0,21.593290930631333
0.0,0.0,0.0,0.0,0.0,0.0,0.0,0.0,0.0,0.0,0.0,0.0,0.0,0.0,0.0,0.0,0.0,0.0,0.0,0.4,normal,0,8.100179041232657
0.0,0.0,0.0,0.0,0.0,0.0,0.0,0.0,0.0,0.0,0.0,0.0,0.0,0.0,0.0,0.0,0.0,0.0,0.0,0.4,normal,0,0.0
0.0,0.0,0.0,0.0,0.0,0.0,0.0,0.0,0.0,0.0,0.0,0.0,0.0,0.0,0.0,0.0,0.0,0.0,0.0,0.4,normal,0,5.765636818959101
0.0,0.0,0.0,0.0,0.0,0.0,0.0,0.0,0.3333333333333333,1.0,0.0,0.3333333333333333,0.0,1.0,0.0,0.5596998666666666,0.0,0.0,0.0,0.5,medium,0,47.02783452717438
0.0,0.0,0.0,0.0,0.0,0.0,0.0,0.0,0.3333333333333333,1.0,1.0,0.3333333333333333,0.0,1.0,0.0,0.6753430666666667,0.0,0.0,0.0,0.6,medium,0,49.556141992434206
0.0,0.0,0.0,0.0,0.0,0.0,0.0,0.0,0.0,0.0,1.0,0.0,0.0,0.0,0.0,0.0,0.0,0.0,0.0,0.5,normal,0,14.045170835705443
0.0,0.0,0.0,0.0,0.0,0.0,0.0,0.0,0.3333333333333333,1.0,0.0,0.3333333333333333,0.0,1.0,0.0,1.0,0.0,0.0,0.0,0.7,medium,0,47.638518984993176
1.0,1.0,1.0,0.0,1.0,0.0,1.0,0.0,0.0,0.0,0.0,1.0,1.0,1.0,1.0,1.0,1.6666666666666667,0.8555555555555556,0.0,1.0,compromised,1,98.23481397902107
0.0,0.0,0.0,0.0,0.0,0.0,0.0,0.0,0.0,0.0,0.0,0.0,0.0,0.0,0.0,0.0,0.0,0.0,0.0,0.2,compromised,1,5.216845579450265
0.0,0.0,0.0,0.0,0.0,0.0,0.0,0.0,0.0,0.0,1.0,0.3333333333333333,0.0,0.0,0.0,0.1029716,0.0,0.0,0.0,0.6,normal,0,21.926346852804507
0.0,0.0,0.0,0.0,0.0,0.0,0.0,0.0,0.0,0.0,0.0,0.3333333333333333,0.0,0.0,0.0,0.43848580908953694,0.0,0.0,1.0,0.5,normal,0,23.520502945624834
0.0,0.0,0.0,0.0,0.0,0.0,0.0,0.0,0.0,0.0,1.0,0.3333333333333333,0.0,0.0,0.0,0.059655466666666664,0.0,0.0,0.0,0.7,normal,0,19.413895406635973
1.0,0.0,1.0,0.0,1.0,0.0,1.0,0.0,0.0,0.0,1.0,1.0,1.0,1.0,1.0,1.0,1.3333333333333333,0.9,0.0,0.9,compromised,1,93.55748609295992
0.0,0.0,0.0,0.0,0.0,0.0,0.0,0.0,0.0,0.0,1.0,0.0,0.0,0.0,0.0,0.0,0.0,0.0,0.0,0.5,normal,0,13.015910422889347
0.0,0.0,0.0,0.0,0.0,0.0,0.0,0.0,0.0,0.0,0.0,0.3333333333333333,0.0,0.0,0.0,0.043477466666666666,0.0,0.0,0.0,0.6,normal,0,13.483834272453393
0.0,0.0,0.0,0.0,0.0,0.0,0.0,0.0,0.0,0.0,0.0,0.3333333333333333,0.0,0.0,0.0,0.0141596,0.0,0.0,0.0,0.5,normal,0,5.610461092859889
0.0,0.0,0.0,0.0,0.0,0.0,0.0,0.0,0.0,0.0,0.0,0.0,0.0,0.0,0.0,0.0,0.0,0.0,0.0,0.4,normal,0,0.22946079026605837
0.0,0.0,0.0,1.0,0.0,0.0,0.0,0.0,0.0,0.0,0.0,0.0,0.0,0.0,0.0,0.0,0.3333333333333333,0.0,0.0,0.3,innocent_security_change,0,23.07019203899115
0.0,0.0,0.0,0.0,0.0,0.0,0.0,0.0,0.0,0.0,0.0,0.0,0.0,0.0,0.0,0.0,0.0,0.0,0.0,0.4,normal,0,0.40554724858963986
0.0,0.0,0.0,0.0,0.0,0.0,0.0,0.0,0.0,0.0,0.0,0.0,0.0,0.0,0.0,0.0,0.0,0.0,0.0,0.5,normal,0,1.5897334857395238
1.0,1.0,1.0,0.0,1.0,0.0,1.0,0.0,0.0,0.0,0.0,1.0,1.0,1.0,1.0,1.0,1.6666666666666667,0.8777777777777778,0.0,1.0,compromised,1,96.72596191969714
1.0,0.0,0.0,0.0,0.0,0.0,0.0,0.0,0.3333333333333333,1.0,1.0,0.3333333333333333,0.0,1.0,0.0,1.0,0.3333333333333333,0.0,0.0,0.7,medium,0,73.98714177336274
0.0,0.0,0.0,0.0,0.0,0.0,0.0,0.0,0.3333333333333333,1.0,0.0,0.3333333333333333,0.0,1.0,0.0,1.0,0.0,0.0,1.0,0.7,medium,0,50.79805268346814
0.0,0.0,0.0,0.0,0.0,0.0,0.0,0.0,0.0,0.0,0.0,0.3333333333333333,0.0,0.0,0.0,0.08871933333333333,0.0,0.0,0.0,0.6,normal,0,12.813131268430915
0.0,0.0,0.0,0.0,0.0,1.0,0.0,0.0,0.0,0.0,0.0,0.3333333333333333,0.0,0.0,0.0,0.13317533333333334,0.3333333333333333,0.0,0.0,0.6,innocent_security_change,0,26.962339531847416
0.0,0.0,0.0,0.0,0.0,0.0,0.0,0.0,0.0,0.0,0.0,0.3333333333333333,0.0,0.0,0.0,0.09637893333333333,0.0,0.0,0.0,0.6,normal,0,7.158922173408605
0.0,0.0,0.0,0.0,0.0,0.0,0.0,0.0,0.0,0.0,0.0,0.3333333333333333,0.0,0.0,0.0,0.0,0.0,0.0,0.0,0.5,normal,0,7.66658672645279
0.0,0.0,0.0,0.0,0.0,0.0,0.0,0.0,0.3333333333333333,1.0,1.0,0.3333333333333333,0.0,1.0,0.0,0.4308189333333333,0.0,0.0,0.0,0.7,medium,0,51.9419961019527
0.0,0.0,0.0,0.0,0.0,0.0,0.0,0.0,0.0,0.0,0.0,0.3333333333333333,0.0,0.0,0.0,0.1378868,0.0,0.0,0.0,0.5,normal,0,10.551485389027107
0.0,0.0,0.0,0.0,0.0,0.0,0.0,0.0,0.0,0.0,0.0,0.3333333333333333,0.0,0.0,0.0,0.10448826666666666,0.0,0.0,1.0,0.4,innocent_security_change,0,16.621239918017437
1.0,0.0,0.0,0.0,0.0,0.0,0.0,0.0,0.3333333333333333,1.0,0.0,0.3333333333333333,0.0,1.0,0.0,0.6550965333333333,0.3333333333333333,0.0,0.0,0.6,medium,0,73.41716257116097
1.0,1.0,0.0,0.0,0.0,0.0,0.0,0.0,0.0,0.0,1.0,0.0,0.0,0.0,0.0,0.0,0.6666666666666666,0.8666666666666667,0.0,0.4,compromised,1,72.4823720529794
0.0,0.0,0.0,0.0,0.0,0.0,0.0,0.0,0.3333333333333333,0.0,0.0,0.3333333333333333,0.0,1.0,0.0,1.0,0.0,0.0,0.0,0.4,medium,0,38.45179872314798
0.0,0.0,0.0,0.0,0.0,0.0,0.0,0.0,0.3333333333333333,1.0,0.0,0.3333333333333333,0.0,1.0,0.0,0.5754174666666666,0.0,0.0,0.0,0.7,medium,0,46.478420082222996
0.0,0.0,0.0,0.0,0.0,0.0,0.0,0.0,0.0,0.0,0.0,0.0,0.0,0.0,0.0,0.0,0.0,0.0,0.0,0.4,normal,0,1.843913025468493
0.0,0.0,0.0,0.0,0.0,0.0,0.0,0.0,0.0,0.0,1.0,0.0,0.0,0.0,0.0,0.0,0.0,0.0,0.0,0.4,normal,0,15.420778823197661
1.0,0.0,1.0,0.0,0.0,0.0,0.0,0.0,0.0,0.0,0.0,0.0,0.0,0.0,0.0,0.0,0.6666666666666666,0.9444444444444444,0.0,0.4,compromised,1,76.51288939945898
0.0,0.0,0.0,0.0,0.0,0.0,0.0,0.0,0.0,0.0,1.0,0.3333333333333333,0.0,0.0,0.0,0.054844133333333336,0.0,0.0,0.0,0.7,normal,0,23.25377797528308
0.0,0.0,0.0,0.0,0.0,0.0,0.0,0.0,0.0,0.0,0.0,0.3333333333333333,0.0,0.0,0.0,0.44748212127371434,0.0,0.0,1.0,0.7,normal,0,23.858161609516777
0.0,0.0,0.0,0.0,0.0,0.0,0.0,0.0,0.3333333333333333,1.0,1.0,0.3333333333333333,0.0,1.0,0.0,1.0,0.0,0.0,0.0,0.6,medium,0,52.899384664326035
1.0,1.0,1.0,0.0,1.0,0.0,1.0,0.0,0.0,0.0,1.0,1.0,1.0,1.0,1.0,1.0,1.6666666666666667,0.85,0.0,1.0,compromised,1,97.9480868412747
0.0,0.0,0.0,0.0,0.0,0.0,0.0,0.0,0.0,0.0,0.0,0.0,0.0,0.0,0.0,0.0,0.0,0.0,0.0,0.5,normal,0,3.302880189000201
0.0,0.0,0.0,0.0,0.0,0.0,0.0,0.0,0.3333333333333333,1.0,1.0,0.3333333333333333,0.0,1.0,0.0,1.0,0.0,0.0,0.0,0.8,medium,0,57.45946506493137
0.0,0.0,0.0,0.0,0.0,0.0,0.0,0.0,0.0,0.0,0.0,0.0,0.0,0.0,0.0,0.0,0.0,0.0,0.0,0.4,normal,0,0.17548639203026228
1.0,1.0,1.0,0.0,1.0,0.0,1.0,0.0,0.0,0.0,1.0,1.0,1.0,1.0,1.0,1.0,1.6666666666666667,0.8333333333333334,0.0,1.1,compromised,1,96.09632084173434
1.0,1.0,1.0,0.0,1.0,0.0,1.0,0.0,0.0,0.0,1.0,1.0,1.0,1.0,1.0,1.0,1.6666666666666667,0.8944444444444445,0.0,1.1,compromised,1,100.0
0.0,0.0,0.0,0.0,0.0,0.0,0.0,0.0,0.0,0.0,1.0,0.3333333333333333,0.0,0.0,0.0,1.0,0.0,0.0,0.0,0.7,normal,0,29.165085460982333
0.0,0.0,0.0,0.0,0.0,0.0,0.0,0.0,0.0,0.0,0.0,0.3333333333333333,0.0,0.0,0.0,0.017252800000000002,0.0,0.0,0.0,0.6,normal,0,12.37647222212356
1.0,0.0,0.0,0.0,0.0,0.0,0.0,0.0,0.3333333333333333,1.0,0.0,0.3333333333333333,0.0,1.0,0.0,1.0,0.3333333333333333,0.0,0.0,0.7,medium,0,79.04495148799901
1.0,0.0,0.0,0.0,0.0,0.0,0.0,0.0,0.3333333333333333,1.0,0.0,0.3333333333333333,0.0,1.0,0.0,1.0,0.3333333333333333,0.0,0.0,0.8,medium,0,73.97450822241439
1.0,1.0,1.0,0.0,1.0,0.0,1.0,0.0,0.0,0.0,0.0,1.0,1.0,1.0,1.0,1.0,1.6666666666666667,0.9111111111111111,0.0,1.0,compromised,1,99.5097395762505
0.0,0.0,0.0,0.0,0.0,0.0,0.0,0.0,0.0,0.0,0.0,0.3333333333333333,0.0,0.0,0.0,0.12406186666666666,0.0,0.0,0.0,0.6,normal,0,8.626402171135949
1.0,1.0,1.0,0.0,1.0,0.0,0.0,0.0,0.0,0.0,0.0,0.0,0.0,0.0,0.0,0.0,1.3333333333333333,0.8833333333333333,0.0,0.6,compromised,1,93.68330672395578
0.0,0.0,0.0,0.0,0.0,0.0,0.0,0.0,0.3333333333333333,1.0,0.0,0.3333333333333333,0.0,1.0,0.0,0.5893529333333334,0.0,0.0,0.0,0.7,medium,0,46.128710669503356
0.0,0.0,0.0,0.0,0.0,0.0,0.0,0.0,0.3333333333333333,1.0,0.0,0.3333333333333333,0.0,1.0,0.0,0.6255370666666666,0.0,0.0,0.0,0.5,medium,0,46.30571917852341
0.0,0.0,0.0,0.0,0.0,0.0,0.0,0.0,0.0,0.0,0.0,0.3333333333333333,0.0,0.0,0.0,0.12592253333333334,0.0,0.0,0.0,0.5,normal,0,9.274918284461151
0.0,0.0,0.0,0.0,0.0,0.0,0.0,0.0,0.0,0.0,0.0,0.3333333333333333,0.0,0.0,0.0,0.09701613333333334,0.0,0.0,0.0,0.6,normal,0,7.009128196330101
1.0,0.0,0.0,0.0,0.0,0.0,0.0,0.0,0.0,1.0,1.0,0.3333333333333333,0.0,1.0,0.0,0.4304696,0.3333333333333333,0.0,0.0,0.7,medium,0,75.48781916788245
0.0,0.0,0.0,0.0,0.0,0.0,0.0,0.0,0.0,0.0,0.0,0.3333333333333333,1.0,0.0,0.0,1.0,0.0,0.0,0.0,0.5,normal,0,26.992034114077924
1.0,1.0,1.0,0.0,1.0,0.0,1.0,0.0,0.0,0.0,1.0,1.0,1.0,1.0,1.0,1.0,1.6666666666666667,0.8944444444444445,0.0,1.0,compromised,1,97.23011547124831
0.0,0.0,0.0,0.0,0.0,0.0,0.0,0.0,0.0,0.0,0.0,0.0,0.0,0.0,0.0,0.0,0.0,0.0,0.0,0.4,normal,0,5.22013887675772
1.0,1.0,0.0,0.0,0.0,0.0,0.0,0.0,0.0,0.0,0.0,0.0,0.0,0.0,0.0,0.0,0.6666666666666666,0.9833333333333333,0.0,0.4,compromised,1,75.5193236451197
1.0,1.0,0.0,0.0,0.0,0.0,0.0,0.0,0.0,0.0,0.0,0.0,0.0,0.0,0.0,0.0,0.6666666666666666,0.7666666666666666,0.0,0.4,compromised,1,78.2865330804047
0.0,0.0,0.0,0.0,0.0,0.0,0.0,0.0,0.3333333333333333,1.0,0.0,0.3333333333333333,0.0,1.0,0.0,1.0,0.0,0.0,0.0,0.7,medium,0,51.34537498979165
0.0,0.0,0.0,0.0,0.0,0.0,0.0,0.0,0.0,0.0,1.0,0.0,0.0,0.0,0.0,0.0,0.0,0.0,0.0,0.6,normal,0,12.528875118497421
0.0,0.0,0.0,0.0,0.0,0.0,0.0,0.0,0.0,0.0,1.0,0.3333333333333333,0.0,0.0,0.0,0.034170400000000004,0.0,0.0,0.0,0.6,normal,0,19.68014668214191
1.0,1.0,1.0,0.0,0.0,0.0,0.0,0.0,0.0,0.0,0.0,0.0,0.0,0.0,0.0,0.0,1.0,0.6666666666666667,0.0,0.5,compromised,1,84.41774678871343
1.0,1.0,1.0,0.0,1.0,0.0,1.0,0.0,0.0,0.0,1.0,1.0,1.0,1.0,1.0,1.0,1.6666666666666667,0.9,0.0,1.0,compromised,1,94.07124157042641
1.0,0.0,0.0,0.0,0.0,0.0,0.0,0.0,0.3333333333333333,1.0,1.0,0.3333333333333333,0.0,1.0,0.0,0.4715093333333333,0.3333333333333333,0.0,0.0,0.6,medium,0,73.06633682520263
0.0,0.0,0.0,0.0,0.0,0.0,0.0,0.0,0.0,0.0,0.0,0.0,0.0,0.0,0.0,0.0,0.0,0.0,0.0,0.6,normal,0,2.8678973317840972
0.0,0.0,0.0,0.0,0.0,0.0,0.0,0.0,0.0,0.0,0.0,0.0,0.0,0.0,0.0,0.0,0.0,0.0,0.0,0.5,normal,0,0.0
0.0,0.0,0.0,0.0,0.0,0.0,0.0,0.0,0.0,0.0,0.0,0.0,0.0,0.0,0.0,0.0,0.0,0.0,0.0,0.5,normal,0,3.689775774156663
0.0,0.0,0.0,0.0,0.0,0.0,0.0,0.0,0.0,0.0,1.0,0.3333333333333333,0.0,0.0,0.0,0.19692946666666666,0.0,0.0,1.0,0.6,normal,0,27.69218024499951
0.0,0.0,0.0,0.0,0.0,0.0,0.0,0.0,0.0,0.0,0.0,0.3333333333333333,0.0,0.0,0.0,0.0,0.0,0.0,0.0,0.6,normal,0,5.7170807425840575
1.0,1.0,0.0,0.0,0.0,0.0,0.0,0.0,0.0,0.0,1.0,0.0,0.0,0.0,0.0,0.0,0.6666666666666666,0.7666666666666666,0.0,0.4,compromised,1,77.17372770454624
0.0,0.0,0.0,0.0,0.0,0.0,0.0,0.0,0.0,0.0,0.0,0.3333333333333333,0.0,0.0,0.0,0.009851866666666667,0.0,0.0,0.0,0.5,normal,0,11.161294502752327
0.0,0.0,0.0,0.0,0.0,0.0,0.0,0.0,0.0,0.0,0.0,0.0,0.0,0.0,0.0,0.0,0.0,0.0,0.0,0.5,normal,0,4.138628300689778
0.0,0.0,0.0,0.0,0.0,0.0,0.0,0.0,0.3333333333333333,1.0,0.0,0.3333333333333333,0.0,1.0,0.0,0.47490533333333335,0.0,0.0,0.0,0.4,medium,0,42.687895724651426
1.0,1.0,1.0,0.0,1.0,0.0,0.0,0.0,0.0,0.0,0.0,0.0,0.0,0.0,0.0,0.0,1.3333333333333333,0.8888888888888888,0.0,0.6,compromised,1,93.2883263748991
0.0,0.0,0.0,0.0,0.0,0.0,0.0,0.0,0.0,0.0,0.0,0.3333333333333333,0.0,0.0,0.0,0.08873786666666666,0.0,0.0,0.0,0.6,normal,0,12.755352152670913
0.0,1.0,0.0,0.0,0.0,0.0,0.0,0.0,0.0,0.0,1.0,0.3333333333333333,0.0,0.0,0.0,0.09261573333333334,0.3333333333333333,0.0,0.0,0.7,innocent_security_change,0,45.76173266534087
0.0,0.0,0.0,0.0,0.0,0.0,0.0,0.0,0.0,0.0,0.0,0.3333333333333333,0.0,0.0,0.0,0.4822400200859686,0.0,0.0,1.0,0.5,normal,0,20.680706949526552
0.0,0.0,0.0,0.0,0.0,0.0,0.0,0.0,0.0,0.0,0.0,0.3333333333333333,0.0,0.0,0.0,0.10820053333333333,0.0,0.0,0.0,0.5,normal,0,11.350348196327491
0.0,0.0,0.0,0.0,0.0,0.0,0.0,0.0,0.0,0.0,0.0,0.3333333333333333,0.0,0.0,0.0,0.1282952,0.0,0.0,0.0,0.5,normal,0,13.908298394019472
0.0,0.0,0.0,0.0,0.0,0.0,0.0,0.0,0.0,0.0,0.0,0.3333333333333333,0.0,0.0,0.0,0.13451186666666665,0.0,0.0,0.0,0.6,normal,0,10.153461894843408
0.0,0.0,0.0,0.0,0.0,0.0,0.0,0.0,0.0,0.0,0.0,0.0,0.0,0.0,0.0,0.0,0.0,0.0,0.0,0.4,normal,0,8.112032558538875
0.0,0.0,0.0,0.0,0.0,0.0,0.0,0.0,0.3333333333333333,1.0,1.0,0.3333333333333333,0.0,1.0,0.0,0.6418861333333333,0.0,0.0,0.0,0.6,medium,0,49.95321671434066
0.0,0.0,0.0,0.0,0.0,0.0,0.0,0.0,0.0,0.0,1.0,0.0,0.0,0.0,0.0,0.0,0.0,0.0,0.0,0.4,normal,0,12.98698507705696
0.0,0.0,0.0,0.0,0.0,0.0,0.0,0.0,0.0,0.0,0.0,0.3333333333333333,0.0,0.0,0.0,0.13514013333333333,0.0,0.0,0.0,0.7,normal,0,10.612086488956962
0.0,0.0,0.0,0.0,0.0,0.0,0.0,0.0,0.0,0.0,0.0,0.3333333333333333,1.0,0.0,0.0,0.0,0.0,0.0,0.0,0.6,normal,0,22.654495182808347
0.0,0.0,0.0,0.0,0.0,1.0,0.0,0.0,0.0,0.0,1.0,0.3333333333333333,0.0,0.0,0.0,0.060064533333333336,0.3333333333333333,0.0,0.0,0.9,innocent_security_change,0,33.78168626699092
0.0,0.0,0.0,0.0,0.0,0.0,0.0,0.0,0.0,0.0,0.0,0.3333333333333333,1.0,0.0,0.0,0.18438079999999998,0.0,0.0,0.0,0.5,normal,0,22.23915682813915
0.0,0.0,0.0,0.0,0.0,0.0,0.0,0.0,0.0,0.0,0.0,0.0,0.0,0.0,0.0,0.0,0.0,0.0,0.0,0.4,normal,0,0.1368812098363783
0.0,0.0,0.0,1.0,0.0,0.0,0.0,0.0,0.0,0.0,1.0,0.3333333333333333,0.0,0.0,0.0,0.05310906666666666,0.3333333333333333,0.0,0.0,0.6,innocent_security_change,0,37.04702168019527
1.0,0.0,0.0,0.0,0.0,0.0,0.0,0.0,0.3333333333333333,1.0,0.0,0.3333333333333333,0.0,1.0,0.0,1.0,0.3333333333333333,0.0,0.0,0.5,medium,0,76.9132024474622
0.0,0.0,0.0,0.0,0.0,0.0,0.0,0.0,0.3333333333333333,1.0,1.0,0.3333333333333333,0.0,1.0,0.0,0.5693358666666667,0.0,0.0,0.0,0.7,medium,0,52.72220191530706
1.0,0.0,0.0,0.0,0.0,0.0,0.0,0.0,0.0,0.0,1.0,0.0,0.0,0.0,0.0,0.0,0.3333333333333333,0.0,0.0,0.3,compromised,1,50.899799254944796
0.0,0.0,0.0,0.0,0.0,0.0,0.0,0.0,0.3333333333333333,1.0,0.0,0.3333333333333333,0.0,1.0,0.0,1.0,0.0,0.0,0.0,0.5,medium,0,53.137351503819865
0.0,0.0,0.0,0.0,0.0,0.0,0.0,0.0,0.0,0.0,0.0,0.0,0.0,0.0,0.0,0.0,0.0,0.0,0.0,0.4,normal,0,3.605384062259967
0.0,0.0,0.0,0.0,0.0,0.0,0.0,0.0,0.0,0.0,1.0,0.0,0.0,0.0,0.0,0.0,0.0,0.0,0.0,0.6,normal,0,12.222373238078863
0.0,0.0,0.0,0.0,0.0,0.0,0.0,0.0,0.0,0.0,0.0,0.3333333333333333,0.0,0.0,0.0,0.09457333333333333,0.0,0.0,0.0,0.6,normal,0,11.523085271041225
0.0,0.0,0.0,0.0,0.0,0.0,0.0,0.0,0.0,0.0,0.0,0.3333333333333333,0.0,0.0,0.0,0.34004864581167354,0.0,0.0,0.0,0.7,normal,0,15.309290102998741
1.0,1.0,0.0,0.0,1.0,0.0,1.0,0.0,0.0,0.0,0.0,1.0,1.0,1.0,1.0,1.0,1.3333333333333333,0.8888888888888888,0.0,0.9,compromised,1,94.59882827178905
0.0,0.0,0.0,0.0,0.0,0.0,0.0,0.0,0.0,0.0,0.0,0.3333333333333333,0.0,0.0,0.0,0.1890048,0.0,0.0,1.0,0.6,normal,0,20.454747338323674
0.0,0.0,0.0,0.0,0.0,0.0,0.0,0.0,0.0,0.0,0.0,0.0,0.0,0.0,0.0,0.0,0.0,0.0,0.0,0.6,normal,0,2.75111888018298
0.0,1.0,0.0,0.0,0.0,0.0,0.0,0.0,0.0,0.0,0.0,0.0,0.0,0.0,0.0,0.0,0.3333333333333333,0.0,0.0,0.3,innocent_security_change,0,30.97495394380534
0.0,0.0,0.0,0.0,0.0,0.0,0.0,0.0,0.0,0.0,0.0,0.3333333333333333,1.0,0.0,0.0,0.6724957193055242,0.0,0.0,0.0,0.7,normal,0,28.15203921850385
0.0,0.0,0.0,0.0,0.0,0.0,0.0,0.0,0.0,0.0,0.0,0.3333333333333333,0.0,0.0,0.0,0.0,0.0,0.0,0.0,0.6,normal,0,6.317637271513862
0.0,0.0,0.0,0.0,0.0,0.0,0.0,0.0,0.0,0.0,0.0,0.0,0.0,0.0,0.0,0.0,0.0,0.0,0.0,0.4,normal,0,3.2317753862462557
1.0,1.0,1.0,0.0,1.0,0.0,1.0,0.0,0.0,0.0,0.0,1.0,1.0,1.0,1.0,1.0,1.6666666666666667,0.8611111111111112,0.0,1.0,compromised,1,99.23744129203399
0.0,0.0,0.0,0.0,0.0,0.0,0.0,0.0,0.0,0.0,1.0,0.0,0.0,0.0,0.0,0.0,0.0,0.0,0.0,0.4,normal,0,14.19317653389755
0.0,0.0,0.0,0.0,0.0,0.0,0.0,0.0,0.0,0.0,0.0,0.0,0.0,0.0,0.0,0.0,0.0,0.0,0.0,0.3,normal,0,4.208001823351237
0.0,0.0,0.0,0.0,0.0,0.0,0.0,0.0,0.0,0.0,0.0,0.3333333333333333,0.0,0.0,0.0,0.031578,0.0,0.0,0.0,0.6,normal,0,11.123064228146077
0.0,0.0,0.0,0.0,0.0,0.0,0.0,0.0,0.0,0.0,0.0,0.3333333333333333,0.0,0.0,0.0,0.16063973333333334,0.0,0.0,1.0,0.7,normal,0,18.879623989505163
0.0,0.0,0.0,0.0,0.0,0.0,0.0,0.0,0.0,0.0,0.0,0.3333333333333333,0.0,0.0,0.0,0.08956546666666666,0.0,0.0,0.0,0.5,normal,0,12.515513322833414
0.0,1.0,0.0,0.0,0.0,0.0,0.0,0.0,0.0,0.0,0.0,0.0,0.0,0.0,0.0,0.0,0.3333333333333333,0.0,0.0,0.5,innocent_security_change,0,29.57420154683123
0.0,0.0,0.0,0.0,0.0,0.0,0.0,0.0,0.0,0.0,0.0,0.3333333333333333,0.0,0.0,0.0,0.13382480000000002,0.0,0.0,0.0,0.7,normal,0,10.024840265326198
0.0,0.0,0.0,0.0,0.0,0.0,0.0,0.0,0.0,0.0,0.0,0.3333333333333333,0.0,0.0,0.0,0.10873693333333334,0.0,0.0,0.0,0.7,normal,0,9.545318121245211
0.0,0.0,0.0,0.0,0.0,0.0,0.0,0.0,0.0,0.0,0.0,0.0,0.0,0.0,0.0,0.0,0.0,0.0,0.0,0.4,normal,0,5.567324358556071
0.0,0.0,0.0,0.0,0.0,0.0,0.0,0.0,0.0,0.0,0.0,0.0,0.0,0.0,0.0,0.0,0.0,0.0,0.0,0.4,normal,0,5.2241554960579855
1.0,0.0,0.0,0.0,0.0,0.0,0.0,0.0,0.3333333333333333,1.0,0.0,0.3333333333333333,0.0,1.0,0.0,0.4737905333333333,0.3333333333333333,0.0,0.0,0.9,medium,0,74.40269890943311
0.0,0.0,0.0,0.0,0.0,0.0,0.0,0.0,0.0,0.0,1.0,0.0,0.0,0.0,0.0,0.0,0.0,0.0,0.0,0.5,normal,0,16.21690561226986
1.0,1.0,1.0,0.0,1.0,0.0,1.0,0.0,0.0,0.0,0.0,1.0,1.0,1.0,1.0,1.0,1.6666666666666667,0.8888888888888888,0.0,1.0,compromised,1,95.59389958967152
0.0,0.0,0.0,0.0,0.0,0.0,0.0,0.0,0.0,0.0,1.0,0.3333333333333333,0.0,0.0,0.0,0.17325680000000002,0.0,0.0,1.0,0.6,normal,0,28.939088982232633
0.0,0.0,0.0,0.0,0.0,0.0,0.0,0.0,0.0,0.0,1.0,0.3333333333333333,0.0,0.0,0.0,0.08422706666666667,0.0,0.0,0.0,0.6,normal,0,19.88210512251566
0.0,0.0,0.0,0.0,0.0,0.0,0.0,0.0,0.0,0.0,0.0,0.0,0.0,0.0,0.0,0.0,0.0,0.0,0.0,0.5,normal,0,5.6882473632398405
1.0,1.0,1.0,0.0,1.0,0.0,1.0,0.0,0.0,0.0,1.0,1.0,1.0,1.0,1.0,1.0,1.6666666666666667,0.8611111111111112,0.0,1.0,compromised,1,97.71617175155778
1.0,0.0,0.0,0.0,0.0,0.0,0.0,0.0,0.3333333333333333,1.0,0.0,0.3333333333333333,0.0,1.0,0.0,0.7765468,0.3333333333333333,0.0,0.0,0.7,medium,0,73.00137055210037
0.0,0.0,0.0,0.0,0.0,0.0,0.0,0.0,0.3333333333333333,1.0,0.0,0.3333333333333333,0.0,1.0,0.0,1.0,0.0,0.0,0.0,0.5,medium,0,49.38444866790264
1.0,1.0,1.0,0.0,1.0,0.0,1.0,0.0,0.0,0.0,0.0,1.0,1.0,1.0,1.0,1.0,1.6666666666666667,0.8722222222222222,0.0,1.1,compromised,1,99.98787545005803
0.0,0.0,0.0,0.0,0.0,0.0,0.0,0.0,0.0,0.0,0.0,0.0,0.0,0.0,0.0,0.0,0.0,0.0,0.0,0.4,normal,0,1.1963212235907918
0.0,0.0,0.0,0.0,0.0,0.0,0.0,0.0,0.0,0.0,0.0,0.3333333333333333,0.0,0.0,0.0,0.04021466666666666,0.0,0.0,0.0,0.6,normal,0,10.272123386269003
0.0,0.0,0.0,0.0,0.0,0.0,0.0,0.0,0.0,0.0,0.0,0.3333333333333333,0.0,0.0,0.0,0.19227973333333334,0.0,0.0,1.0,0.6,normal,0,17.35197239666568
1.0,0.0,0.0,0.0,0.0,0.0,0.0,0.0,0.3333333333333333,1.0,0.0,0.3333333333333333,0.0,1.0,0.0,1.0,0.3333333333333333,0.0,0.0,0.6,medium,0,68.36724163656784
0.0,0.0,0.0,0.0,0.0,0.0,0.0,0.0,0.0,0.0,0.0,0.0,0.0,0.0,0.0,0.0,0.0,0.0,0.0,0.4,normal,0,3.3683332892421185
0.0,0.0,0.0,0.0,0.0,0.0,0.0,0.0,0.0,0.0,0.0,0.3333333333333333,0.0,0.0,0.0,0.1726482666666667,0.0,0.0,1.0,0.6,normal,0,21.291566516288885
0.0,0.0,0.0,0.0,0.0,0.0,0.0,0.0,0.0,0.0,0.0,0.3333333333333333,0.0,0.0,0.0,0.09943826666666666,0.0,0.0,0.0,0.6,normal,0,11.848296845423063
1.0,0.0,0.0,0.0,0.0,0.0,0.0,0.0,0.0,0.0,0.0,0.0,0.0,0.0,0.0,0.0,0.3333333333333333,0.0,0.0,0.3,compromised,1,46.978986697222275
0.0,0.0,0.0,0.0,0.0,0.0,0.0,0.0,0.0,0.0,0.0,0.3333333333333333,0.0,0.0,0.0,0.08073666666666666,0.0,0.0,0.0,0.6,normal,0,10.074102024126985
1.0,1.0,1.0,0.0,1.0,0.0,1.0,0.0,0.0,0.0,0.0,1.0,1.0,1.0,1.0,1.0,1.6666666666666667,0.8444444444444444,0.0,1.0,compromised,1,92.2175053033938
1.0,0.0,0.0,0.0,0.0,0.0,0.0,0.0,0.3333333333333333,1.0,1.0,0.3333333333333333,0.0,1.0,0.0,1.0,0.3333333333333333,0.0,0.0,0.8,medium,0,80.98919686071623
0.0,0.0,0.0,0.0,0.0,0.0,0.0,0.0,0.3333333333333333,1.0,0.0,0.3333333333333333,0.0,1.0,0.0,1.0,0.0,0.0,0.0,0.5,medium,0,45.317040916204945
0.0,0.0,0.0,0.0,0.0,0.0,0.0,0.0,0.0,0.0,0.0,0.3333333333333333,0.0,0.0,0.0,0.0009704323281633382,0.0,0.0,0.0,0.5,normal,0,12.392968180309596
0.0,0.0,0.0,0.0,0.0,0.0,0.0,0.0,0.0,0.0,0.0,0.3333333333333333,0.0,0.0,0.0,0.03467293333333333,0.0,0.0,0.0,0.6,normal,0,12.717253666850482
1.0,0.0,0.0,0.0,0.0,0.0,0.0,0.0,0.3333333333333333,1.0,0.0,0.3333333333333333,0.0,1.0,0.0,0.4817628,0.3333333333333333,0.0,0.0,0.7,medium,0,70.57159758302882
1.0,1.0,1.0,0.0,1.0,0.0,1.0,0.0,0.0,0.0,0.0,1.0,1.0,1.0,1.0,1.0,1.6666666666666667,0.8777777777777778,0.0,1.0,compromised,1,94.95299599584821
1.0,0.0,0.0,0.0,0.0,0.0,0.0,0.0,0.3333333333333333,1.0,0.0,0.3333333333333333,0.0,1.0,0.0,0.4396721333333334,0.3333333333333333,0.0,0.0,0.8,medium,0,73.73024668142335
0.0,0.0,0.0,0.0,0.0,0.0,0.0,0.0,0.0,0.0,0.0,0.0,0.0,0.0,0.0,0.0,0.0,0.0,0.0,0.4,normal,0,0.7563741177501186
0.0,0.0,0.0,0.0,0.0,0.0,0.0,0.0,0.3333333333333333,1.0,0.0,0.3333333333333333,0.0,1.0,0.0,1.0,0.0,0.0,0.0,0.6,medium,0,48.66496574791275
0.0,1.0,0.0,0.0,0.0,0.0,0.0,0.0,0.0,0.0,0.0,0.3333333333333333,0.0,0.0,0.0,0.05673039999999999,0.3333333333333333,0.0,0.0,0.7,innocent_security_change,0,37.12481888005264
0.0,0.0,0.0,0.0,0.0,0.0,0.0,0.0,0.0,0.0,0.0,0.3333333333333333,0.0,0.0,0.0,0.0,0.0,0.0,0.0,0.7,normal,0,6.0993201032288065
0.0,0.0,0.0,0.0,0.0,0.0,0.0,0.0,0.0,0.0,1.0,0.3333333333333333,0.0,0.0,0.0,0.1895524,0.0,0.0,1.0,0.8,normal,0,23.69798606842357
0.0,0.0,0.0,0.0,0.0,0.0,0.0,0.0,0.0,0.0,0.0,0.3333333333333333,0.0,0.0,0.0,0.0,0.0,0.0,0.0,0.6,normal,0,10.466026117099485
0.0,0.0,0.0,0.0,0.0,0.0,0.0,0.0,0.0,0.0,0.0,0.0,0.0,0.0,0.0,0.0,0.0,0.0,0.0,0.4,normal,0,1.4632898448812326
0.0,0.0,0.0,0.0,0.0,0.0,0.0,0.0,0.0,0.0,0.0,0.0,0.0,0.0,0.0,0.0,0.0,0.0,0.0,0.5,normal,0,2.1883175612422248
0.0,0.0,0.0,0.0,0.0,0.0,0.0,0.0,0.0,0.0,0.0,0.3333333333333333,0.0,0.0,0.0,0.03074,0.0,0.0,1.0,0.6,innocent_security_change,0,19.83569494797843
0.0,0.0,0.0,0.0,0.0,0.0,0.0,0.0,0.0,0.0,1.0,0.0,0.0,0.0,0.0,0.0,0.0,0.0,0.0,0.2,compromised,1,14.563492858765317
1.0,1.0,1.0,0.0,1.0,0.0,1.0,0.0,0.0,0.0,1.0,1.0,1.0,1.0,1.0,1.0,1.6666666666666667,0.9,0.0,1.0,compromised,1,97.3453216753872
0.0,0.0,0.0,0.0,0.0,0.0,0.0,0.0,0.0,0.0,0.0,0.0,0.0,0.0,0.0,0.0,0.0,0.0,0.0,0.4,normal,0,2.0156874434331424
0.0,0.0,0.0,0.0,0.0,1.0,0.0,0.0,0.0,0.0,1.0,0.3333333333333333,0.0,0.0,0.0,0.0683108,0.3333333333333333,0.0,0.0,0.8,innocent_security_change,0,39.01074561611479
0.0,0.0,0.0,0.0,0.0,0.0,0.0,0.0,0.0,0.0,0.0,0.0,0.0,0.0,0.0,0.0,0.0,0.0,0.0,0.4,normal,0,0.0
0.0,0.0,0.0,0.0,0.0,0.0,0.0,0.0,0.0,0.0,0.0,0.3333333333333333,1.0,0.0,0.0,0.17342546666666667,0.0,0.0,0.0,0.8,normal,0,25.691703673649364
0.0,0.0,0.0,0.0,0.0,0.0,0.0,0.0,0.0,0.0,0.0,0.0,0.0,0.0,0.0,0.0,0.0,0.0,0.0,0.4,normal,0,4.2468991402631815
0.0,0.0,0.0,0.0,0.0,0.0,0.0,0.0,0.0,0.0,0.0,0.3333333333333333,0.0,0.0,0.0,0.06198586666666666,0.0,0.0,0.0,0.7,normal,0,13.055639428570936
1.0,1.0,1.0,0.0,1.0,0.0,1.0,0.0,0.0,0.0,1.0,1.0,1.0,1.0,1.0,1.0,1.6666666666666667,0.8722222222222222,0.0,1.0,compromised,1,93.16879112829885
0.0,0.0,0.0,0.0,0.0,0.0,0.0,0.0,0.3333333333333333,1.0,1.0,0.3333333333333333,0.0,1.0,0.0,0.7264934666666667,0.0,0.0,0.0,0.5,medium,0,49.60859988833221
0.0,0.0,0.0,0.0,0.0,0.0,0.0,0.0,0.0,0.0,0.0,0.3333333333333333,0.0,0.0,0.0,0.11794933333333334,0.0,0.0,0.0,0.5,normal,0,8.589784777534346
1.0,0.0,0.0,0.0,0.0,0.0,0.0,0.0,0.3333333333333333,1.0,0.0,0.3333333333333333,0.0,1.0,0.0,0.6900731999999999,0.3333333333333333,0.0,0.0,0.6,medium,0,73.6914428723775
0.0,0.0,0.0,0.0,0.0,0.0,0.0,0.0,0.0,0.0,0.0,0.0,0.0,0.0,0.0,0.0,0.0,0.0,0.0,0.5,normal,0,4.772903552947515
0.0,0.0,0.0,0.0,0.0,0.0,0.0,0.0,0.0,0.0,0.0,0.3333333333333333,0.0,0.0,0.0,0.17648226666666667,0.0,0.0,1.0,0.6,normal,0,23.55580914229493
0.0,0.0,0.0,0.0,0.0,0.0,0.0,0.0,0.0,0.0,1.0,0.3333333333333333,1.0,0.0,0.0,0.19037959999999998,0.0,0.0,0.0,0.8,normal,0,31.799248374272008
1.0,0.0,0.0,0.0,0.0,0.0,0.0,0.0,0.3333333333333333,1.0,0.0,0.3333333333333333,0.0,1.0,0.0,1.0,0.3333333333333333,0.0,0.0,0.7,medium,0,73.5524302847042
1.0,0.0,0.0,0.0,0.0,0.0,0.0,0.0,0.3333333333333333,1.0,0.0,0.3333333333333333,0.0,1.0,0.0,0.4610464,0.3333333333333333,0.0,0.0,0.6,medium,0,75.41626842027954
1.0,0.0,0.0,0.0,0.0,0.0,0.0,0.0,0.3333333333333333,1.0,0.0,0.3333333333333333,0.0,1.0,0.0,1.0,0.3333333333333333,0.0,0.0,0.6,medium,0,75.35383652662595
0.0,0.0,0.0,0.0,0.0,0.0,0.0,0.0,0.0,0.0,0.0,0.3333333333333333,0.0,0.0,0.0,0.032266800000000005,0.0,0.0,0.0,0.6,normal,0,13.490327768732161
1.0,1.0,1.0,0.0,1.0,0.0,1.0,0.0,0.0,0.0,1.0,1.0,1.0,1.0,1.0,1.0,1.6666666666666667,0.9166666666666666,0.0,1.0,compromised,1,98.75804792484047
1.0,1.0,1.0,0.0,1.0,0.0,1.0,0.0,0.0,0.0,1.0,1.0,1.0,1.0,1.0,1.0,1.6666666666666667,0.8833333333333333,0.0,1.0,compromised,1,95.12430110505288
0.0,0.0,0.0,0.0,0.0,0.0,0.0,0.0,0.0,0.0,0.0,0.3333333333333333,0.0,0.0,0.0,1.0,0.0,0.0,1.0,0.5,normal,0,25.014048055676554
0.0,0.0,0.0,0.0,0.0,0.0,0.0,0.0,0.0,0.0,0.0,0.3333333333333333,1.0,0.0,0.0,0.16898546666666667,0.0,0.0,0.0,0.7,normal,0,20.659855784736752
0.0,0.0,0.0,0.0,0.0,0.0,0.0,0.0,0.0,0.0,1.0,0.0,0.0,0.0,0.0,0.0,0.0,0.0,0.0,0.5,normal,0,15.19221053613655
0.0,0.0,0.0,0.0,0.0,0.0,0.0,0.0,0.0,0.0,0.0,0.3333333333333333,0.0,0.0,0.0,0.0106864,0.0,0.0,0.0,0.5,normal,0,12.354105108924266
1.0,1.0,1.0,0.0,1.0,0.0,1.0,0.0,0.0,0.0,0.0,1.0,1.0,1.0,1.0,1.0,1.6666666666666667,0.8722222222222222,0.0,0.9,compromised,1,100.0
0.0,0.0,0.0,0.0,0.0,0.0,0.0,0.0,0.0,0.0,0.0,0.3333333333333333,0.0,0.0,0.0,0.22688448983876675,0.0,0.0,0.0,0.6,normal,0,14.931997159985745
0.0,0.0,0.0,0.0,0.0,0.0,0.0,0.0,0.0,0.0,1.0,0.3333333333333333,0.0,0.0,0.0,0.026954933333333334,0.0,0.0,0.0,0.5,normal,0,21.84715795606824
1.0,1.0,0.0,0.0,0.0,0.0,0.0,0.0,0.0,0.0,1.0,0.0,0.0,0.0,0.0,0.0,0.6666666666666666,0.7333333333333334,0.0,0.4,compromised,1,74.48088560602334
0.0,0.0,0.0,0.0,0.0,0.0,0.0,0.0,0.0,0.0,0.0,0.0,0.0,0.0,0.0,0.0,0.0,0.0,0.0,0.5,normal,0,0.6800025616679135
0.0,0.0,0.0,0.0,0.0,0.0,0.0,0.0,0.0,0.0,0.0,0.3333333333333333,0.0,0.0,0.0,0.12697613333333332,0.0,0.0,0.0,0.5,normal,0,13.027702114204738
0.0,0.0,0.0,0.0,0.0,0.0,0.0,0.0,0.3333333333333333,1.0,0.0,0.3333333333333333,0.0,1.0,0.0,1.0,0.0,0.0,0.0,0.7,medium,0,49.826803988935715
1.0,1.0,0.0,0.0,0.0,0.0,0.0,0.0,0.0,0.0,0.0,0.0,0.0,0.0,0.0,0.0,0.6666666666666666,0.9,0.0,0.4,compromised,1,74.69569494454217
1.0,1.0,1.0,0.0,0.0,0.0,0.0,0.0,0.0,0.0,0.0,0.0,0.0,0.0,0.0,0.0,1.0,0.9777777777777777,0.0,0.6,compromised,1,86.94505143855554
1.0,0.0,0.0,0.0,0.0,0.0,0.0,0.0,0.3333333333333333,1.0,0.0,0.3333333333333333,0.0,1.0,0.0,1.0,0.3333333333333333,0.0,0.0,0.6,medium,0,75.4203578864457
0.0,0.0,0.0,0.0,0.0,0.0,0.0,0.0,0.0,0.0,0.0,0.0,0.0,0.0,0.0,0.0,0.0,0.0,0.0,0.4,normal,0,6.076726360341699
0.0,0.0,0.0,0.0,0.0,0.0,0.0,0.0,0.0,0.0,0.0,0.0,0.0,0.0,0.0,0.0,0.0,0.0,0.0,0.4,normal,0,6.104648172750186
0.0,0.0,0.0,0.0,0.0,0.0,0.0,0.0,0.0,0.0,1.0,0.3333333333333333,0.0,0.0,0.0,0.12950253333333334,0.0,0.0,0.0,0.7,normal,0,22.653921083806708
1.0,1.0,1.0,0.0,1.0,0.0,0.0,0.0,0.0,0.0,0.0,0.0,0.0,0.0,0.0,0.0,1.3333333333333333,0.8722222222222222,0.0,0.7,compromised,1,93.94405935125653
0.0,0.0,0.0,0.0,0.0,0.0,0.0,0.0,0.0,0.0,0.0,0.3333333333333333,0.0,0.0,0.0,0.5400077707917069,0.0,0.0,1.0,0.6,normal,0,25.22899096384188
0.0,0.0,0.0,0.0,0.0,0.0,0.0,0.0,0.0,0.0,0.0,0.0,0.0,0.0,0.0,0.0,0.0,0.0,0.0,0.4,normal,0,1.7142598806212488
0.0,0.0,0.0,0.0,0.0,0.0,0.0,0.0,0.0,0.0,0.0,0.0,0.0,0.0,0.0,0.0,0.0,0.0,1.0,0.5,innocent_security_change,0,13.842061161661745
0.0,0.0,0.0,0.0,0.0,0.0,0.0,0.0,0.0,0.0,0.0,0.3333333333333333,0.0,0.0,0.0,0.018044133333333334,0.0,0.0,0.0,0.6,normal,0,6.649246130094697
0.0,0.0,0.0,0.0,0.0,0.0,0.0,0.0,0.3333333333333333,1.0,0.0,0.3333333333333333,0.0,1.0,0.0,0.4840076,0.0,0.0,0.0,0.6,medium,0,47.02237080155928
1.0,1.0,1.0,0.0,1.0,0.0,0.0,0.0,0.0,0.0,0.0,0.0,0.0,0.0,0.0,0.0,1.3333333333333333,0.9111111111111111,0.0,0.6,compromised,1,88.87619012985934
1.0,0.0,0.0,0.0,0.0,0.0,0.0,0.0,0.3333333333333333,1.0,1.0,0.3333333333333333,0.0,1.0,0.0,0.5562888,0.3333333333333333,0.0,1.0,0.8,medium,0,78.86331670616298
1.0,1.0,1.0,0.0,1.0,0.0,1.0,0.0,0.0,0.0,1.0,1.0,1.0,1.0,1.0,1.0,1.6666666666666667,0.9055555555555556,0.0,1.0,compromised,1,95.91698520540218
0.0,0.0,0.0,0.0,0.0,0.0,0.0,0.0,0.0,0.0,0.0,0.0,0.0,0.0,0.0,0.0,0.0,0.0,0.0,0.5,normal,0,4.954514561213622
0.0,0.0,0.0,0.0,0.0,0.0,0.0,0.0,0.3333333333333333,1.0,0.0,0.3333333333333333,0.0,1.0,0.0,1.0,0.0,0.0,0.0,0.8,medium,0,49.06892797800421
1.0,1.0,1.0,0.0,1.0,0.0,1.0,0.0,0.0,0.0,1.0,1.0,1.0,1.0,1.0,1.0,1.6666666666666667,0.8388888888888889,0.0,1.0,compromised,1,94.00439871191007
0.0,0.0,0.0,0.0,0.0,0.0,0.0,0.0,0.0,0.0,0.0,0.3333333333333333,0.0,0.0,0.0,0.1533370666666667,0.0,0.0,0.0,0.7,normal,0,13.576887035497258
1.0,0.0,0.0,0.0,0.0,0.0,0.0,0.0,0.3333333333333333,1.0,0.0,0.3333333333333333,1.0,1.0,0.0,1.0,0.3333333333333333,0.0,0.0,0.8,medium,0,76.92130744193858
0.0,0.0,0.0,0.0,0.0,0.0,0.0,0.0,0.0,0.0,0.0,0.0,0.0,0.0,0.0,0.0,0.0,0.0,0.0,0.5,normal,0,5.773908905560978
0.0,0.0,0.0,0.0,0.0,0.0,0.0,0.0,0.0,0.0,0.0,0.3333333333333333,1.0,0.0,0.0,0.18320306666666666,0.0,0.0,0.0,0.6,normal,0,24.14817204643454
0.0,0.0,0.0,0.0,0.0,0.0,0.0,0.0,0.0,0.0,0.0,0.0,0.0,0.0,0.0,0.0,0.0,0.0,0.0,0.5,normal,0,4.55959456699765
0.0,0.0,0.0,0.0,0.0,0.0,0.0,0.0,0.3333333333333333,1.0,0.0,0.3333333333333333,0.0,1.0,0.0,0.5982166666666666,0.0,0.0,0.0,0.5,medium,0,42.51069328911126
0.0,0.0,0.0,0.0,0.0,1.0,0.0,0.0,0.0,0.0,1.0,0.3333333333333333,0.0,0.0,0.0,0.10531253333333333,0.3333333333333333,0.0,0.0,0.8,innocent_security_change,0,36.621135599541134
0.0,0.0,0.0,0.0,0.0,0.0,0.0,0.0,0.0,0.0,0.0,0.3333333333333333,0.0,0.0,0.0,0.1707456,0.0,0.0,1.0,0.6,innocent_security_change,0,18.600499495703758
1.0,0.0,0.0,0.0,0.0,0.0,0.0,0.0,0.3333333333333333,1.0,0.0,0.3333333333333333,0.0,1.0,0.0,1.0,0.3333333333333333,0.0,0.0,0.6,medium,0,76.75415038090658
1.0,0.0,0.0,0.0,0.0,0.0,0.0,0.0,0.3333333333333333,1.0,0.0,0.3333333333333333,0.0,1.0,0.0,0.5935162666666667,0.3333333333333333,0.0,0.0,0.9,medium,0,77.84081957978374
1.0,0.0,0.0,0.0,0.0,0.0,0.0,0.0,0.3333333333333333,1.0,0.0,0.3333333333333333,0.0,1.0,0.0,1.0,0.3333333333333333,0.0,0.0,0.7,medium,0,72.78343215112005
0.0,0.0,0.0,0.0,0.0,0.0,0.0,0.0,0.0,0.0,0.0,0.3333333333333333,0.0,0.0,0.0,0.0467852,0.0,0.0,0.0,0.6,normal,0,13.202500286077655
0.0,0.0,0.0,0.0,0.0,0.0,0.0,0.0,0.0,0.0,0.0,0.3333333333333333,0.0,0.0,0.0,0.0,0.0,0.0,0.0,0.5,normal,0,3.817455630973271
1.0,0.0,0.0,0.0,0.0,0.0,0.0,0.0,0.0,0.0,0.0,0.0,0.0,0.0,0.0,0.0,0.3333333333333333,0.0,0.0,0.3,compromised,1,48.867417488877464
0.0,0.0,0.0,0.0,0.0,0.0,0.0,0.0,0.0,0.0,1.0,0.3333333333333333,0.0,0.0,0.0,0.06515426666666667,0.0,0.0,0.0,0.5,normal,0,16.992257074953454
0.0,0.0,0.0,0.0,0.0,0.0,0.0,0.0,0.3333333333333333,1.0,1.0,0.3333333333333333,0.0,1.0,0.0,0.4118401333333333,0.0,0.0,0.0,0.8,medium,0,46.95543141267399
0.0,0.0,0.0,0.0,0.0,0.0,0.0,0.0,0.0,0.0,0.0,0.3333333333333333,0.0,0.0,0.0,0.16715213333333334,0.0,0.0,1.0,0.6,normal,0,15.74616707280276
0.0,0.0,0.0,0.0,0.0,0.0,0.0,0.0,0.3333333333333333,1.0,0.0,0.3333333333333333,0.0,1.0,0.0,0.6843888,0.0,0.0,0.0,0.4,medium,0,46.226230629863466
0.0,0.0,0.0,0.0,0.0,0.0,0.0,0.0,0.0,0.0,0.0,0.0,0.0,0.0,0.0,0.0,0.0,0.0,0.0,0.4,normal,0,2.332014966388143
0.0,0.0,0.0,0.0,0.0,0.0,0.0,0.0,0.0,0.0,0.0,0.3333333333333333,1.0,0.0,0.0,0.19440986666666665,0.0,0.0,0.0,0.6,normal,0,25.216920543850524
0.0,0.0,0.0,0.0,0.0,0.0,0.0,0.0,0.3333333333333333,1.0,0.0,0.3333333333333333,0.0,1.0,0.0,0.6099902666666667,0.0,0.0,0.0,0.7,medium,0,47.51929479184283
0.0,0.0,0.0,1.0,0.0,0.0,0.0,0.0,0.0,0.0,0.0,0.3333333333333333,0.0,0.0,0.0,0.04869266666666666,0.3333333333333333,0.0,0.0,0.6,innocent_security_change,0,30.03216565897314
1.0,0.0,0.0,0.0,0.0,0.0,0.0,0.0,0.3333333333333333,1.0,1.0,0.3333333333333333,0.0,1.0,0.0,0.6425772,0.3333333333333333,0.0,0.0,0.6,medium,0,77.66587529647815
0.0,0.0,0.0,0.0,0.0,0.0,0.0,0.0,0.0,0.0,0.0,0.0,0.0,0.0,0.0,0.0,0.0,0.0,0.0,0.4,normal,0,2.6933534951021225
0.0,0.0,0.0,0.0,0.0,0.0,0.0,0.0,0.0,0.0,1.0,0.3333333333333333,0.0,0.0,0.0,0.0,0.0,0.0,0.0,0.7,normal,0,16.82925950023441
0.0,0.0,0.0,0.0,0.0,0.0,0.0,0.0,0.0,0.0,1.0,0.0,0.0,0.0,0.0,0.0,0.0,0.0,0.0,0.5,normal,0,16.181616401292356
1.0,0.0,0.0,0.0,0.0,0.0,0.0,0.0,0.3333333333333333,1.0,0.0,0.3333333333333333,0.0,1.0,0.0,0.42327706666666665,0.3333333333333333,0.0,0.0,0.5,medium,0,70.71652089889379
1.0,0.0,0.0,0.0,0.0,0.0,0.0,0.0,0.3333333333333333,0.0,1.0,0.3333333333333333,0.0,1.0,0.0,0.7732062666666667,0.3333333333333333,0.0,0.0,0.7,medium,0,69.64702508910585
0.0,0.0,0.0,0.0,0.0,0.0,0.0,0.0,0.0,0.0,0.0,0.3333333333333333,0.0,0.0,0.0,0.07785080000000001,0.0,0.0,0.0,0.5,normal,0,9.818782657582048
1.0,1.0,1.0,0.0,1.0,0.0,1.0,0.0,0.0,0.0,0.0,1.0,1.0,1.0,1.0,1.0,1.6666666666666667,0.8333333333333334,0.0,1.0,compromised,1,95.47410621273958
1.0,1.0,0.0,0.0,0.0,0.0,0.0,0.0,0.0,0.0,0.0,0.0,0.0,0.0,0.0,0.0,0.6666666666666666,0.8,0.0,0.4,compromised,1,72.6286420451874
0.0,0.0,0.0,0.0,0.0,0.0,0.0,0.0,0.0,0.0,1.0,0.3333333333333333,0.0,0.0,0.0,0.0,0.0,0.0,0.0,0.5,normal,0,19.481759347829758
0.0,0.0,0.0,0.0,0.0,0.0,0.0,0.0,0.0,0.0,0.0,0.3333333333333333,1.0,0.0,0.0,0.16872,0.0,0.0,0.0,0.6,normal,0,24.85574517915309
0.0,0.0,0.0,0.0,0.0,0.0,0.0,0.0,0.0,0.0,0.0,0.3333333333333333,0.0,0.0,0.0,0.7620334797254754,0.0,0.0,1.0,0.6,normal,0,24.11622890050244
0.0,0.0,0.0,0.0,0.0,0.0,0.0,0.0,0.0,0.0,1.0,0.3333333333333333,0.0,0.0,0.0,0.16954866666666665,0.0,0.0,1.0,0.6,normal,0,26.809529477850862
0.0,0.0,0.0,0.0,0.0,0.0,0.0,0.0,0.0,0.0,0.0,0.3333333333333333,0.0,0.0,0.0,0.08426226666666667,0.0,0.0,0.0,0.6,normal,0,13.682711911044551
0.0,0.0,0.0,0.0,0.0,0.0,0.0,0.0,0.0,0.0,0.0,0.0,0.0,0.0,0.0,0.0,0.0,0.0,0.0,0.4,normal,0,4.108184505042649
0.0,0.0,0.0,0.0,0.0,0.0,0.0,0.0,0.0,0.0,0.0,0.0,0.0,0.0,0.0,0.0,0.0,0.0,0.0,0.4,normal,0,8.05484680907915
0.0,0.0,0.0,0.0,0.0,0.0,0.0,0.0,0.0,0.0,0.0,0.3333333333333333,0.0,0.0,0.0,0.057090266666666674,0.0,0.0,0.0,0.5,normal,0,12.942509904437664
0.0,0.0,0.0,0.0,0.0,0.0,0.0,0.0,0.0,0.0,0.0,0.3333333333333333,0.0,0.0,0.0,0.1479204,0.0,0.0,0.0,0.6,normal,0,14.677920807063018
1.0,1.0,1.0,0.0,1.0,0.0,1.0,0.0,0.0,0.0,0.0,1.0,1.0,1.0,1.0,1.0,1.6666666666666667,0.8944444444444445,0.0,1.0,compromised,1,94.3260006002832
1.0,1.0,0.0,0.0,0.0,0.0,0.0,0.0,0.0,0.0,1.0,0.0,0.0,0.0,0.0,0.0,0.6666666666666666,0.8333333333333334,0.0,0.4,compromised,1,78.53068199358422
0.0,0.0,0.0,0.0,0.0,0.0,0.0,0.0,0.0,0.0,0.0,0.3333333333333333,0.0,0.0,0.0,0.0,0.0,0.0,0.0,0.7,normal,0,10.419449135150613
0.0,0.0,0.0,0.0,0.0,0.0,0.0,0.0,0.3333333333333333,1.0,0.0,0.3333333333333333,0.0,1.0,0.0,0.7873714666666667,0.0,0.0,0.0,0.4,medium,0,44.63112007415055
1.0,1.0,1.0,0.0,1.0,0.0,1.0,0.0,0.0,0.0,0.0,1.0,1.0,1.0,1.0,1.0,1.6666666666666667,0.8944444444444445,0.0,1.0,compromised,1,98.21571032775401
0.0,0.0,0.0,0.0,0.0,0.0,0.0,0.0,0.0,0.0,1.0,0.3333333333333333,0.0,0.0,0.0,0.17772733333333332,0.0,0.0,1.0,0.7,normal,0,30.998297674659987
0.0,0.0,0.0,0.0,0.0,0.0,0.0,0.0,0.0,0.0,0.0,0.3333333333333333,0.0,0.0,0.0,0.5406822251399638,0.0,0.0,1.0,0.6,normal,0,25.203374490531605
1.0,1.0,1.0,0.0,0.0,0.0,0.0,0.0,0.0,0.0,1.0,0.0,0.0,0.0,0.0,0.0,1.0,0.7,0.0,0.5,compromised,1,84.07199723931215
1.0,1.0,1.0,0.0,1.0,0.0,1.0,0.0,0.0,0.0,1.0,1.0,1.0,1.0,1.0,1.0,1.6666666666666667,0.8833333333333333,0.0,1.0,compromised,1,99.87323993581761
0.0,0.0,0.0,0.0,0.0,0.0,0.0,0.0,0.0,0.0,0.0,0.3333333333333333,0.0,0.0,0.0,0.09045613333333333,0.0,0.0,0.0,0.7,normal,0,10.12742619377489
0.0,0.0,0.0,0.0,0.0,0.0,0.0,0.0,0.3333333333333333,1.0,0.0,0.3333333333333333,0.0,1.0,0.0,0.44034613333333333,0.0,0.0,0.0,0.5,medium,0,44.16653120765156
0.0,0.0,0.0,0.0,0.0,0.0,0.0,0.0,0.0,0.0,0.0,0.3333333333333333,1.0,0.0,0.0,0.1814012,0.0,0.0,0.0,0.7,normal,0,23.916415810837012
0.0,0.0,0.0,0.0,0.0,0.0,0.0,0.0,0.0,0.0,0.0,0.0,0.0,0.0,0.0,0.0,0.0,0.0,0.0,0.4,normal,0,2.320018581368732
0.0,0.0,0.0,0.0,0.0,0.0,0.0,0.0,0.3333333333333333,1.0,1.0,0.3333333333333333,0.0,1.0,0.0,0.6720613333333333,0.0,0.0,0.0,0.6,medium,0,53.396326464703655
1.0,1.0,1.0,0.0,1.0,0.0,1.0,0.0,0.0,0.0,0.0,1.0,1.0,1.0,1.0,1.0,1.6666666666666667,0.9333333333333333,0.0,1.0,compromised,1,95.21998499712365
1.0,1.0,1.0,0.0,1.0,0.0,1.0,0.0,0.0,0.0,1.0,1.0,1.0,1.0,1.0,1.0,1.6666666666666667,0.8833333333333333,0.0,1.0,compromised,1,100.0
0.0,0.0,0.0,0.0,0.0,0.0,0.0,0.0,0.3333333333333333,1.0,1.0,0.3333333333333333,0.0,1.0,0.0,0.49541986666666665,0.0,0.0,0.0,0.7,medium,0,46.02596820185286
1.0,0.0,0.0,0.0,0.0,0.0,0.0,0.0,0.3333333333333333,1.0,1.0,0.3333333333333333,0.0,1.0,0.0,0.7110565333333333,0.3333333333333333,0.0,0.0,0.6,medium,0,74.76495388149173
0.0,0.0,0.0,0.0,0.0,0.0,0.0,0.0,0.0,0.0,0.0,0.0,0.0,0.0,0.0,0.0,0.0,0.0,0.0,0.5,normal,0,4.496571828381907
0.0,0.0,0.0,0.0,0.0,0.0,0.0,0.0,0.0,0.0,0.0,0.3333333333333333,0.0,0.0,0.0,0.12601333333333334,0.0,0.0,0.0,0.6,normal,0,12.996532406131813
0.0,0.0,0.0,0.0,0.0,0.0,0.0,0.0,0.0,0.0,1.0,0.3333333333333333,0.0,0.0,0.0,0.19153373333333334,0.0,0.0,1.0,0.6,normal,0,28.007387540747168
0.0,1.0,0.0,0.0,0.0,0.0,0.0,0.0,0.0,0.0,0.0,0.3333333333333333,0.0,0.0,0.0,0.0157864,0.3333333333333333,0.0,0.0,0.6,innocent_security_change,0,37.36723246672995
0.0,0.0,0.0,0.0,0.0,0.0,0.0,0.0,0.0,0.0,0.0,0.3333333333333333,0.0,0.0,0.0,0.0,0.0,0.0,0.0,0.7,normal,0,11.578591352711932
0.0,0.0,0.0,0.0,0.0,0.0,0.0,0.0,0.0,0.0,1.0,0.3333333333333333,0.0,0.0,0.0,0.0,0.0,0.0,0.0,0.5,normal,0,18.04395085027689
0.0,0.0,0.0,0.0,0.0,0.0,0.0,0.0,0.0,0.0,0.0,0.3333333333333333,0.0,0.0,0.0,0.10566773333333333,0.0,0.0,0.0,0.5,normal,0,14.108879432993104
0.0,0.0,0.0,0.0,0.0,0.0,0.0,0.0,0.0,0.0,0.0,0.0,0.0,0.0,0.0,0.0,0.0,0.0,1.0,0.4,innocent_security_change,0,13.406329113863258
0.0,0.0,0.0,0.0,0.0,0.0,0.0,0.0,0.0,0.0,0.0,0.0,0.0,0.0,0.0,0.0,0.0,0.0,0.0,0.4,normal,0,5.049245088221882
0.0,0.0,0.0,0.0,0.0,0.0,0.0,0.0,0.0,0.0,0.0,0.3333333333333333,1.0,0.0,0.0,0.17461186666666667,0.0,0.0,0.0,0.5,normal,0,21.080238919673192
1.0,1.0,1.0,0.0,1.0,0.0,1.0,0.0,0.0,0.0,0.0,1.0,1.0,1.0,1.0,1.0,1.6666666666666667,0.9277777777777778,0.0,1.0,compromised,1,97.61847291380757
0.0,0.0,0.0,0.0,0.0,0.0,0.0,0.0,0.0,0.0,0.0,0.3333333333333333,0.0,0.0,0.0,0.6557392643678782,0.0,0.0,1.0,0.7,normal,0,25.004187673767273
0.0,0.0,0.0,0.0,0.0,1.0,0.0,0.0,0.0,0.0,0.0,0.3333333333333333,0.0,0.0,0.0,0.018955200000000002,0.3333333333333333,0.0,0.0,0.7,innocent_security_change,0,27.0619850147114
0.0,0.0,0.0,0.0,0.0,0.0,0.0,0.0,0.3333333333333333,1.0,0.0,0.3333333333333333,0.0,1.0,0.0,1.0,0.0,0.0,0.0,0.7,medium,0,49.68301256820163
0.0,0.0,0.0,0.0,0.0,0.0,0.0,0.0,0.0,0.0,1.0,0.3333333333333333,0.0,0.0,0.0,0.021452266666666667,0.0,0.0,0.0,0.6,normal,0,18.118900359898223
0.0,0.0,0.0,0.0,0.0,0.0,0.0,0.0,0.0,0.0,0.0,0.0,0.0,0.0,0.0,0.0,0.0,0.0,0.0,0.5,normal,0,5.209551678153148
0.0,0.0,0.0,0.0,0.0,0.0,0.0,0.0,0.3333333333333333,1.0,0.0,0.3333333333333333,0.0,1.0,0.0,1.0,0.0,0.0,0.0,0.5,medium,0,45.35669846426433
0.0,0.0,0.0,0.0,0.0,0.0,0.0,0.0,0.0,0.0,0.0,0.0,0.0,0.0,0.0,0.0,0.0,0.0,0.0,0.5,normal,0,7.8686436356321074
0.0,0.0,0.0,0.0,0.0,0.0,0.0,0.0,0.0,0.0,0.0,0.3333333333333333,0.0,0.0,0.0,0.024028400000000002,0.0,0.0,0.0,0.5,normal,0,7.317467920050381
0.0,0.0,0.0,0.0,0.0,0.0,0.0,0.0,0.0,0.0,0.0,0.3333333333333333,0.0,0.0,0.0,0.14491146666666668,0.0,0.0,0.0,0.6,normal,0,12.326841175109283
0.0,0.0,0.0,0.0,0.0,0.0,0.0,0.0,0.0,0.0,0.0,0.3333333333333333,0.0,0.0,0.0,0.1050792,0.0,0.0,0.0,0.6,normal,0,13.245614196761146
0.0,0.0,0.0,0.0,0.0,0.0,0.0,0.0,0.3333333333333333,1.0,0.0,0.3333333333333333,0.0,1.0,0.0,1.0,0.0,0.0,0.0,0.6,medium,0,46.98215306701695
0.0,0.0,0.0,0.0,0.0,0.0,0.0,0.0,0.0,0.0,1.0,0.3333333333333333,1.0,0.0,0.0,0.18077533333333332,0.0,0.0,0.0,0.5,normal,0,33.59508348001581
1.0,1.0,1.0,0.0,1.0,0.0,1.0,0.0,0.0,0.0,0.0,1.0,1.0,1.0,1.0,1.0,1.6666666666666667,0.9277777777777778,0.0,1.0,compromised,1,94.74398498032079
0.0,0.0,0.0,0.0,0.0,0.0,0.0,0.0,0.0,0.0,0.0,0.3333333333333333,0.0,0.0,0.0,0.18923959999999998,0.0,0.0,1.0,0.7,normal,0,24.17296142291596
0.0,0.0,0.0,0.0,0.0,0.0,0.0,0.0,0.0,0.0,0.0,0.3333333333333333,0.0,0.0,0.0,0.12028506666666666,0.0,0.0,0.0,0.6,normal,0,11.497380806756428
0.0,0.0,0.0,0.0,0.0,0.0,0.0,0.0,0.0,0.0,0.0,0.3333333333333333,0.0,0.0,0.0,0.1519384,0.0,0.0,0.0,0.6,normal,0,10.37768180045654
0.0,0.0,0.0,0.0,0.0,0.0,0.0,0.0,0.0,0.0,0.0,0.3333333333333333,0.0,0.0,0.0,0.06931106666666667,0.0,0.0,0.0,0.8,normal,0,11.343176643348908
0.0,0.0,0.0,0.0,0.0,0.0,0.0,0.0,0.0,0.0,0.0,0.3333333333333333,1.0,0.0,0.0,0.16614879999999999,0.0,0.0,0.0,0.5,normal,0,25.423694683273457
0.0,0.0,0.0,0.0,0.0,0.0,0.0,0.0,0.0,0.0,0.0,0.3333333333333333,0.0,0.0,0.0,0.20731045736553888,0.0,0.0,0.0,0.5,normal,0,10.476410115315465
0.0,0.0,0.0,1.0,0.0,0.0,0.0,0.0,0.0,0.0,1.0,0.3333333333333333,0.0,0.0,0.0,0.0,0.3333333333333333,0.0,0.0,0.4,innocent_security_change,0,33.40994536612978
0.0,0.0,0.0,0.0,0.0,0.0,0.0,0.0,0.0,0.0,1.0,0.3333333333333333,0.0,0.0,0.0,0.12485173333333333,0.0,0.0,0.0,0.6,normal,0,20.111380060817933
0.0,0.0,0.0,0.0,0.0,0.0,0.0,0.0,0.0,0.0,0.0,0.0,0.0,0.0,0.0,0.0,0.0,0.0,0.0,0.5,normal,0,0.628636821602635
0.0,0.0,0.0,1.0,0.0,0.0,0.0,0.0,0.0,0.0,0.0,0.3333333333333333,0.0,0.0,0.0,0.034258,0.3333333333333333,0.0,0.0,0.6,innocent_security_change,0,33.77102932228166
1.0,0.0,0.0,0.0,0.0,0.0,0.0,0.0,0.3333333333333333,1.0,1.0,0.3333333333333333,0.0,1.0,0.0,0.5608338666666667,0.3333333333333333,0.0,0.0,0.7,medium,0,74.49451091771417
0.0,0.0,0.0,0.0,0.0,0.0,0.0,0.0,0.0,0.0,0.0,0.3333333333333333,0.0,0.0,0.0,0.04865626666666666,0.0,0.0,0.0,0.6,normal,0,12.613773637118129
1.0,1.0,1.0,0.0,1.0,0.0,1.0,0.0,0.0,0.0,0.0,1.0,1.0,1.0,1.0,1.0,1.6666666666666667,0.8555555555555556,0.0,1.0,compromised,1,98.29426773709365
0.0,0.0,0.0,0.0,0.0,0.0,0.0,0.0,0.0,0.0,0.0,0.0,0.0,0.0,0.0,0.0,0.0,0.0,0.0,0.5,normal,0,1.109706977322635
0.0,0.0,0.0,0.0,0.0,0.0,0.0,0.0,0.0,0.0,1.0,0.0,0.0,0.0,0.0,0.0,0.0,0.0,0.0,0.5,normal,0,13.522194176208542
0.0,0.0,0.0,1.0,0.0,0.0,0.0,0.0,0.0,0.0,0.0,0.3333333333333333,0.0,0.0,0.0,0.0,0.3333333333333333,0.0,0.0,0.4,innocent_security_change,0,29.783862649438554
0.0,0.0,0.0,0.0,0.0,0.0,0.0,0.0,0.0,0.0,0.0,0.0,0.0,0.0,0.0,0.0,0.0,0.0,0.0,0.5,normal,0,3.100388765811789
0.0,0.0,0.0,0.0,0.0,0.0,0.0,0.0,0.0,0.0,1.0,0.3333333333333333,0.0,0.0,0.0,0.0,0.0,0.0,0.0,0.7,normal,0,22.779525335626342
0.0,0.0,0.0,0.0,0.0,0.0,0.0,0.0,0.0,0.0,0.0,0.0,0.0,0.0,0.0,0.0,0.0,0.0,0.0,0.5,normal,0,6.124830585482215
0.0,0.0,0.0,0.0,0.0,0.0,0.0,0.0,0.3333333333333333,1.0,1.0,0.3333333333333333,0.0,1.0,0.0,1.0,0.0,0.0,0.0,0.8,medium,0,56.7060449605329
0.0,0.0,0.0,0.0,0.0,0.0,0.0,0.0,0.0,0.0,0.0,0.0,0.0,0.0,0.0,0.0,0.0,0.0,0.0,0.4,normal,0,1.7180422800253037
0.0,0.0,0.0,0.0,0.0,0.0,0.0,0.0,0.0,0.0,0.0,0.0,0.0,0.0,0.0,0.0,0.0,0.0,0.0,0.5,normal,0,0.8714359840738379
1.0,0.0,0.0,0.0,0.0,0.0,0.0,0.0,0.3333333333333333,1.0,0.0,0.3333333333333333,0.0,1.0,0.0,0.6993,0.3333333333333333,0.0,0.0,0.5,medium,0,71.7497807284599
1.0,1.0,0.0,0.0,0.0,0.0,0.0,0.0,0.0,0.0,1.0,0.0,0.0,0.0,0.0,0.0,0.6666666666666666,0.9777777777777777,0.0,0.4,compromised,1,78.07366845834294
0.0,0.0,0.0,0.0,0.0,0.0,0.0,0.0,0.0,0.0,0.0,0.3333333333333333,0.0,0.0,0.0,0.0,0.0,0.0,0.0,0.4,normal,0,9.94364917568742
0.0,0.0,0.0,0.0,0.0,0.0,0.0,0.0,0.0,0.0,0.0,0.3333333333333333,0.0,0.0,0.0,0.0,0.0,0.0,0.0,0.5,normal,0,3.812720663386407
0.0,0.0,0.0,1.0,0.0,0.0,0.0,0.0,0.0,0.0,0.0,0.3333333333333333,0.0,0.0,0.0,0.31322108293912093,0.3333333333333333,0.0,0.0,0.7,innocent_security_change,0,32.506416740016085
0.0,0.0,0.0,0.0,0.0,0.0,0.0,0.0,0.0,0.0,1.0,0.3333333333333333,1.0,0.0,0.0,0.1874916,0.0,0.0,0.0,0.6,normal,0,32.422207141187066
0.0,0.0,0.0,0.0,0.0,0.0,0.0,0.0,0.3333333333333333,1.0,0.0,0.3333333333333333,0.0,1.0,0.0,0.5414812,0.0,0.0,0.0,0.6,medium,0,44.156751404626995
0.0,0.0,0.0,0.0,0.0,0.0,0.0,0.0,0.0,0.0,0.0,0.0,0.0,0.0,0.0,0.0,0.0,0.0,0.0,0.4,normal,0,6.0953688082474935
0.0,0.0,0.0,1.0,0.0,0.0,0.0,0.0,0.0,0.0,0.0,0.3333333333333333,0.0,0.0,0.0,0.14639066666666667,0.3333333333333333,0.0,0.0,0.4,innocent_security_change,0,30.398919280974248
0.0,0.0,0.0,0.0,0.0,0.0,0.0,0.0,0.0,0.0,0.0,0.3333333333333333,0.0,0.0,0.0,0.0688792,0.0,0.0,0.0,0.6,normal,0,14.072988430038727
0.0,0.0,0.0,0.0,0.0,0.0,0.0,0.0,0.0,0.0,0.0,0.3333333333333333,0.0,0.0,0.0,0.0983628,0.0,0.0,0.0,0.6,normal,0,10.639335241927892
0.0,0.0,0.0,0.0,0.0,0.0,0.0,0.0,0.0,0.0,0.0,0.3333333333333333,0.0,0.0,0.0,0.08727866666666666,0.0,0.0,1.0,0.6,innocent_security_change,0,21.11052935613424
0.0,0.0,0.0,0.0,0.0,0.0,0.0,0.0,0.0,0.0,0.0,0.3333333333333333,0.0,0.0,0.0,0.0,0.0,0.0,0.0,0.5,normal,0,13.329315161606324
0.0,1.0,0.0,0.0,0.0,0.0,0.0,0.0,0.0,0.0,1.0,0.0,0.0,0.0,0.0,0.0,0.3333333333333333,0.0,0.0,0.5,innocent_security_change,0,43.17506041340234
0.0,0.0,0.0,0.0,0.0,0.0,0.0,0.0,0.0,0.0,0.0,0.3333333333333333,0.0,0.0,0.0,0.08323693333333333,0.0,0.0,0.0,0.6,normal,0,8.253250554204204
0.0,0.0,0.0,0.0,0.0,0.0,0.0,0.0,0.0,0.0,0.0,0.3333333333333333,0.0,0.0,0.0,0.13596413333333332,0.0,0.0,0.0,0.7,normal,0,11.669621701788149
0.0,0.0,0.0,0.0,0.0,0.0,0.0,0.0,0.0,0.0,0.0,0.0,0.0,0.0,0.0,0.0,0.0,0.0,0.0,0.4,normal,0,2.004272447083305
0.0,0.0,0.0,0.0,0.0,0.0,0.0,0.0,0.3333333333333333,0.0,1.0,0.3333333333333333,0.0,1.0,0.0,0.62796,0.0,0.0,0.0,0.3,medium,0,41.362904955493846
1.0,1.0,1.0,0.0,1.0,0.0,1.0,0.0,0.0,0.0,1.0,0.0,0.0,0.0,0.0,0.0,1.6666666666666667,0.8333333333333334,0.0,0.7,compromised,1,96.7941787926162
0.0,0.0,0.0,0.0,0.0,0.0,0.0,0.0,0.0,0.0,0.0,0.3333333333333333,0.0,0.0,0.0,0.0688348,0.0,0.0,0.0,0.6,normal,0,8.6997008870042
1.0,1.0,1.0,0.0,1.0,0.0,1.0,0.0,0.0,0.0,1.0,1.0,1.0,1.0,1.0,1.0,1.6666666666666667,0.8944444444444445,0.0,1.0,compromised,1,98.193087986647
0.0,0.0,0.0,0.0,0.0,0.0,0.0,0.0,0.0,0.0,0.0,0.3333333333333333,0.0,0.0,0.0,0.12512,0.0,0.0,0.0,0.7,normal,0,7.115558719833395
1.0,0.0,0.0,0.0,0.0,0.0,0.0,0.0,0.3333333333333333,1.0,0.0,0.3333333333333333,0.0,1.0,0.0,0.6139906666666667,0.3333333333333333,0.0,0.0,0.5,medium,0,76.55503484462463
0.0,0.0,0.0,0.0,0.0,0.0,0.0,0.0,0.0,0.0,0.0,0.0,0.0,0.0,0.0,0.0,0.0,0.0,0.0,0.5,normal,0,2.2901065018358215
0.0,0.0,0.0,0.0,0.0,0.0,0.0,0.0,0.0,0.0,1.0,0.0,0.0,0.0,0.0,0.0,0.0,0.0,0.0,0.4,normal,0,13.045627393317861
0.0,0.0,0.0,0.0,0.0,0.0,0.0,0.0,0.0,0.0,1.0,0.0,0.0,0.0,0.0,0.0,0.0,0.0,0.0,0.6,normal,0,13.38949680434121
0.0,0.0,0.0,0.0,0.0,0.0,0.0,0.0,0.0,0.0,1.0,0.3333333333333333,0.0,0.0,0.0,0.0,0.0,0.0,1.0,0.6,innocent_security_change,0,29.09686766061979
0.0,0.0,0.0,0.0,0.0,0.0,0.0,0.0,0.3333333333333333,1.0,1.0,0.3333333333333333,0.0,1.0,0.0,1.0,0.0,0.0,0.0,0.7,medium,0,46.982210402943664
0.0,0.0,0.0,0.0,0.0,0.0,0.0,0.0,0.0,0.0,0.0,0.3333333333333333,0.0,0.0,0.0,0.24273455436229133,0.0,0.0,0.0,0.5,normal,0,12.348605728240015
0.0,0.0,0.0,0.0,0.0,0.0,0.0,0.0,0.0,0.0,0.0,0.3333333333333333,0.0,0.0,0.0,0.11852173333333332,0.0,0.0,0.0,0.6,normal,0,11.174749184581524
1.0,0.0,0.0,0.0,0.0,0.0,0.0,0.0,0.3333333333333333,1.0,1.0,0.3333333333333333,0.0,1.0,0.0,0.6656892,0.3333333333333333,0.0,0.0,0.7,medium,0,75.14102434197686
0.0,0.0,0.0,0.0,0.0,0.0,0.0,0.0,0.3333333333333333,1.0,0.0,0.3333333333333333,0.0,1.0,0.0,0.4265904,0.0,0.0,0.0,0.5,medium,0,47.827479487971445
1.0,0.0,0.0,0.0,0.0,0.0,0.0,0.0,0.3333333333333333,1.0,1.0,0.3333333333333333,0.0,1.0,0.0,0.5949277333333334,0.3333333333333333,0.0,0.0,0.8,medium,0,73.98503778954996
0.0,0.0,0.0,0.0,0.0,0.0,0.0,0.0,0.0,0.0,0.0,0.3333333333333333,1.0,0.0,0.0,0.19954746666666667,0.0,0.0,0.0,0.6,normal,0,26.254469608038445
1.0,0.0,0.0,0.0,0.0,0.0,0.0,0.0,0.3333333333333333,1.0,0.0,0.3333333333333333,0.0,1.0,0.0,1.0,0.3333333333333333,0.0,0.0,0.6,medium,0,75.50302615206539
0.0,0.0,0.0,0.0,0.0,0.0,0.0,0.0,0.0,0.0,0.0,0.3333333333333333,0.0,0.0,0.0,0.1197212,0.0,0.0,0.0,0.5,normal,0,13.962230994597078
1.0,0.0,0.0,0.0,0.0,0.0,0.0,0.0,0.3333333333333333,1.0,1.0,0.3333333333333333,0.0,1.0,0.0,1.0,0.3333333333333333,0.0,0.0,0.7,medium,0,75.73321257189434
0.0,0.0,0.0,0.0,0.0,0.0,0.0,0.0,0.3333333333333333,1.0,0.0,0.3333333333333333,0.0,1.0,0.0,0.7101230666666667,0.0,0.0,0.0,0.6,medium,0,44.35453211447467
0.0,0.0,0.0,0.0,0.0,0.0,0.0,0.0,0.0,0.0,0.0,0.3333333333333333,0.0,0.0,0.0,0.009959200000000001,0.0,0.0,0.0,0.5,normal,0,12.113202300042396
0.0,0.0,0.0,0.0,0.0,1.0,0.0,0.0,0.0,0.0,0.0,0.3333333333333333,0.0,0.0,0.0,0.1463176,0.3333333333333333,0.0,0.0,0.6,innocent_security_change,0,31.427310903936057
1.0,1.0,1.0,0.0,1.0,0.0,1.0,0.0,0.0,0.0,0.0,1.0,1.0,1.0,1.0,1.0,1.6666666666666667,0.8777777777777778,0.0,1.0,compromised,1,93.92261500732567
1.0,1.0,1.0,0.0,1.0,0.0,1.0,0.0,0.0,0.0,0.0,1.0,1.0,1.0,1.0,1.0,1.6666666666666667,0.8944444444444445,0.0,1.0,compromised,1,96.44740944026452
0.0,0.0,0.0,0.0,0.0,0.0,0.0,0.0,0.3333333333333333,1.0,0.0,0.3333333333333333,0.0,1.0,0.0,0.5479846666666667,0.0,0.0,0.0,0.5,medium,0,45.46654517909987
0.0,0.0,0.0,0.0,0.0,0.0,0.0,0.0,0.3333333333333333,1.0,1.0,0.3333333333333333,1.0,1.0,0.0,0.5707701333333334,0.0,0.0,0.0,0.7,medium,0,59.829075090058964
0.0,0.0,0.0,0.0,0.0,0.0,0.0,0.0,0.0,0.0,0.0,0.0,0.0,0.0,0.0,0.0,0.0,0.0,1.0,0.5,innocent_security_change,0,10.252572841396507
0.0,0.0,0.0,0.0,0.0,0.0,0.0,0.0,0.0,0.0,1.0,0.0,0.0,0.0,0.0,0.0,0.0,0.0,0.0,0.5,normal,0,6.2514409746980135
1.0,0.0,0.0,0.0,0.0,0.0,0.0,0.0,0.3333333333333333,1.0,0.0,0.3333333333333333,0.0,1.0,0.0,1.0,0.3333333333333333,0.0,0.0,0.6,medium,0,75.92045214464277
0.0,0.0,0.0,0.0,0.0,0.0,0.0,0.0,0.0,0.0,0.0,0.3333333333333333,0.0,0.0,0.0,0.15271839999999998,0.0,0.0,0.0,0.6,normal,0,8.827906923741105
0.0,0.0,0.0,0.0,0.0,0.0,0.0,0.0,0.0,0.0,0.0,0.3333333333333333,0.0,0.0,0.0,0.0,0.0,0.0,0.0,0.6,normal,0,4.855968500556965
0.0,0.0,0.0,0.0,0.0,1.0,0.0,0.0,0.0,0.0,0.0,0.3333333333333333,0.0,0.0,0.0,0.1124868,0.3333333333333333,0.0,0.0,0.6,innocent_security_change,0,22.93968049870866
0.0,0.0,0.0,0.0,0.0,0.0,0.0,0.0,0.0,0.0,1.0,0.3333333333333333,0.0,0.0,0.0,0.18092106666666666,0.0,0.0,1.0,0.6,normal,0,30.182699064029872
0.0,0.0,0.0,0.0,0.0,0.0,0.0,0.0,0.0,0.0,0.0,0.3333333333333333,0.0,0.0,0.0,0.0,0.0,0.0,0.0,0.5,normal,0,9.563192801299943
0.0,0.0,0.0,0.0,0.0,0.0,0.0,0.0,0.0,0.0,0.0,0.3333333333333333,0.0,0.0,0.0,0.18534493333333335,0.0,0.0,1.0,0.6,normal,0,19.353194518122844
0.0,0.0,0.0,0.0,0.0,0.0,0.0,0.0,0.0,0.0,1.0,0.3333333333333333,0.0,0.0,0.0,0.08645266666666666,0.0,0.0,0.0,0.7,normal,0,24.271539757141234
0.0,0.0,0.0,0.0,0.0,0.0,0.0,0.0,0.0,0.0,0.0,0.0,0.0,0.0,0.0,0.0,0.0,0.0,0.0,0.5,normal,0,5.1643538110852365
0.0,0.0,0.0,0.0,0.0,0.0,0.0,0.0,0.0,0.0,0.0,0.0,0.0,0.0,0.0,0.0,0.0,0.0,0.0,0.4,normal,0,6.907934317512588
0.0,0.0,0.0,0.0,0.0,0.0,0.0,0.0,0.0,0.0,0.0,0.0,0.0,0.0,0.0,0.0,0.0,0.0,0.0,0.5,normal,0,0.08920342311006424
0.0,0.0,0.0,0.0,0.0,0.0,0.0,0.0,0.3333333333333333,1.0,1.0,0.3333333333333333,0.0,1.0,0.0,1.0,0.0,0.0,0.0,0.7,medium,0,53.989599946552204
0.0,0.0,0.0,0.0,0.0,0.0,0.0,0.0,0.3333333333333333,1.0,0.0,0.3333333333333333,0.0,1.0,0.0,1.0,0.0,0.0,0.0,0.8,medium,0,45.111957605453945
0.0,0.0,0.0,0.0,0.0,0.0,0.0,0.0,0.0,0.0,1.0,0.3333333333333333,0.0,0.0,0.0,0.19119133333333335,0.0,0.0,1.0,0.8,normal,0,28.717558632438646
0.0,0.0,0.0,0.0,0.0,0.0,0.0,0.0,0.3333333333333333,1.0,1.0,0.3333333333333333,0.0,1.0,0.0,0.7429782666666667,0.0,0.0,0.0,0.6,medium,0,51.35709255979776
0.0,0.0,0.0,0.0,0.0,0.0,0.0,0.0,0.3333333333333333,1.0,0.0,0.3333333333333333,0.0,1.0,0.0,1.0,0.0,0.0,0.0,0.5,medium,0,49.59871146465784
0.0,0.0,0.0,0.0,0.0,0.0,0.0,0.0,0.3333333333333333,1.0,0.0,0.3333333333333333,0.0,1.0,0.0,0.5187146666666667,0.0,0.0,0.0,0.7,medium,0,45.18254912831779
0.0,0.0,0.0,0.0,0.0,0.0,0.0,0.0,0.0,0.0,0.0,0.3333333333333333,0.0,0.0,0.0,0.1003566906352632,0.0,0.0,1.0,0.6,normal,0,20.47973302851752
0.0,0.0,0.0,0.0,0.0,0.0,0.0,0.0,0.0,0.0,0.0,0.3333333333333333,0.0,0.0,0.0,0.0744392,0.0,0.0,0.0,0.5,normal,0,11.977636479704909
0.0,0.0,0.0,0.0,0.0,0.0,0.0,0.0,0.3333333333333333,1.0,1.0,0.3333333333333333,0.0,1.0,0.0,1.0,0.0,0.0,0.0,0.7,medium,0,59.46329819989497
1.0,1.0,1.0,0.0,1.0,0.0,1.0,0.0,0.0,0.0,1.0,1.0,1.0,1.0,1.0,1.0,1.6666666666666667,0.9,0.0,1.0,compromised,1,97.23844184057641
0.0,0.0,0.0,0.0,0.0,0.0,0.0,0.0,0.3333333333333333,1.0,1.0,0.3333333333333333,0.0,1.0,0.0,0.7185672,0.0,0.0,0.0,0.7,medium,0,49.80448003480616
1.0,1.0,1.0,0.0,1.0,0.0,1.0,0.0,0.0,0.0,1.0,1.0,1.0,1.0,1.0,1.0,1.6666666666666667,0.8666666666666667,0.0,1.0,compromised,1,98.62266424928019
0.0,0.0,0.0,0.0,0.0,0.0,0.0,0.0,0.0,0.0,1.0,0.0,0.0,0.0,0.0,0.0,0.0,0.0,0.0,0.6,normal,0,12.157921021462505
0.0,0.0,0.0,0.0,0.0,0.0,0.0,0.0,0.3333333333333333,1.0,0.0,0.3333333333333333,0.0,1.0,0.0,0.4409069333333333,0.0,0.0,0.0,0.4,medium,0,46.922861463938304
0.0,0.0,0.0,0.0,0.0,0.0,0.0,0.0,0.3333333333333333,1.0,0.0,0.3333333333333333,0.0,1.0,0.0,0.5259066666666666,0.0,0.0,0.0,0.6,medium,0,44.01749064029641
0.0,0.0,0.0,0.0,0.0,0.0,0.0,0.0,0.0,0.0,0.0,0.0,0.0,0.0,0.0,0.0,0.0,0.0,0.0,0.5,normal,0,2.1571011838425793
0.0,0.0,0.0,0.0,0.0,0.0,0.0,0.0,0.3333333333333333,1.0,1.0,0.3333333333333333,1.0,1.0,0.0,0.4660165333333333,0.0,0.0,0.0,0.8,medium,0,56.21842337418266
1.0,0.0,0.0,0.0,0.0,0.0,0.0,0.0,0.0,0.0,1.0,0.0,0.0,0.0,0.0,0.0,0.3333333333333333,0.0,0.0,0.3,compromised,1,58.62499121577113
1.0,0.0,0.0,0.0,0.0,0.0,0.0,0.0,0.3333333333333333,1.0,0.0,0.3333333333333333,0.0,1.0,0.0,1.0,0.3333333333333333,0.0,0.0,0.8,medium,0,74.58462833168976
0.0,0.0,0.0,0.0,0.0,0.0,0.0,0.0,0.3333333333333333,1.0,1.0,0.3333333333333333,0.0,1.0,0.0,1.0,0.0,0.0,0.0,0.9,medium,0,53.134960642779426
1.0,1.0,1.0,0.0,1.0,0.0,1.0,0.0,0.0,0.0,1.0,1.0,1.0,1.0,1.0,1.0,1.6666666666666667,0.8888888888888888,0.0,1.1,compromised,1,100.0
0.0,0.0,0.0,0.0,0.0,0.0,0.0,0.0,0.0,0.0,0.0,0.3333333333333333,0.0,0.0,0.0,0.0,0.0,0.0,0.0,0.6,normal,0,7.758890894208617
0.0,0.0,0.0,0.0,0.0,0.0,0.0,0.0,0.3333333333333333,1.0,1.0,0.3333333333333333,0.0,1.0,0.0,1.0,0.0,0.0,0.0,0.5,medium,0,53.492024176509325
1.0,0.0,0.0,0.0,0.0,0.0,0.0,0.0,0.3333333333333333,1.0,0.0,0.3333333333333333,0.0,1.0,0.0,0.5684249333333333,0.3333333333333333,0.0,0.0,0.9,medium,0,75.18178870687196
0.0,0.0,0.0,0.0,0.0,0.0,0.0,0.0,0.0,0.0,1.0,0.3333333333333333,0.0,0.0,0.0,0.11683493450753783,0.0,0.0,0.0,0.6,normal,0,16.494319135441994
0.0,0.0,0.0,0.0,0.0,0.0,0.0,0.0,0.0,0.0,0.0,0.0,0.0,0.0,0.0,0.0,0.0,0.0,0.0,0.4,normal,0,4.067835464222608
0.0,0.0,0.0,0.0,0.0,0.0,0.0,0.0,0.0,0.0,0.0,0.0,0.0,0.0,0.0,0.0,0.0,0.0,0.0,0.5,normal,0,0.9332729148264316
0.0,0.0,0.0,0.0,0.0,0.0,0.0,0.0,0.0,0.0,0.0,0.3333333333333333,0.0,0.0,0.0,0.13215306666666665,0.0,0.0,0.0,0.7,normal,0,14.312142132013447
0.0,0.0,0.0,0.0,0.0,0.0,0.0,0.0,0.0,0.0,0.0,0.0,0.0,0.0,0.0,0.0,0.0,0.0,0.0,0.4,normal,0,0.4605566809103552
0.0,0.0,0.0,0.0,0.0,0.0,0.0,0.0,0.0,0.0,1.0,0.0,0.0,0.0,0.0,0.0,0.0,0.0,0.0,0.6,normal,0,15.895543668933515
1.0,1.0,1.0,0.0,0.0,0.0,0.0,0.0,0.0,0.0,1.0,0.0,0.0,0.0,0.0,0.0,1.0,0.8666666666666667,0.0,0.6,compromised,1,89.77746308546146
0.0,0.0,0.0,0.0,0.0,0.0,0.0,0.0,0.0,0.0,1.0,0.0,0.0,0.0,0.0,0.0,0.0,0.0,0.0,0.5,normal,0,15.690672263322378
0.0,0.0,0.0,0.0,0.0,0.0,0.0,0.0,0.0,0.0,0.0,0.0,0.0,0.0,0.0,0.0,0.0,0.0,0.0,0.4,normal,0,3.495475831303052
0.0,0.0,0.0,0.0,0.0,0.0,0.0,0.0,0.0,0.0,0.0,0.3333333333333333,0.0,0.0,0.0,0.0,0.0,0.0,0.0,0.5,normal,0,8.663396817963276
1.0,1.0,1.0,0.0,1.0,0.0,1.0,0.0,0.0,0.0,1.0,0.6666666666666666,1.0,1.0,0.0,1.0,1.6666666666666667,0.9111111111111111,0.0,0.9,compromised,1,95.94060217203933
0.0,0.0,0.0,0.0,0.0,0.0,0.0,0.0,0.0,0.0,0.0,0.3333333333333333,0.0,0.0,0.0,0.1583288,0.0,0.0,0.0,0.6,normal,0,15.628178142194406
0.0,0.0,0.0,0.0,0.0,0.0,0.0,0.0,0.0,0.0,1.0,0.3333333333333333,0.0,0.0,0.0,0.6582415665899665,0.0,0.0,1.0,0.7,normal,0,31.704106118396382
0.0,0.0,0.0,0.0,0.0,0.0,0.0,0.0,0.0,0.0,0.0,0.3333333333333333,0.0,0.0,0.0,0.519466031962013,0.0,0.0,1.0,0.6,innocent_security_change,0,21.12358216378304
0.0,0.0,0.0,0.0,0.0,1.0,0.0,0.0,0.0,0.0,0.0,0.3333333333333333,0.0,0.0,0.0,0.07787759999999999,0.3333333333333333,0.0,0.0,0.4,innocent_security_change,0,30.300250975433485
0.0,0.0,0.0,0.0,0.0,0.0,0.0,0.0,0.0,0.0,0.0,0.0,0.0,0.0,0.0,0.0,0.0,0.0,0.0,0.5,normal,0,1.5807000955613169
0.0,0.0,0.0,0.0,0.0,0.0,0.0,0.0,0.0,0.0,0.0,0.0,0.0,0.0,0.0,0.0,0.0,0.0,0.0,0.4,normal,0,0.49202546704247796
1.0,1.0,1.0,0.0,1.0,0.0,1.0,0.0,0.0,0.0,0.0,1.0,1.0,1.0,1.0,1.0,1.6666666666666667,0.8777777777777778,0.0,1.0,compromised,1,94.17594771859316
0.0,0.0,0.0,0.0,0.0,0.0,0.0,0.0,0.0,0.0,0.0,0.3333333333333333,0.0,0.0,0.0,0.0,0.0,0.0,0.0,0.5,normal,0,8.034374576636232
1.0,1.0,1.0,0.0,1.0,0.0,1.0,0.0,0.0,0.0,0.0,1.0,1.0,1.0,1.0,1.0,1.6666666666666667,0.8944444444444445,0.0,1.1,compromised,1,97.60485773800599
1.0,1.0,1.0,0.0,1.0,0.0,1.0,0.0,0.0,0.0,0.0,1.0,1.0,1.0,1.0,1.0,1.6666666666666667,0.9111111111111111,0.0,1.0,compromised,1,98.41406307896398
0.0,0.0,0.0,0.0,0.0,0.0,0.0,0.0,0.0,0.0,0.0,0.0,0.0,0.0,0.0,0.0,0.0,0.0,0.0,0.5,normal,0,5.949307714276264
0.0,0.0,0.0,0.0,0.0,0.0,0.0,0.0,0.0,0.0,0.0,0.3333333333333333,0.0,0.0,0.0,0.0,0.0,0.0,0.0,0.6,normal,0,11.216560305027476
0.0,0.0,0.0,0.0,0.0,0.0,0.0,0.0,0.0,0.0,0.0,0.3333333333333333,0.0,0.0,0.0,0.0,0.0,0.0,0.0,0.7,normal,0,10.075035590509941
0.0,1.0,0.0,0.0,0.0,0.0,0.0,0.0,0.0,0.0,1.0,0.0,0.0,0.0,0.0,0.0,0.3333333333333333,0.0,0.0,0.6,innocent_security_change,0,39.83587317353993
1.0,0.0,0.0,0.0,0.0,0.0,0.0,0.0,0.0,0.0,0.0,0.0,0.0,0.0,0.0,0.0,0.3333333333333333,0.0,0.0,0.3,compromised,1,53.12828466389615
0.0,0.0,0.0,0.0,0.0,0.0,0.0,0.0,0.0,0.0,0.0,0.3333333333333333,0.0,0.0,0.0,0.07342266666666666,0.0,0.0,0.0,0.7,normal,0,14.683830640646288
0.0,0.0,0.0,1.0,0.0,0.0,0.0,0.0,0.0,0.0,0.0,0.3333333333333333,0.0,0.0,0.0,0.1866717333333333,0.3333333333333333,0.0,1.0,0.8,innocent_security_change,0,38.01604080278335
0.0,0.0,0.0,0.0,0.0,0.0,0.0,0.0,0.0,0.0,0.0,0.3333333333333333,0.0,0.0,0.0,0.06199,0.0,0.0,0.0,0.6,normal,0,9.535249988636318
0.0,0.0,0.0,0.0,0.0,0.0,0.0,0.0,0.0,0.0,0.0,0.3333333333333333,0.0,0.0,0.0,0.07218066666666667,0.0,0.0,0.0,0.8,normal,0,9.645651257260425
1.0,1.0,1.0,0.0,1.0,0.0,1.0,0.0,0.0,0.0,1.0,1.0,1.0,1.0,1.0,1.0,1.6666666666666667,0.8555555555555556,0.0,1.0,compromised,1,94.38799108095373
1.0,1.0,1.0,0.0,1.0,0.0,1.0,0.0,0.0,0.0,0.0,1.0,1.0,1.0,1.0,1.0,1.6666666666666667,0.8666666666666667,0.0,1.0,compromised,1,99.44346123985909
0.0,0.0,0.0,0.0,0.0,0.0,0.0,0.0,0.0,0.0,0.0,0.0,0.0,0.0,0.0,0.0,0.0,0.0,0.0,0.5,normal,0,5.015988412626449
1.0,0.0,0.0,0.0,0.0,0.0,0.0,0.0,0.0,0.0,1.0,0.0,0.0,0.0,0.0,0.0,0.3333333333333333,0.0,0.0,0.3,compromised,1,58.272356469858686
0.0,0.0,0.0,0.0,0.0,0.0,0.0,0.0,0.0,0.0,1.0,0.0,0.0,0.0,0.0,0.0,0.0,0.0,0.0,0.5,normal,0,13.215432333360226
0.0,0.0,0.0,1.0,0.0,0.0,0.0,0.0,0.0,0.0,0.0,0.3333333333333333,0.0,0.0,0.0,0.0,0.3333333333333333,0.0,0.0,0.7,innocent_security_change,0,32.89888995029924
0.0,0.0,0.0,0.0,0.0,0.0,0.0,0.0,0.0,0.0,0.0,0.0,0.0,0.0,0.0,0.0,0.0,0.0,0.0,0.5,normal,0,2.360745867065511
0.0,0.0,0.0,0.0,0.0,0.0,0.0,0.0,0.0,0.0,0.0,0.3333333333333333,0.0,0.0,0.0,0.0808416,0.0,0.0,0.0,0.6,normal,0,13.340757836105958
0.0,0.0,0.0,0.0,0.0,0.0,0.0,0.0,0.0,0.0,0.0,0.3333333333333333,0.0,0.0,0.0,0.15687546666666666,0.0,0.0,0.0,0.7,normal,0,12.47329038068492
0.0,0.0,0.0,0.0,0.0,0.0,0.0,0.0,0.3333333333333333,1.0,0.0,0.3333333333333333,0.0,1.0,0.0,1.0,0.0,0.0,0.0,0.8,medium,0,47.632864131125636
1.0,1.0,1.0,0.0,1.0,0.0,1.0,0.0,0.0,0.0,1.0,1.0,1.0,1.0,1.0,1.0,1.6666666666666667,0.9111111111111111,0.0,1.0,compromised,1,99.51437734650007
0.0,0.0,0.0,0.0,0.0,0.0,0.0,0.0,0.0,0.0,0.0,0.3333333333333333,0.0,0.0,0.0,0.12893253333333335,0.0,0.0,0.0,0.4,normal,0,11.301785933735403
0.0,1.0,0.0,0.0,0.0,0.0,0.0,0.0,0.0,0.0,1.0,0.0,0.0,0.0,0.0,0.0,0.3333333333333333,0.0,0.0,0.6,innocent_security_change,0,41.22379426265655
0.0,0.0,0.0,0.0,0.0,0.0,0.0,0.0,0.0,0.0,0.0,0.0,0.0,0.0,0.0,0.0,0.0,0.0,0.0,0.5,normal,0,3.774238158668052
0.0,0.0,0.0,0.0,0.0,0.0,0.0,0.0,0.0,0.0,0.0,0.3333333333333333,0.0,0.0,0.0,0.13796106666666666,0.0,0.0,0.0,0.7,normal,0,12.234547992843147
0.0,0.0,0.0,0.0,0.0,0.0,0.0,0.0,0.0,0.0,0.0,0.3333333333333333,0.0,0.0,0.0,0.0,0.0,0.0,0.0,0.7,normal,0,16.523146121568985
0.0,0.0,0.0,0.0,0.0,0.0,0.0,0.0,0.0,0.0,1.0,0.0,0.0,0.0,0.0,0.0,0.0,0.0,0.0,0.5,normal,0,16.4977225622308
0.0,0.0,0.0,0.0,0.0,0.0,0.0,0.0,0.3333333333333333,1.0,1.0,0.3333333333333333,0.0,1.0,0.0,1.0,0.0,0.0,0.0,0.7,medium,0,55.8830437439009
0.0,0.0,0.0,0.0,0.0,0.0,0.0,0.0,0.3333333333333333,1.0,0.0,0.3333333333333333,0.0,1.0,0.0,1.0,0.0,0.0,0.0,0.5,medium,0,48.31167526700863
0.0,0.0,0.0,0.0,0.0,0.0,0.0,0.0,0.0,0.0,0.0,0.0,0.0,0.0,0.0,0.0,0.0,0.0,0.0,0.5,normal,0,6.088935105019228
1.0,0.0,0.0,0.0,0.0,0.0,0.0,0.0,0.0,0.0,1.0,0.0,0.0,0.0,0.0,0.0,0.3333333333333333,0.0,0.0,0.3,compromised,1,58.12393459807066
0.0,0.0,0.0,0.0,0.0,0.0,0.0,0.0,0.0,0.0,0.0,0.3333333333333333,0.0,0.0,0.0,0.162044,0.0,0.0,1.0,0.5,normal,0,19.12444166206384
0.0,0.0,0.0,0.0,0.0,0.0,0.0,0.0,0.0,0.0,0.0,0.3333333333333333,0.0,0.0,0.0,0.0712108,0.0,0.0,0.0,0.6,normal,0,10.068845012441836
1.0,0.0,0.0,0.0,0.0,0.0,0.0,0.0,0.3333333333333333,1.0,0.0,0.3333333333333333,0.0,1.0,0.0,0.42923506666666666,0.3333333333333333,0.0,0.0,0.7,medium,0,72.41234233679906
1.0,0.0,0.0,0.0,0.0,0.0,0.0,0.0,0.3333333333333333,1.0,1.0,0.3333333333333333,0.0,1.0,0.0,0.5588249333333334,0.3333333333333333,0.0,0.0,0.7,medium,0,67.9773928704482
0.0,0.0,0.0,0.0,0.0,0.0,0.0,0.0,0.0,0.0,0.0,0.3333333333333333,0.0,0.0,0.0,0.1617064,0.0,0.0,1.0,0.5,normal,0,19.581457132738265
1.0,1.0,1.0,0.0,1.0,0.0,1.0,0.0,0.0,0.0,1.0,1.0,1.0,1.0,1.0,1.0,1.6666666666666667,0.8444444444444444,0.0,1.0,compromised,1,96.77334218735062
0.0,0.0,0.0,0.0,0.0,0.0,0.0,0.0,0.0,0.0,0.0,0.3333333333333333,0.0,0.0,0.0,0.0,0.0,0.0,0.0,0.6,normal,0,13.880990491570202
0.0,0.0,0.0,0.0,0.0,0.0,0.0,0.0,0.0,1.0,1.0,0.3333333333333333,0.0,1.0,0.0,0.45801826666666673,0.0,0.0,0.0,0.6,medium,0,47.50810451817956
1.0,0.0,0.0,0.0,0.0,0.0,0.0,0.0,0.3333333333333333,1.0,1.0,0.3333333333333333,0.0,1.0,0.0,1.0,0.3333333333333333,0.0,0.0,0.8,medium,0,74.59253554274336
0.0,0.0,0.0,0.0,0.0,0.0,0.0,0.0,0.0,0.0,0.0,0.3333333333333333,0.0,0.0,0.0,0.15027906666666668,0.0,0.0,0.0,0.6,normal,0,11.722736213449318
1.0,1.0,0.0,0.0,0.0,0.0,0.0,0.0,0.0,0.0,0.0,0.0,0.0,0.0,0.0,0.0,0.6666666666666666,0.9333333333333333,0.0,0.4,compromised,1,72.05856263810709
0.0,0.0,0.0,0.0,0.0,0.0,0.0,0.0,0.0,0.0,0.0,0.3333333333333333,0.0,0.0,0.0,0.10236653333333333,0.0,0.0,0.0,0.5,normal,0,11.766519367185088
1.0,1.0,1.0,0.0,1.0,0.0,1.0,0.0,0.0,0.0,1.0,1.0,1.0,1.0,1.0,1.0,1.6666666666666667,0.8666666666666667,0.0,1.0,compromised,1,98.73482362183788
1.0,0.0,0.0,0.0,0.0,0.0,0.0,0.0,0.3333333333333333,1.0,1.0,0.3333333333333333,0.0,1.0,0.0,0.7317928,0.3333333333333333,0.0,0.0,0.6,medium,0,78.7252211449888
0.0,1.0,0.0,0.0,0.0,0.0,0.0,0.0,0.0,0.0,1.0,0.3333333333333333,0.0,0.0,0.0,0.0,0.3333333333333333,0.0,0.0,0.7,innocent_security_change,0,42.26998835923869
0.0,0.0,0.0,0.0,0.0,0.0,0.0,0.0,0.0,0.0,0.0,0.3333333333333333,0.0,0.0,0.0,0.11168413333333332,0.0,0.0,0.0,0.5,normal,0,10.789124705771581
0.0,0.0,0.0,0.0,0.0,0.0,0.0,0.0,0.0,0.0,1.0,0.3333333333333333,0.0,0.0,0.0,0.05948613333333334,0.0,0.0,0.0,0.7,normal,0,17.075155830284462
0.0,0.0,0.0,0.0,0.0,0.0,0.0,0.0,0.3333333333333333,1.0,1.0,0.3333333333333333,0.0,1.0,0.0,0.5914544,0.0,0.0,0.0,0.7,medium,0,53.017970612230506
0.0,0.0,0.0,0.0,0.0,0.0,0.0,0.0,0.0,0.0,0.0,0.3333333333333333,0.0,0.0,0.0,0.0,0.0,0.0,0.0,0.6,normal,0,11.196493446963299
0.0,0.0,0.0,0.0,0.0,0.0,0.0,0.0,0.0,0.0,0.0,0.3333333333333333,0.0,0.0,0.0,0.04444226666666667,0.0,0.0,0.0,0.6,normal,0,11.719390085094277
0.0,0.0,0.0,0.0,0.0,0.0,0.0,0.0,0.0,0.0,0.0,0.3333333333333333,0.0,0.0,0.0,0.06302666666666666,0.0,0.0,0.0,0.5,normal,0,10.073923120541096
0.0,0.0,0.0,0.0,0.0,0.0,0.0,0.0,0.0,0.0,0.0,0.0,0.0,0.0,0.0,0.0,0.0,0.0,0.0,0.4,normal,0,3.9041164376797735
0.0,0.0,0.0,0.0,0.0,0.0,0.0,0.0,0.0,0.0,0.0,0.0,0.0,0.0,0.0,0.0,0.0,0.0,0.0,0.5,normal,0,7.581889874299046
1.0,0.0,0.0,0.0,0.0,0.0,0.0,0.0,0.3333333333333333,1.0,0.0,0.3333333333333333,0.0,1.0,0.0,0.4704105333333333,0.3333333333333333,0.0,0.0,0.9,medium,0,72.45851342647498
0.0,0.0,0.0,0.0,0.0,0.0,0.0,0.0,0.0,0.0,0.0,0.3333333333333333,0.0,0.0,0.0,0.09973466666666667,0.0,0.0,0.0,0.7,normal,0,12.187068880862144
0.0,0.0,0.0,0.0,0.0,0.0,0.0,0.0,0.3333333333333333,1.0,1.0,0.3333333333333333,0.0,1.0,0.0,1.0,0.0,0.0,0.0,0.5,medium,0,50.687793243473315
0.0,0.0,0.0,0.0,0.0,0.0,0.0,0.0,0.0,0.0,0.0,0.3333333333333333,0.0,0.0,0.0,0.1591856,0.0,0.0,0.0,0.6,normal,0,9.790911524981695
0.0,0.0,0.0,0.0,0.0,0.0,0.0,0.0,0.0,0.0,0.0,0.3333333333333333,0.0,0.0,0.0,0.12746333333333335,0.0,0.0,0.0,0.7,normal,0,12.439843479474533
0.0,0.0,0.0,0.0,0.0,0.0,0.0,0.0,0.0,0.0,0.0,0.3333333333333333,0.0,0.0,0.0,0.0,0.0,0.0,0.0,0.6,normal,0,12.659149362617761
0.0,0.0,0.0,0.0,0.0,1.0,0.0,0.0,0.0,0.0,0.0,0.0,0.0,0.0,0.0,0.0,0.3333333333333333,0.0,0.0,0.3,innocent_security_change,0,22.113820637777046
0.0,0.0,0.0,0.0,0.0,0.0,0.0,0.0,0.0,0.0,0.0,0.0,0.0,0.0,0.0,0.0,0.0,0.0,0.0,0.5,normal,0,2.9812507802472457
0.0,0.0,0.0,0.0,0.0,0.0,0.0,0.0,0.3333333333333333,1.0,1.0,0.3333333333333333,0.0,1.0,0.0,0.6335008,0.0,0.0,0.0,0.8,medium,0,50.895174027215894
0.0,0.0,0.0,0.0,0.0,0.0,0.0,0.0,0.0,0.0,0.0,0.0,0.0,0.0,0.0,0.0,0.0,0.0,0.0,0.4,normal,0,1.5302925335969884
0.0,0.0,0.0,0.0,0.0,0.0,0.0,0.0,0.0,0.0,0.0,0.3333333333333333,0.0,0.0,0.0,0.0431432,0.0,0.0,0.0,0.6,normal,0,11.200389285276813
0.0,0.0,0.0,0.0,0.0,0.0,0.0,0.0,0.0,0.0,1.0,0.0,0.0,0.0,0.0,0.0,0.0,0.0,0.0,0.6,normal,0,10.420476976364752
0.0,0.0,0.0,0.0,0.0,0.0,0.0,0.0,0.0,0.0,0.0,0.3333333333333333,0.0,0.0,0.0,0.15545146666666668,0.0,0.0,0.0,0.6,normal,0,15.11608209916766
0.0,0.0,0.0,0.0,0.0,0.0,0.0,0.0,0.0,0.0,0.0,0.0,0.0,0.0,0.0,0.0,0.0,0.0,0.0,0.5,normal,0,1.9074863582039039
0.0,0.0,0.0,0.0,0.0,0.0,0.0,0.0,0.0,0.0,0.0,0.3333333333333333,0.0,0.0,0.0,0.026871199999999998,0.0,0.0,0.0,0.5,normal,0,11.40044802798655
1.0,1.0,1.0,0.0,1.0,0.0,1.0,0.0,0.0,0.0,0.0,1.0,1.0,1.0,1.0,1.0,1.6666666666666667,0.8277777777777777,0.0,1.1,compromised,1,94.59379376500638
0.0,0.0,0.0,0.0,0.0,0.0,0.0,0.0,0.0,0.0,0.0,0.0,0.0,0.0,0.0,0.0,0.0,0.0,0.0,0.5,normal,0,5.2431424298931
1.0,0.0,0.0,0.0,0.0,0.0,0.0,0.0,0.3333333333333333,1.0,1.0,0.3333333333333333,0.0,1.0,0.0,0.4561689333333333,0.3333333333333333,0.0,0.0,0.7,medium,0,77.22081473009611
1.0,1.0,1.0,0.0,1.0,0.0,1.0,0.0,0.0,0.0,0.0,0.6666666666666666,0.0,1.0,1.0,0.8909689333333333,1.6666666666666667,0.8888888888888888,0.0,1.0,compromised,1,98.20401404459518
0.0,0.0,0.0,0.0,0.0,0.0,0.0,0.0,0.0,0.0,0.0,0.3333333333333333,0.0,0.0,0.0,0.06040586666666666,0.0,0.0,0.0,0.5,normal,0,7.549515685061083
0.0,0.0,0.0,0.0,0.0,0.0,0.0,0.0,0.0,0.0,0.0,0.0,0.0,0.0,0.0,0.0,0.0,0.0,0.0,0.4,normal,0,3.4910546847029886
0.0,0.0,0.0,0.0,0.0,0.0,0.0,0.0,0.0,0.0,0.0,0.0,0.0,0.0,0.0,0.0,0.0,0.0,0.0,0.5,normal,0,0.6134016416915826
0.0,0.0,0.0,0.0,0.0,0.0,0.0,0.0,0.0,0.0,1.0,0.0,0.0,0.0,0.0,0.0,0.0,0.0,0.0,0.6,normal,0,13.5317129515709
0.0,0.0,0.0,0.0,0.0,1.0,0.0,0.0,0.0,0.0,0.0,0.0,0.0,0.0,0.0,0.0,0.3333333333333333,0.0,0.0,0.5,innocent_security_change,0,26.44349408270094
1.0,0.0,0.0,0.0,0.0,0.0,0.0,0.0,0.3333333333333333,1.0,0.0,0.3333333333333333,0.0,1.0,0.0,0.7172313333333333,0.3333333333333333,0.0,0.0,0.7,medium,0,75.72987750693477
1.0,1.0,1.0,0.0,1.0,0.0,1.0,0.0,0.0,0.0,0.0,0.0,0.0,0.0,0.0,0.0,1.6666666666666667,0.8555555555555556,0.0,0.7,compromised,1,94.58432814661258
0.0,0.0,0.0,0.0,0.0,0.0,0.0,0.0,0.0,0.0,0.0,0.3333333333333333,1.0,0.0,0.0,0.19281866666666667,0.0,0.0,0.0,0.6,normal,0,21.813860710837606
1.0,0.0,0.0,0.0,0.0,0.0,0.0,0.0,0.0,0.0,1.0,0.0,0.0,0.0,0.0,0.0,0.3333333333333333,0.0,0.0,0.3,compromised,1,58.442916937527514
0.0,0.0,0.0,0.0,0.0,0.0,0.0,0.0,0.3333333333333333,1.0,0.0,0.3333333333333333,0.0,1.0,0.0,0.6755626666666666,0.0,0.0,0.0,0.5,medium,0,45.569436206945994
0.0,0.0,0.0,0.0,0.0,0.0,0.0,0.0,0.0,0.0,0.0,0.3333333333333333,1.0,0.0,0.0,0.1978208,0.0,0.0,0.0,0.7,normal,0,19.053686934837728
0.0,0.0,0.0,0.0,0.0,0.0,0.0,0.0,0.0,0.0,0.0,0.3333333333333333,0.0,0.0,0.0,0.1841976,0.0,0.0,1.0,0.7,normal,0,22.440947804291984
0.0,0.0,0.0,0.0,0.0,1.0,0.0,0.0,0.0,0.0,1.0,0.0,0.0,0.0,0.0,0.0,0.3333333333333333,0.0,0.0,0.7,innocent_security_change,0,32.66321684325674
0.0,0.0,0.0,0.0,0.0,0.0,0.0,0.0,0.3333333333333333,1.0,0.0,0.3333333333333333,0.0,1.0,0.0,1.0,0.0,0.0,0.0,0.8,medium,0,52.15986916278166
0.0,0.0,0.0,0.0,0.0,0.0,0.0,0.0,0.0,0.0,0.0,0.3333333333333333,0.0,0.0,0.0,0.12946493333333334,0.0,0.0,0.0,0.6,normal,0,8.84197310451402
0.0,0.0,0.0,0.0,0.0,0.0,0.0,0.0,0.0,0.0,0.0,0.3333333333333333,0.0,0.0,0.0,0.26052761031442506,0.0,0.0,0.0,0.7,normal,0,5.936652671700747
0.0,0.0,0.0,0.0,0.0,0.0,0.0,0.0,0.0,0.0,0.0,0.3333333333333333,0.0,0.0,0.0,0.06993066666666667,0.0,0.0,0.0,0.5,normal,0,10.857849324056565
1.0,0.0,0.0,0.0,0.0,0.0,0.0,0.0,0.3333333333333333,1.0,0.0,0.3333333333333333,0.0,1.0,0.0,0.7784621333333334,0.3333333333333333,0.0,0.0,0.5,medium,0,74.31851869743373
1.0,0.0,0.0,0.0,0.0,0.0,0.0,0.0,0.3333333333333333,1.0,0.0,0.3333333333333333,0.0,1.0,0.0,1.0,0.3333333333333333,0.0,0.0,0.6,medium,0,70.38571511128406
0.0,0.0,0.0,0.0,0.0,0.0,0.0,0.0,0.0,0.0,0.0,0.3333333333333333,0.0,0.0,0.0,0.11099186666666666,0.0,0.0,0.0,0.5,normal,0,8.248863646452993
1.0,0.0,1.0,0.0,0.0,0.0,0.0,0.0,0.0,0.0,1.0,0.0,0.0,0.0,0.0,0.0,0.6666666666666666,0.9444444444444444,0.0,0.4,compromised,1,88.35577281204463
0.0,0.0,0.0,0.0,0.0,0.0,0.0,0.0,0.0,0.0,0.0,0.3333333333333333,0.0,0.0,0.0,0.10994746666666666,0.0,0.0,0.0,0.6,normal,0,10.564750735379127
0.0,0.0,0.0,0.0,0.0,0.0,0.0,0.0,0.0,0.0,0.0,0.3333333333333333,0.0,0.0,0.0,0.19420893333333333,0.0,0.0,1.0,0.8,normal,0,23.002835806136872
0.0,0.0,0.0,0.0,0.0,0.0,0.0,0.0,0.0,0.0,0.0,0.0,0.0,0.0,0.0,0.0,0.0,0.0,0.0,0.4,normal,0,1.2405346422868369
1.0,1.0,1.0,0.0,1.0,0.0,1.0,0.0,0.0,0.0,1.0,1.0,1.0,1.0,1.0,1.0,1.6666666666666667,0.8888888888888888,0.0,1.0,compromised,1,92.79453751518666
0.0,0.0,0.0,0.0,0.0,0.0,0.0,0.0,0.0,0.0,0.0,0.3333333333333333,0.0,0.0,0.0,0.45047811763507783,0.0,0.0,1.0,0.5,normal,0,21.958842060765452
0.0,0.0,0.0,0.0,0.0,0.0,0.0,0.0,0.0,0.0,1.0,0.3333333333333333,0.0,0.0,0.0,0.16386106666666667,0.0,0.0,1.0,0.6,normal,0,27.30521601038685
0.0,0.0,0.0,0.0,0.0,0.0,0.0,0.0,0.0,0.0,0.0,0.3333333333333333,0.0,0.0,0.0,0.12869946666666665,0.0,0.0,0.0,0.5,normal,0,9.925139159942681
0.0,0.0,0.0,0.0,0.0,0.0,0.0,0.0,0.0,0.0,0.0,0.3333333333333333,0.0,0.0,0.0,0.0,0.0,0.0,0.0,0.6,normal,0,9.612713407097011
1.0,0.0,0.0,0.0,0.0,0.0,0.0,0.0,0.0,0.0,0.0,0.0,0.0,0.0,0.0,0.0,0.3333333333333333,0.0,0.0,0.3,compromised,1,52.51356167072228
0.0,1.0,0.0,0.0,0.0,0.0,0.0,0.0,0.0,0.0,1.0,0.3333333333333333,0.0,0.0,0.0,0.11209813333333334,0.3333333333333333,0.0,0.0,0.7,innocent_security_change,0,44.773589109583426
0.0,0.0,0.0,0.0,0.0,0.0,0.0,0.0,0.0,0.0,0.0,0.3333333333333333,0.0,0.0,0.0,0.15015053333333334,0.0,0.0,0.0,0.6,normal,0,8.68577308454003
0.0,0.0,0.0,0.0,0.0,0.0,0.0,0.0,0.3333333333333333,1.0,1.0,0.3333333333333333,0.0,1.0,0.0,0.5482848,0.0,0.0,0.0,0.7,medium,0,52.17271049931646
0.0,0.0,0.0,0.0,0.0,0.0,0.0,0.0,0.0,0.0,0.0,0.0,0.0,0.0,0.0,0.0,0.0,0.0,0.0,0.5,normal,0,0.0
0.0,0.0,0.0,0.0,0.0,0.0,0.0,0.0,0.0,0.0,0.0,0.3333333333333333,0.0,0.0,0.0,0.15155573333333333,0.0,0.0,0.0,0.5,normal,0,6.094584053209149
0.0,0.0,0.0,0.0,0.0,0.0,0.0,0.0,0.0,0.0,0.0,0.3333333333333333,0.0,0.0,0.0,0.08018213333333334,0.0,0.0,0.0,0.6,normal,0,12.791993926217204
0.0,0.0,0.0,0.0,0.0,0.0,0.0,0.0,0.0,0.0,0.0,0.0,0.0,0.0,0.0,0.0,0.0,0.0,0.0,0.5,normal,0,4.8385927838659475
0.0,0.0,0.0,0.0,0.0,0.0,0.0,0.0,0.0,0.0,0.0,0.3333333333333333,0.0,0.0,0.0,0.12862386417737107,0.0,0.0,0.0,0.6,normal,0,11.425843278646264
1.0,1.0,1.0,0.0,1.0,0.0,1.0,0.0,0.0,0.0,1.0,1.0,1.0,1.0,1.0,1.0,1.6666666666666667,0.9333333333333333,0.0,1.0,compromised,1,94.5571049298901
0.0,0.0,0.0,0.0,0.0,0.0,0.0,0.0,0.0,0.0,0.0,0.0,0.0,0.0,0.0,0.0,0.0,0.0,0.0,0.4,normal,0,1.0974068590226076
0.0,0.0,0.0,0.0,0.0,0.0,0.0,0.0,0.0,0.0,0.0,0.0,0.0,0.0,0.0,0.0,0.0,0.0,0.0,0.5,normal,0,2.914175234311295
1.0,1.0,1.0,0.0,1.0,0.0,1.0,0.0,0.0,0.0,1.0,1.0,1.0,1.0,1.0,1.0,1.6666666666666667,0.8777777777777778,0.0,1.1,compromised,1,94.03854251245649
0.0,0.0,0.0,0.0,0.0,0.0,0.0,0.0,0.0,0.0,0.0,0.0,0.0,0.0,0.0,0.0,0.0,0.0,0.0,0.4,normal,0,1.0196125656497137
0.0,0.0,0.0,0.0,0.0,0.0,0.0,0.0,0.3333333333333333,1.0,1.0,0.3333333333333333,0.0,1.0,0.0,0.6691368,0.0,0.0,0.0,0.6,medium,0,53.09090102684491
0.0,0.0,0.0,0.0,0.0,0.0,0.0,0.0,0.0,0.0,0.0,0.3333333333333333,0.0,0.0,0.0,0.0234644,0.0,0.0,0.0,0.6,normal,0,13.774568693807558
1.0,1.0,1.0,0.0,1.0,0.0,1.0,0.0,0.0,0.0,1.0,1.0,1.0,1.0,1.0,1.0,1.6666666666666667,0.8388888888888889,0.0,1.0,compromised,1,96.94270172567202
0.0,0.0,0.0,0.0,0.0,0.0,0.0,0.0,0.0,0.0,0.0,0.0,0.0,0.0,0.0,0.0,0.0,0.0,0.0,0.5,normal,0,5.462262989317801
0.0,0.0,0.0,0.0,0.0,0.0,0.0,0.0,0.0,0.0,1.0,0.3333333333333333,0.0,0.0,0.0,0.16233220654218308,0.0,0.0,0.0,0.6,normal,0,16.31140438352527
1.0,1.0,1.0,0.0,1.0,0.0,1.0,0.0,0.0,0.0,0.0,1.0,1.0,1.0,1.0,1.0,1.6666666666666667,0.8111111111111111,0.0,1.0,compromised,1,99.39020882155323
0.0,0.0,0.0,0.0,0.0,0.0,0.0,0.0,0.0,0.0,0.0,0.3333333333333333,0.0,0.0,0.0,0.1170404,0.0,0.0,0.0,0.6,normal,0,9.410341105933236
0.0,0.0,0.0,0.0,0.0,0.0,0.0,0.0,0.0,0.0,1.0,0.3333333333333333,0.0,0.0,0.0,0.08587573333333334,0.0,0.0,0.0,0.6,normal,0,20.98254065354538
0.0,0.0,0.0,0.0,0.0,0.0,0.0,0.0,0.0,0.0,1.0,0.0,0.0,0.0,0.0,0.0,0.0,0.0,0.0,0.6,normal,0,13.54424004371209
0.0,0.0,0.0,0.0,0.0,0.0,0.0,0.0,0.0,0.0,1.0,0.3333333333333333,0.0,0.0,0.0,0.16238573333333334,0.0,0.0,1.0,0.9,innocent_security_change,0,32.809697033218896
1.0,1.0,1.0,0.0,1.0,0.0,1.0,0.0,0.0,0.0,0.0,1.0,1.0,1.0,1.0,1.0,1.6666666666666667,0.8777777777777778,0.0,1.0,compromised,1,95.59886925316778
0.0,0.0,0.0,0.0,0.0,0.0,0.0,0.0,0.0,0.0,1.0,0.3333333333333333,0.0,0.0,0.0,0.23238687737083522,0.0,0.0,1.0,0.8,innocent_security_change,0,31.282457170882918
0.0,0.0,0.0,0.0,0.0,0.0,0.0,0.0,0.0,0.0,0.0,0.3333333333333333,0.0,0.0,0.0,0.13445853333333332,0.0,0.0,0.0,0.7,normal,0,11.58583598802102
0.0,0.0,0.0,0.0,0.0,0.0,0.0,0.0,0.0,0.0,0.0,0.3333333333333333,0.0,0.0,0.0,0.057075333333333325,0.0,0.0,0.0,0.6,normal,0,10.248459330364229
1.0,1.0,1.0,0.0,1.0,0.0,1.0,0.0,0.0,0.0,0.0,1.0,1.0,1.0,1.0,1.0,1.6666666666666667,0.9222222222222223,0.0,1.0,compromised,1,97.35377821798588
0.0,0.0,0.0,0.0,0.0,0.0,0.0,0.0,0.3333333333333333,1.0,1.0,0.3333333333333333,0.0,1.0,0.0,1.0,0.0,0.0,0.0,0.6,medium,0,51.62658337778618
0.0,0.0,0.0,0.0,0.0,0.0,0.0,0.0,0.0,0.0,1.0,0.3333333333333333,0.0,0.0,0.0,0.34204721863315507,0.0,0.0,0.0,0.8,normal,0,24.207129402702222
1.0,1.0,0.0,0.0,0.0,0.0,0.0,0.0,0.0,0.0,1.0,0.0,0.0,0.0,0.0,0.0,0.6666666666666666,0.8666666666666667,0.0,0.5,compromised,1,76.85779730940217
0.0,0.0,0.0,0.0,0.0,0.0,0.0,0.0,0.0,0.0,0.0,0.0,0.0,0.0,0.0,0.0,0.0,0.0,0.0,0.4,normal,0,3.4702848317246193
0.0,0.0,0.0,0.0,0.0,0.0,0.0,0.0,0.3333333333333333,1.0,1.0,0.3333333333333333,1.0,1.0,0.0,1.0,0.0,0.0,0.0,0.8,medium,0,60.791744047263855
0.0,0.0,0.0,0.0,0.0,0.0,0.0,0.0,0.0,0.0,0.0,0.0,0.0,0.0,0.0,0.0,0.0,0.0,0.0,0.5,normal,0,5.566028477558146
0.0,0.0,0.0,0.0,0.0,0.0,0.0,0.0,0.3333333333333333,1.0,0.0,0.3333333333333333,0.0,1.0,0.0,1.0,0.0,0.0,0.0,0.6,medium,0,50.71752568263565
0.0,0.0,0.0,0.0,0.0,0.0,0.0,0.0,0.0,0.0,0.0,0.3333333333333333,0.0,0.0,0.0,0.08092906666666667,0.0,0.0,0.0,0.6,normal,0,8.327159330306445
0.0,0.0,0.0,1.0,0.0,0.0,0.0,0.0,0.0,0.0,0.0,0.3333333333333333,0.0,0.0,0.0,0.1082856,0.3333333333333333,0.0,0.0,0.6,innocent_security_change,0,32.14965016380223
0.0,0.0,0.0,0.0,0.0,0.0,0.0,0.0,0.0,0.0,0.0,0.3333333333333333,0.0,0.0,0.0,1.0,0.0,0.0,1.0,0.6,normal,0,25.900251181925167
0.0,0.0,0.0,0.0,0.0,0.0,0.0,0.0,0.3333333333333333,1.0,1.0,0.3333333333333333,0.0,1.0,0.0,0.5502105333333334,0.0,0.0,0.0,0.7,medium,0,52.440623518635796
0.0,0.0,0.0,0.0,0.0,0.0,0.0,0.0,0.0,0.0,0.0,0.3333333333333333,0.0,0.0,0.0,0.0941352673134937,0.0,0.0,0.0,0.5,normal,0,12.02522693307332
0.0,0.0,0.0,0.0,0.0,0.0,0.0,0.0,0.0,0.0,1.0,0.3333333333333333,0.0,0.0,0.0,0.08938133333333334,0.0,0.0,0.0,0.6,normal,0,15.476557238623428
0.0,1.0,0.0,0.0,0.0,0.0,0.0,0.0,0.0,0.0,1.0,0.3333333333333333,0.0,0.0,0.0,0.1,0.3333333333333333,0.0,0.0,0.9,innocent_security_change,0,46.07817663876024
0.0,0.0,0.0,0.0,0.0,0.0,0.0,0.0,0.0,0.0,0.0,0.3333333333333333,0.0,0.0,0.0,0.15966653333333333,0.0,0.0,0.0,0.6,normal,0,10.796482065592613
1.0,0.0,0.0,0.0,0.0,0.0,0.0,0.0,0.3333333333333333,1.0,0.0,0.3333333333333333,0.0,1.0,0.0,0.47686813333333333,0.3333333333333333,0.0,1.0,0.9,medium,0,73.62873441069873
1.0,0.0,0.0,0.0,0.0,0.0,0.0,0.0,0.0,0.0,0.0,0.0,0.0,0.0,0.0,0.0,0.3333333333333333,0.0,0.0,0.4,compromised,1,55.57891238038291
0.0,0.0,0.0,0.0,0.0,0.0,0.0,0.0,0.0,0.0,0.0,0.3333333333333333,0.0,0.0,0.0,0.06605173333333333,0.0,0.0,0.0,0.5,normal,0,8.4752391130233
0.0,0.0,0.0,0.0,0.0,0.0,0.0,0.0,0.3333333333333333,1.0,1.0,0.3333333333333333,0.0,1.0,0.0,0.7125289333333333,0.0,0.0,0.0,0.8,medium,0,50.44604709259612
0.0,0.0,0.0,0.0,0.0,0.0,0.0,0.0,0.0,0.0,0.0,0.0,0.0,0.0,0.0,0.0,0.0,0.0,0.0,0.5,normal,0,3.760279453540289
1.0,0.0,0.0,0.0,0.0,0.0,0.0,0.0,0.3333333333333333,1.0,1.0,0.3333333333333333,0.0,1.0,0.0,0.47781226666666665,0.3333333333333333,0.0,0.0,0.8,medium,0,77.50848814425834
0.0,0.0,0.0,0.0,0.0,0.0,0.0,0.0,0.0,0.0,1.0,0.3333333333333333,0.0,0.0,0.0,0.16837253333333335,0.0,0.0,1.0,0.6,normal,0,27.66235799405235
0.0,0.0,0.0,0.0,0.0,0.0,0.0,0.0,0.0,0.0,0.0,0.3333333333333333,1.0,0.0,0.0,0.5406255871496101,0.0,0.0,1.0,0.6,normal,0,37.16145486469502
0.0,1.0,0.0,0.0,0.0,0.0,0.0,0.0,0.0,0.0,0.0,0.3333333333333333,0.0,0.0,0.0,0.03793213333333333,0.3333333333333333,0.0,0.0,0.7,innocent_security_change,0,39.490477567311295
1.0,0.0,0.0,0.0,0.0,0.0,0.0,0.0,0.3333333333333333,1.0,0.0,0.3333333333333333,0.0,1.0,0.0,1.0,0.3333333333333333,0.0,0.0,0.8,medium,0,69.5334674904399
0.0,0.0,0.0,0.0,0.0,0.0,0.0,0.0,0.0,0.0,0.0,0.3333333333333333,1.0,0.0,0.0,0.17531253333333335,0.0,0.0,0.0,0.7,normal,0,23.284384190943925
1.0,1.0,1.0,0.0,1.0,0.0,1.0,0.0,0.0,0.0,1.0,1.0,1.0,1.0,1.0,1.0,1.6666666666666667,0.9277777777777778,0.0,1.0,compromised,1,96.63795996744626
0.0,0.0,0.0,0.0,0.0,0.0,0.0,0.0,0.0,0.0,0.0,0.3333333333333333,0.0,0.0,0.0,0.0,0.0,0.0,0.0,0.5,normal,0,10.440051558861082
0.0,0.0,0.0,0.0,0.0,0.0,0.0,0.0,0.0,0.0,0.0,0.3333333333333333,1.0,0.0,0.0,1.0,0.0,0.0,0.0,0.5,normal,0,25.58849935434128
0.0,0.0,0.0,0.0,0.0,0.0,0.0,0.0,0.0,0.0,1.0,0.3333333333333333,0.0,0.0,0.0,0.010680933333333333,0.0,0.0,0.0,0.6,normal,0,25.70925966109186
0.0,0.0,0.0,0.0,0.0,0.0,0.0,0.0,0.0,0.0,0.0,0.3333333333333333,0.0,0.0,0.0,0.0875188,0.0,0.0,0.0,0.5,normal,0,11.717246148940227
1.0,1.0,1.0,0.0,1.0,0.0,1.0,0.0,0.0,0.0,0.0,1.0,1.0,1.0,1.0,1.0,1.6666666666666667,0.8611111111111112,0.0,1.0,compromised,1,98.14638471053738
0.0,0.0,0.0,0.0,0.0,0.0,0.0,0.0,0.3333333333333333,1.0,1.0,0.3333333333333333,0.0,1.0,0.0,1.0,0.0,0.0,0.0,0.5,medium,0,56.35702828247471
1.0,1.0,1.0,0.0,1.0,0.0,0.0,0.0,0.0,0.0,0.0,1.0,1.0,1.0,1.0,1.0,1.3333333333333333,0.9055555555555556,0.0,0.9,compromised,1,100.0
0.0,0.0,0.0,0.0,0.0,0.0,0.0,0.0,0.0,0.0,0.0,0.0,0.0,0.0,0.0,0.0,0.0,0.0,0.0,0.4,normal,0,5.044050822178804
0.0,0.0,0.0,0.0,0.0,0.0,0.0,0.0,0.0,0.0,0.0,0.3333333333333333,0.0,0.0,0.0,0.014210266666666667,0.0,0.0,0.0,0.6,normal,0,12.457389320908504
0.0,0.0,0.0,0.0,0.0,0.0,0.0,0.0,0.3333333333333333,1.0,0.0,0.3333333333333333,0.0,1.0,0.0,0.7980002666666666,0.0,0.0,0.0,0.5,medium,0,46.809342391871574
0.0,0.0,0.0,0.0,0.0,0.0,0.0,0.0,0.0,0.0,0.0,0.3333333333333333,0.0,0.0,0.0,0.14174986666666667,0.0,0.0,0.0,0.7,normal,0,12.023768176967366
0.0,0.0,0.0,0.0,0.0,0.0,0.0,0.0,0.0,0.0,0.0,0.0,0.0,0.0,0.0,0.0,0.0,0.0,0.0,0.4,normal,0,1.6776956006955432
0.0,0.0,0.0,0.0,0.0,0.0,0.0,0.0,0.0,0.0,1.0,0.3333333333333333,0.0,0.0,0.0,0.10409800000000001,0.0,0.0,0.0,0.6,normal,0,18.360089867435118
0.0,0.0,0.0,0.0,0.0,0.0,0.0,0.0,0.0,0.0,0.0,0.0,0.0,0.0,0.0,0.0,0.0,0.0,0.0,0.5,normal,0,1.853506854278812
0.0,0.0,0.0,0.0,0.0,0.0,0.0,0.0,0.0,0.0,0.0,0.3333333333333333,0.0,0.0,0.0,0.14679986666666667,0.0,0.0,0.0,0.7,normal,0,9.065531665115223
0.0,0.0,0.0,0.0,0.0,0.0,0.0,0.0,0.0,0.0,0.0,0.3333333333333333,1.0,0.0,0.0,0.16167399999999998,0.0,0.0,0.0,0.6,normal,0,23.717266456664415
1.0,0.0,0.0,0.0,0.0,0.0,0.0,0.0,0.0,0.0,1.0,0.0,0.0,0.0,0.0,0.0,0.3333333333333333,0.0,0.0,0.3,compromised,1,52.617278714026064
0.0,0.0,0.0,0.0,0.0,0.0,0.0,0.0,0.0,0.0,0.0,0.0,0.0,0.0,0.0,0.0,0.0,0.0,0.0,0.5,normal,0,4.048333413886832
1.0,1.0,1.0,0.0,1.0,0.0,1.0,0.0,0.0,0.0,1.0,1.0,1.0,1.0,1.0,1.0,1.6666666666666667,0.8833333333333333,0.0,0.9,compromised,1,97.91179241949499
1.0,0.0,0.0,0.0,0.0,0.0,0.0,0.0,0.3333333333333333,1.0,0.0,0.3333333333333333,0.0,1.0,0.0,1.0,0.3333333333333333,0.0,0.0,0.9,medium,0,75.52764486417706
1.0,1.0,1.0,0.0,1.0,0.0,1.0,0.0,0.0,0.0,0.0,1.0,1.0,1.0,1.0,1.0,1.6666666666666667,0.8944444444444445,0.0,1.0,compromised,1,96.49034305137272
1.0,1.0,1.0,0.0,1.0,0.0,1.0,0.0,0.0,0.0,0.0,1.0,1.0,1.0,1.0,1.0,1.6666666666666667,0.8722222222222222,0.0,1.0,compromised,1,100.0
1.0,0.0,0.0,0.0,0.0,0.0,0.0,0.0,0.3333333333333333,1.0,0.0,0.3333333333333333,0.0,1.0,0.0,0.48532373333333334,0.3333333333333333,0.0,0.0,0.9,medium,0,76.62967247658375
0.0,0.0,0.0,0.0,0.0,0.0,0.0,0.0,0.0,0.0,0.0,0.0,0.0,0.0,0.0,0.0,0.0,0.0,0.0,0.5,normal,0,0.4596858533157482
1.0,1.0,1.0,0.0,1.0,0.0,1.0,0.0,0.0,0.0,0.0,1.0,1.0,1.0,1.0,1.0,1.6666666666666667,0.8722222222222222,0.0,1.0,compromised,1,98.36354583295126
0.0,0.0,0.0,0.0,0.0,0.0,0.0,0.0,0.0,0.0,0.0,0.0,0.0,0.0,0.0,0.0,0.0,0.0,0.0,0.5,normal,0,2.051026746184246
0.0,0.0,0.0,0.0,0.0,0.0,0.0,0.0,0.0,0.0,0.0,0.3333333333333333,0.0,0.0,0.0,0.09437853333333333,0.0,0.0,0.0,0.6,normal,0,8.591548037588153
0.0,0.0,0.0,0.0,0.0,0.0,0.0,0.0,0.0,0.0,0.0,0.0,0.0,0.0,0.0,0.0,0.0,0.0,0.0,0.4,normal,0,0.0
0.0,0.0,0.0,0.0,0.0,0.0,0.0,0.0,0.0,0.0,1.0,0.0,0.0,0.0,0.0,0.0,0.0,0.0,0.0,0.5,normal,0,14.6176226761385
0.0,0.0,0.0,0.0,0.0,0.0,0.0,0.0,0.3333333333333333,1.0,0.0,0.3333333333333333,0.0,1.0,0.0,1.0,0.0,0.0,0.0,0.4,medium,0,45.949401289414084
0.0,0.0,0.0,0.0,0.0,0.0,0.0,0.0,0.3333333333333333,1.0,1.0,0.3333333333333333,0.0,1.0,0.0,0.41949306666666664,0.0,0.0,0.0,0.7,medium,0,52.449419418719316
0.0,0.0,0.0,0.0,0.0,0.0,0.0,0.0,0.0,0.0,1.0,0.0,0.0,0.0,0.0,0.0,0.0,0.0,0.0,0.5,normal,0,16.021536485566465
1.0,1.0,1.0,0.0,1.0,0.0,0.0,0.0,0.0,0.0,1.0,1.0,1.0,1.0,1.0,1.0,1.3333333333333333,0.8888888888888888,0.0,0.9,compromised,1,100.0
0.0,0.0,0.0,0.0,0.0,0.0,0.0,0.0,0.3333333333333333,1.0,1.0,0.3333333333333333,0.0,1.0,0.0,1.0,0.0,0.0,0.0,0.7,medium,0,51.94500959125185
0.0,0.0,0.0,0.0,0.0,0.0,0.0,0.0,0.0,0.0,0.0,0.3333333333333333,0.0,0.0,0.0,0.06442493333333334,0.0,0.0,0.0,0.6,normal,0,11.928110260990247
0.0,0.0,0.0,0.0,0.0,0.0,0.0,0.0,0.0,0.0,0.0,0.3333333333333333,0.0,0.0,0.0,0.19651213333333334,0.0,0.0,1.0,0.7,normal,0,22.20781007286238
1.0,0.0,0.0,0.0,0.0,0.0,0.0,0.0,0.3333333333333333,1.0,1.0,0.3333333333333333,0.0,1.0,0.0,0.755296,0.3333333333333333,0.0,0.0,0.7,medium,0,75.39688685240979
0.0,0.0,0.0,0.0,0.0,0.0,0.0,0.0,0.0,0.0,0.0,0.3333333333333333,0.0,0.0,0.0,1.0,0.0,0.0,1.0,0.7,normal,0,27.45212319208768
1.0,1.0,1.0,0.0,1.0,0.0,1.0,0.0,0.0,0.0,0.0,0.0,0.0,0.0,0.0,0.0,1.6666666666666667,0.8055555555555556,0.0,0.7,compromised,1,98.49026721872708
0.0,0.0,0.0,0.0,0.0,0.0,0.0,0.0,0.3333333333333333,1.0,0.0,0.3333333333333333,0.0,1.0,0.0,1.0,0.0,0.0,0.0,0.5,medium,0,48.6009170608303
0.0,0.0,0.0,0.0,0.0,0.0,0.0,0.0,0.0,0.0,0.0,0.0,0.0,0.0,0.0,0.0,0.0,0.0,0.0,0.5,normal,0,5.1609614803069
0.0,0.0,0.0,0.0,0.0,0.0,0.0,0.0,0.0,0.0,1.0,0.0,0.0,0.0,0.0,0.0,0.0,0.0,0.0,0.6,normal,0,12.108431059741545
1.0,0.0,0.0,0.0,0.0,0.0,0.0,0.0,0.3333333333333333,1.0,0.0,0.0,0.0,0.0,0.0,0.0,0.3333333333333333,0.0,0.0,0.4,medium,0,58.986004664669686
0.0,0.0,0.0,0.0,0.0,0.0,0.0,0.0,0.0,0.0,0.0,0.3333333333333333,0.0,0.0,0.0,0.12965706666666668,0.0,0.0,0.0,0.6,normal,0,10.158995970953796
0.0,0.0,0.0,0.0,0.0,0.0,0.0,0.0,0.0,0.0,0.0,0.3333333333333333,0.0,0.0,0.0,0.0322136,0.0,0.0,0.0,0.5,normal,0,9.355859610773209
1.0,0.0,0.0,0.0,0.0,0.0,0.0,0.0,0.3333333333333333,1.0,0.0,0.3333333333333333,0.0,1.0,0.0,1.0,0.3333333333333333,0.0,0.0,0.6,medium,0,71.95184416325681
0.0,0.0,0.0,0.0,0.0,0.0,0.0,0.0,0.3333333333333333,1.0,0.0,0.3333333333333333,0.0,1.0,0.0,1.0,0.0,0.0,0.0,0.6,medium,0,48.384142120891276
0.0,0.0,0.0,0.0,0.0,0.0,0.0,0.0,0.0,0.0,1.0,0.0,0.0,0.0,0.0,0.0,0.0,0.0,0.0,0.4,normal,0,8.68470457353537
1.0,0.0,0.0,0.0,0.0,0.0,0.0,0.0,0.3333333333333333,1.0,0.0,0.3333333333333333,0.0,1.0,0.0,0.5497137333333333,0.3333333333333333,0.0,0.0,0.7,medium,0,70.29024237689583
0.0,0.0,0.0,0.0,0.0,0.0,0.0,0.0,0.0,0.0,0.0,0.3333333333333333,0.0,0.0,0.0,0.0,0.0,0.0,0.0,0.6,normal,0,11.576593616555181
0.0,0.0,0.0,0.0,0.0,0.0,0.0,0.0,0.0,0.0,0.0,0.3333333333333333,0.0,0.0,0.0,0.0921352,0.0,0.0,0.0,0.6,normal,0,12.60821963791129
0.0,0.0,0.0,0.0,0.0,0.0,0.0,0.0,0.0,0.0,0.0,0.3333333333333333,0.0,0.0,0.0,0.0,0.0,0.0,1.0,0.4,innocent_security_change,0,15.543894045426962
0.0,0.0,0.0,0.0,0.0,0.0,0.0,0.0,0.3333333333333333,1.0,0.0,0.3333333333333333,0.0,1.0,0.0,1.0,0.0,0.0,0.0,0.6,medium,0,45.86434336982485
1.0,1.0,1.0,0.0,1.0,0.0,1.0,0.0,0.0,0.0,0.0,1.0,1.0,1.0,1.0,1.0,1.6666666666666667,0.8944444444444445,0.0,0.9,compromised,1,95.21107318321262
0.0,0.0,0.0,0.0,0.0,0.0,0.0,0.0,0.0,0.0,0.0,0.3333333333333333,0.0,0.0,0.0,0.0,0.0,0.0,0.0,0.5,normal,0,8.30847856043424
1.0,0.0,0.0,0.0,0.0,0.0,0.0,0.0,0.3333333333333333,1.0,0.0,0.3333333333333333,0.0,1.0,0.0,1.0,0.3333333333333333,0.0,0.0,0.5,medium,0,76.03838023780315
0.0,0.0,0.0,0.0,0.0,0.0,0.0,0.0,0.0,0.0,0.0,0.3333333333333333,0.0,0.0,0.0,0.0,0.0,0.0,0.0,0.6,normal,0,12.219929724223805
0.0,0.0,0.0,0.0,0.0,0.0,0.0,0.0,0.0,0.0,0.0,0.3333333333333333,0.0,0.0,0.0,0.12589373333333334,0.0,0.0,0.0,0.7,normal,0,10.933932329918216
0.0,0.0,0.0,0.0,0.0,0.0,0.0,0.0,0.0,0.0,1.0,0.3333333333333333,0.0,0.0,0.0,0.084752,0.0,0.0,0.0,0.6,normal,0,17.317403318877155
1.0,0.0,0.0,0.0,0.0,0.0,0.0,0.0,0.0,0.0,1.0,0.0,0.0,0.0,0.0,0.0,0.3333333333333333,0.0,0.0,0.4,compromised,1,57.811389090509444
0.0,0.0,0.0,0.0,0.0,0.0,0.0,0.0,0.0,0.0,0.0,0.3333333333333333,0.0,0.0,0.0,0.08295706666666666,0.0,0.0,0.0,0.7,normal,0,9.56621313877139
0.0,0.0,0.0,0.0,0.0,0.0,0.0,0.0,0.0,0.0,1.0,0.0,0.0,0.0,0.0,0.0,0.0,0.0,0.0,0.5,normal,0,12.24144935208736
0.0,0.0,0.0,0.0,0.0,0.0,0.0,0.0,0.3333333333333333,1.0,0.0,0.3333333333333333,0.0,1.0,0.0,0.7103949333333334,0.0,0.0,0.0,0.7,medium,0,49.89220501605613
0.0,0.0,0.0,0.0,0.0,0.0,0.0,0.0,0.0,0.0,0.0,0.0,0.0,0.0,0.0,0.0,0.0,0.0,0.0,0.4,normal,0,4.934972782122216
1.0,1.0,1.0,0.0,0.0,0.0,0.0,0.0,0.0,0.0,0.0,0.0,0.0,0.0,0.0,0.0,1.0,0.8333333333333334,0.0,0.5,compromised,1,85.6629848049047
0.0,0.0,0.0,0.0,0.0,0.0,0.0,0.0,0.0,0.0,0.0,0.3333333333333333,0.0,0.0,0.0,0.0651684,0.0,0.0,1.0,0.6,innocent_security_change,0,15.325368570413929
0.0,0.0,0.0,0.0,0.0,0.0,0.0,0.0,0.0,0.0,0.0,0.0,0.0,0.0,0.0,0.0,0.0,0.0,0.0,0.5,normal,0,4.099533522204203
0.0,0.0,0.0,0.0,0.0,0.0,0.0,0.0,0.0,0.0,1.0,0.3333333333333333,1.0,0.0,0.0,0.19653386666666667,0.0,0.0,0.0,0.9,normal,0,36.238027060566196
0.0,0.0,0.0,0.0,0.0,0.0,0.0,0.0,0.0,0.0,0.0,0.3333333333333333,0.0,0.0,0.0,0.123692,0.0,0.0,0.0,0.5,normal,0,9.920848279597383
1.0,1.0,1.0,0.0,1.0,0.0,1.0,0.0,0.0,0.0,0.0,0.6666666666666666,1.0,0.0,1.0,1.0,1.6666666666666667,0.8777777777777778,0.0,0.9,compromised,1,100.0
0.0,0.0,0.0,0.0,0.0,0.0,0.0,0.0,0.0,0.0,1.0,0.3333333333333333,0.0,0.0,0.0,0.0,0.0,0.0,0.0,0.5,normal,0,21.853487767716608
0.0,0.0,0.0,0.0,0.0,1.0,0.0,0.0,0.0,0.0,0.0,0.3333333333333333,0.0,0.0,0.0,0.8921582513649775,0.3333333333333333,0.0,1.0,0.7,innocent_security_change,0,47.52508726783753
1.0,0.0,0.0,0.0,0.0,0.0,0.0,0.0,0.0,0.0,0.0,0.0,0.0,0.0,0.0,0.0,0.3333333333333333,0.0,0.0,0.3,compromised,1,52.61599880793657
0.0,0.0,0.0,0.0,0.0,0.0,0.0,0.0,0.0,0.0,1.0,0.3333333333333333,0.0,0.0,0.0,0.093692,0.0,0.0,0.0,0.7,normal,0,22.350812401025188
0.0,0.0,0.0,0.0,0.0,0.0,0.0,0.0,0.0,0.0,0.0,0.3333333333333333,0.0,0.0,0.0,0.0617176,0.0,0.0,0.0,0.7,normal,0,14.887073081737437
1.0,0.0,0.0,0.0,0.0,0.0,0.0,0.0,0.3333333333333333,1.0,0.0,0.3333333333333333,0.0,1.0,0.0,0.6391192,0.3333333333333333,0.0,0.0,0.7,medium,0,74.55652475057362
1.0,0.0,0.0,0.0,0.0,0.0,0.0,0.0,0.3333333333333333,1.0,0.0,0.3333333333333333,0.0,1.0,0.0,0.6809965333333333,0.3333333333333333,0.0,1.0,0.9,medium,0,74.98855810300044
1.0,0.0,0.0,0.0,0.0,0.0,0.0,0.0,0.3333333333333333,1.0,0.0,0.3333333333333333,0.0,1.0,0.0,1.0,0.3333333333333333,0.0,0.0,0.5,medium,0,73.30572691737028
0.0,0.0,0.0,0.0,0.0,0.0,0.0,0.0,0.0,0.0,0.0,0.3333333333333333,0.0,0.0,0.0,0.0,0.0,0.0,0.0,0.8,normal,0,11.796773024051541
1.0,0.0,0.0,0.0,0.0,0.0,0.0,0.0,0.3333333333333333,1.0,1.0,0.3333333333333333,0.0,1.0,0.0,0.4889061333333333,0.3333333333333333,0.0,0.0,0.7,medium,0,72.43074126343352
0.0,0.0,0.0,0.0,0.0,0.0,0.0,0.0,0.0,0.0,0.0,0.3333333333333333,0.0,0.0,0.0,0.0756344,0.0,0.0,1.0,0.4,innocent_security_change,0,17.07876025526701
0.0,0.0,0.0,0.0,0.0,1.0,0.0,0.0,0.0,0.0,1.0,0.3333333333333333,0.0,0.0,0.0,0.11338346666666667,0.3333333333333333,0.0,0.0,0.7,innocent_security_change,0,40.45713252148461
0.0,0.0,0.0,0.0,0.0,0.0,0.0,0.0,0.0,0.0,1.0,0.0,0.0,0.0,0.0,0.0,0.0,0.0,0.0,0.5,normal,0,8.058946321327163
0.0,0.0,0.0,0.0,0.0,0.0,0.0,0.0,0.0,0.0,0.0,0.3333333333333333,0.0,0.0,0.0,0.0,0.0,0.0,0.0,0.5,normal,0,13.077854429773813
1.0,1.0,1.0,0.0,1.0,0.0,1.0,0.0,0.0,0.0,1.0,0.0,0.0,0.0,0.0,0.0,1.6666666666666667,0.8944444444444445,0.0,0.7,compromised,1,97.97095426885745
0.0,0.0,0.0,0.0,0.0,0.0,0.0,0.0,0.0,0.0,0.0,0.3333333333333333,0.0,0.0,0.0,0.0445932,0.0,0.0,0.0,0.5,normal,0,8.679016975672708
0.0,0.0,0.0,0.0,0.0,0.0,0.0,0.0,0.3333333333333333,1.0,0.0,0.3333333333333333,0.0,1.0,0.0,1.0,0.0,0.0,0.0,0.6,medium,0,49.767231212196755
0.0,0.0,0.0,0.0,0.0,0.0,0.0,0.0,0.0,0.0,0.0,0.3333333333333333,0.0,0.0,0.0,0.038004,0.0,0.0,0.0,0.5,normal,0,9.749833346810286
1.0,0.0,0.0,0.0,0.0,0.0,0.0,0.0,0.3333333333333333,1.0,0.0,0.3333333333333333,0.0,1.0,0.0,0.6400742666666667,0.3333333333333333,0.0,0.0,0.7,medium,0,76.51670552800738
1.0,1.0,1.0,0.0,1.0,0.0,1.0,0.0,0.0,0.0,0.0,0.0,0.0,0.0,0.0,0.0,1.6666666666666667,0.9055555555555556,0.0,0.7,compromised,1,97.08183003713356
0.0,0.0,0.0,0.0,0.0,0.0,0.0,0.0,0.0,0.0,0.0,0.0,0.0,0.0,0.0,0.0,0.0,0.0,0.0,0.5,normal,0,0.0708652955700324
0.0,0.0,0.0,0.0,0.0,0.0,0.0,0.0,0.0,0.0,0.0,0.3333333333333333,0.0,0.0,0.0,0.13519706666666667,0.0,0.0,0.0,0.7,normal,0,13.762182827409045
1.0,0.0,0.0,0.0,0.0,0.0,0.0,0.0,0.3333333333333333,1.0,1.0,0.3333333333333333,0.0,1.0,0.0,1.0,0.3333333333333333,0.0,0.0,0.8,medium,0,77.05087445747264
0.0,0.0,0.0,0.0,0.0,0.0,0.0,0.0,0.0,0.0,0.0,0.0,0.0,0.0,0.0,0.0,0.0,0.0,1.0,0.5,innocent_security_change,0,12.157730900674144
0.0,0.0,0.0,0.0,0.0,0.0,0.0,0.0,0.0,0.0,0.0,0.0,0.0,0.0,0.0,0.0,0.0,0.0,0.0,0.5,normal,0,1.7506123511030163
0.0,0.0,0.0,0.0,0.0,0.0,0.0,0.0,0.0,0.0,1.0,0.0,0.0,0.0,0.0,0.0,0.0,0.0,0.0,0.4,normal,0,17.27631021650871
0.0,0.0,0.0,0.0,0.0,0.0,0.0,0.0,0.0,0.0,1.0,0.3333333333333333,0.0,0.0,0.0,0.04297906666666666,0.0,0.0,0.0,0.6,normal,0,22.314949979538447
0.0,1.0,0.0,0.0,0.0,0.0,0.0,0.0,0.0,0.0,1.0,0.3333333333333333,0.0,0.0,0.0,0.011887199999999999,0.3333333333333333,0.0,0.0,0.7,innocent_security_change,0,42.49408087630326
0.0,0.0,0.0,0.0,0.0,0.0,0.0,0.0,0.3333333333333333,1.0,1.0,0.3333333333333333,0.0,1.0,0.0,1.0,0.0,0.0,0.0,0.5,medium,0,50.06658247415126
0.0,0.0,0.0,0.0,0.0,0.0,0.0,0.0,0.0,0.0,0.0,0.3333333333333333,0.0,0.0,0.0,0.011050266666666666,0.0,0.0,0.0,0.6,normal,0,9.079837463155163
0.0,0.0,0.0,0.0,0.0,0.0,0.0,0.0,0.3333333333333333,1.0,1.0,0.3333333333333333,0.0,1.0,0.0,0.724894,0.0,0.0,0.0,0.6,medium,0,52.93840526023295
0.0,0.0,0.0,0.0,0.0,0.0,0.0,0.0,0.3333333333333333,1.0,0.0,0.3333333333333333,0.0,1.0,0.0,0.5334414666666667,0.0,0.0,0.0,0.8,medium,0,46.18389531125609
0.0,0.0,0.0,0.0,0.0,0.0,0.0,0.0,0.3333333333333333,1.0,0.0,0.3333333333333333,0.0,1.0,0.0,0.6663034666666667,0.0,0.0,0.0,0.7,medium,0,49.3681408532977
0.0,0.0,0.0,0.0,0.0,0.0,0.0,0.0,0.0,0.0,1.0,0.3333333333333333,0.0,0.0,0.0,0.08919360000000001,0.0,0.0,0.0,0.6,normal,0,22.227471169256535
0.0,0.0,0.0,0.0,0.0,0.0,0.0,0.0,0.3333333333333333,1.0,1.0,0.3333333333333333,0.0,1.0,0.0,1.0,0.0,0.0,0.0,0.6,medium,0,56.16468870340373
0.0,0.0,0.0,0.0,0.0,0.0,0.0,0.0,0.0,0.0,0.0,0.0,0.0,0.0,0.0,0.0,0.0,0.0,0.0,0.4,normal,0,3.6843227122338895
1.0,0.0,0.0,0.0,0.0,0.0,0.0,0.0,0.3333333333333333,1.0,1.0,0.3333333333333333,0.0,1.0,0.0,1.0,0.3333333333333333,0.0,0.0,0.6,medium,0,73.76298433609125
0.0,0.0,0.0,0.0,0.0,0.0,0.0,0.0,0.0,0.0,0.0,0.3333333333333333,0.0,0.0,0.0,0.1154536,0.0,0.0,0.0,0.7,normal,0,11.552546465375926
0.0,0.0,0.0,0.0,0.0,0.0,0.0,0.0,0.0,0.0,0.0,0.0,0.0,0.0,0.0,0.0,0.0,0.0,0.0,0.5,normal,0,6.221266453299219
1.0,0.0,0.0,0.0,0.0,0.0,0.0,0.0,0.3333333333333333,1.0,0.0,0.3333333333333333,0.0,1.0,0.0,0.5977228,0.3333333333333333,0.0,1.0,0.8,medium,0,75.6477808389367
0.0,0.0,0.0,0.0,0.0,0.0,0.0,0.0,0.0,0.0,0.0,0.0,0.0,0.0,0.0,0.0,0.0,0.0,0.0,0.4,normal,0,4.124910132267163
1.0,1.0,1.0,0.0,1.0,0.0,1.0,0.0,0.0,0.0,0.0,1.0,1.0,1.0,1.0,1.0,1.6666666666666667,0.8555555555555556,0.0,1.1,compromised,1,96.98987679551898
0.0,0.0,0.0,0.0,0.0,0.0,0.0,0.0,0.0,0.0,0.0,0.3333333333333333,0.0,0.0,0.0,0.0,0.0,0.0,0.0,0.6,normal,0,7.324785874508381
1.0,0.0,0.0,0.0,0.0,0.0,0.0,0.0,0.3333333333333333,1.0,1.0,0.3333333333333333,0.0,1.0,0.0,0.587802,0.3333333333333333,0.0,0.0,0.7,medium,0,75.69644653220847
0.0,0.0,0.0,0.0,0.0,1.0,0.0,0.0,0.0,0.0,0.0,0.3333333333333333,1.0,0.0,0.0,0.16033399999999998,0.3333333333333333,0.0,0.0,0.6,innocent_security_change,0,40.68593353177419
0.0,0.0,0.0,0.0,0.0,0.0,0.0,0.0,0.0,0.0,0.0,0.0,0.0,0.0,0.0,0.0,0.0,0.0,0.0,0.5,normal,0,1.931822804873946
0.0,0.0,0.0,1.0,0.0,0.0,0.0,0.0,0.0,0.0,0.0,0.3333333333333333,0.0,0.0,0.0,0.07568813333333332,0.3333333333333333,0.0,0.0,0.7,innocent_security_change,0,29.565462490067027
0.0,0.0,0.0,0.0,0.0,0.0,0.0,0.0,0.0,0.0,1.0,0.3333333333333333,0.0,0.0,0.0,0.17771399999999998,0.0,0.0,1.0,0.7,normal,0,26.286472328705006
0.0,0.0,0.0,0.0,0.0,0.0,0.0,0.0,0.0,0.0,0.0,0.0,0.0,0.0,0.0,0.0,0.0,0.0,0.0,0.4,normal,0,5.665296504618036
0.0,0.0,0.0,0.0,0.0,0.0,0.0,0.0,0.0,0.0,0.0,0.0,0.0,0.0,0.0,0.0,0.0,0.0,0.0,0.5,normal,0,2.83490270955747
0.0,0.0,0.0,0.0,0.0,0.0,0.0,0.0,0.0,0.0,0.0,0.3333333333333333,0.0,0.0,0.0,0.0,0.0,0.0,0.0,0.6,normal,0,13.531204358678451
1.0,1.0,1.0,0.0,1.0,0.0,1.0,0.0,0.0,0.0,0.0,1.0,1.0,1.0,1.0,1.0,1.6666666666666667,0.8833333333333333,0.0,1.1,compromised,1,100.0
0.0,0.0,0.0,0.0,0.0,0.0,0.0,0.0,0.3333333333333333,1.0,0.0,0.3333333333333333,0.0,1.0,0.0,0.5028658666666667,0.0,0.0,0.0,0.7,medium,0,44.73924627322732
1.0,1.0,1.0,0.0,1.0,0.0,1.0,0.0,0.0,0.0,0.0,1.0,1.0,1.0,1.0,1.0,1.6666666666666667,0.8888888888888888,0.0,1.0,compromised,1,95.27098471433311
0.0,0.0,0.0,0.0,0.0,0.0,0.0,0.0,0.0,0.0,0.0,0.0,0.0,0.0,0.0,0.0,0.0,0.0,0.0,0.6,normal,0,0.0
0.0,0.0,0.0,0.0,0.0,0.0,0.0,0.0,0.0,0.0,1.0,0.0,0.0,0.0,0.0,0.0,0.0,0.0,0.0,0.6,normal,0,10.483528406744384
0.0,0.0,0.0,0.0,0.0,1.0,0.0,0.0,0.0,0.0,0.0,0.0,0.0,0.0,0.0,0.0,0.3333333333333333,0.0,0.0,0.4,innocent_security_change,0,19.879683013413377
1.0,1.0,1.0,0.0,1.0,0.0,0.0,0.0,0.0,0.0,0.0,1.0,1.0,1.0,1.0,1.0,1.3333333333333333,0.8944444444444445,0.0,0.9,compromised,1,100.0
1.0,1.0,1.0,0.0,1.0,0.0,1.0,0.0,0.0,0.0,0.0,1.0,1.0,1.0,1.0,1.0,1.6666666666666667,0.8722222222222222,0.0,1.0,compromised,1,98.07093708245138
0.0,0.0,0.0,0.0,0.0,0.0,0.0,0.0,0.0,0.0,0.0,0.3333333333333333,1.0,0.0,0.0,0.17628946666666664,0.0,0.0,0.0,0.6,normal,0,25.042549732990658
0.0,0.0,0.0,0.0,0.0,0.0,0.0,0.0,0.3333333333333333,1.0,1.0,0.3333333333333333,1.0,1.0,0.0,0.7892913333333333,0.0,0.0,0.0,0.7,medium,0,53.50588605620252
0.0,0.0,0.0,0.0,0.0,0.0,0.0,0.0,0.3333333333333333,1.0,1.0,0.3333333333333333,0.0,1.0,0.0,0.4207256,0.0,0.0,0.0,0.6,medium,0,46.67921741868501
0.0,0.0,0.0,0.0,0.0,0.0,0.0,0.0,0.0,0.0,0.0,0.3333333333333333,0.0,0.0,0.0,1.0,0.0,0.0,1.0,0.5,normal,0,30.564568383736788
0.0,0.0,0.0,0.0,0.0,0.0,0.0,0.0,0.3333333333333333,1.0,0.0,0.3333333333333333,0.0,1.0,0.0,1.0,0.0,0.0,0.0,0.6,medium,0,49.125689423473695
0.0,0.0,0.0,0.0,0.0,0.0,0.0,0.0,0.0,0.0,0.0,0.0,0.0,0.0,0.0,0.0,0.0,0.0,0.0,0.5,normal,0,3.2030289068135622
0.0,0.0,0.0,0.0,0.0,0.0,0.0,0.0,0.0,0.0,0.0,0.0,0.0,0.0,0.0,0.0,0.0,0.0,0.0,0.5,normal,0,4.983148000027862
0.0,0.0,0.0,0.0,0.0,0.0,0.0,0.0,0.3333333333333333,1.0,0.0,0.3333333333333333,0.0,1.0,0.0,1.0,0.0,0.0,0.0,0.4,medium,0,51.74234639242756
1.0,0.0,0.0,0.0,0.0,0.0,0.0,0.0,0.3333333333333333,1.0,0.0,0.3333333333333333,0.0,1.0,0.0,1.0,0.3333333333333333,0.0,0.0,0.6,medium,0,74.05978802145756
0.0,0.0,0.0,1.0,0.0,0.0,0.0,0.0,0.0,0.0,0.0,0.0,0.0,0.0,0.0,0.0,0.3333333333333333,0.0,0.0,0.5,innocent_security_change,0,24.0433858369578
0.0,0.0,0.0,0.0,0.0,0.0,0.0,0.0,0.0,0.0,1.0,0.3333333333333333,0.0,0.0,0.0,0.18676933333333334,0.0,0.0,1.0,0.7,normal,0,29.21055833482452
1.0,0.0,0.0,0.0,0.0,0.0,0.0,0.0,0.3333333333333333,1.0,0.0,0.3333333333333333,0.0,1.0,0.0,0.4246501333333333,0.3333333333333333,0.0,0.0,0.7,medium,0,78.57664039503344
0.0,0.0,0.0,0.0,0.0,0.0,0.0,0.0,0.3333333333333333,1.0,1.0,0.3333333333333333,0.0,1.0,0.0,1.0,0.0,0.0,0.0,0.6,medium,0,48.4923754779739
0.0,0.0,0.0,0.0,0.0,0.0,0.0,0.0,0.0,0.0,1.0,0.0,0.0,0.0,0.0,0.0,0.0,0.0,0.0,0.3,normal,0,13.978305028330077
0.0,0.0,0.0,0.0,0.0,0.0,0.0,0.0,0.0,0.0,0.0,0.0,0.0,0.0,0.0,0.0,0.0,0.0,0.0,0.5,normal,0,3.284036481629896
0.0,0.0,0.0,0.0,0.0,0.0,0.0,0.0,0.0,0.0,0.0,0.3333333333333333,0.0,0.0,0.0,0.0,0.0,0.0,0.0,0.7,normal,0,11.969145454853338
0.0,0.0,0.0,0.0,0.0,0.0,0.0,0.0,0.0,0.0,0.0,0.3333333333333333,0.0,0.0,0.0,0.0739688,0.0,0.0,0.0,0.6,normal,0,9.220089927969394
0.0,0.0,0.0,0.0,0.0,0.0,0.0,0.0,0.0,0.0,0.0,0.3333333333333333,0.0,0.0,0.0,0.026071599999999997,0.0,0.0,0.0,0.6,normal,0,10.117938631144597
1.0,0.0,0.0,0.0,0.0,0.0,0.0,0.0,0.3333333333333333,1.0,0.0,0.3333333333333333,0.0,1.0,0.0,0.6996314666666666,0.3333333333333333,0.0,0.0,0.6,medium,0,75.25715007145939
0.0,0.0,0.0,0.0,0.0,0.0,0.0,0.0,0.0,0.0,0.0,0.0,0.0,0.0,0.0,0.0,0.0,0.0,0.0,0.4,normal,0,10.649459713317398
0.0,1.0,0.0,0.0,0.0,0.0,0.0,0.0,0.0,0.0,1.0,0.3333333333333333,0.0,0.0,0.0,0.1824556,0.3333333333333333,0.0,1.0,0.7,innocent_security_change,0,52.44543749396511
0.0,0.0,0.0,0.0,0.0,0.0,0.0,0.0,0.3333333333333333,1.0,1.0,0.3333333333333333,0.0,1.0,0.0,1.0,0.0,0.0,0.0,0.4,medium,0,50.94282320894665
0.0,0.0,0.0,0.0,0.0,0.0,0.0,0.0,0.0,0.0,0.0,0.3333333333333333,0.0,0.0,0.0,0.06532919999999999,0.0,0.0,0.0,0.6,normal,0,9.692036637838681
0.0,0.0,0.0,0.0,0.0,0.0,0.0,0.0,0.3333333333333333,1.0,1.0,0.3333333333333333,0.0,1.0,0.0,1.0,0.0,0.0,0.0,0.8,medium,0,53.275222552927445
1.0,1.0,1.0,0.0,1.0,0.0,1.0,0.0,0.0,0.0,1.0,0.6666666666666666,1.0,0.0,1.0,1.0,1.6666666666666667,0.8888888888888888,0.0,0.9,compromised,1,92.96967040955141
0.0,0.0,0.0,0.0,0.0,0.0,0.0,0.0,0.0,0.0,0.0,0.3333333333333333,0.0,0.0,0.0,0.0216264,0.0,0.0,0.0,0.6,normal,0,9.35707065847658
0.0,0.0,0.0,0.0,0.0,0.0,0.0,0.0,0.0,0.0,0.0,0.3333333333333333,0.0,0.0,0.0,0.14402146666666668,0.0,0.0,0.0,0.8,normal,0,14.873334709565707
0.0,0.0,0.0,0.0,0.0,0.0,0.0,0.0,0.0,0.0,0.0,0.3333333333333333,0.0,0.0,0.0,0.1075272,0.0,0.0,0.0,0.6,normal,0,8.11197576808718
0.0,0.0,0.0,0.0,0.0,0.0,0.0,0.0,0.0,0.0,1.0,0.3333333333333333,0.0,0.0,0.0,0.06377706666666666,0.0,0.0,0.0,0.8,normal,0,23.734341909535928
0.0,0.0,0.0,0.0,0.0,0.0,0.0,0.0,0.0,0.0,0.0,0.3333333333333333,0.0,0.0,0.0,0.025234666666666666,0.0,0.0,0.0,0.5,normal,0,10.793603853884512
1.0,1.0,1.0,0.0,1.0,0.0,1.0,0.0,0.0,0.0,0.0,1.0,1.0,1.0,1.0,1.0,1.6666666666666667,0.8444444444444444,0.0,1.0,compromised,1,95.92779139859391
0.0,0.0,0.0,0.0,0.0,0.0,0.0,0.0,0.0,0.0,0.0,0.3333333333333333,0.0,0.0,0.0,0.11597226666666667,0.0,0.0,0.0,0.5,normal,0,10.405959399378867
1.0,0.0,0.0,0.0,0.0,0.0,0.0,0.0,0.3333333333333333,1.0,0.0,0.3333333333333333,0.0,1.0,0.0,0.7243045333333333,0.3333333333333333,0.0,1.0,0.9,medium,0,80.3866395890383
0.0,0.0,0.0,0.0,0.0,0.0,0.0,0.0,0.0,0.0,1.0,0.0,0.0,0.0,0.0,0.0,0.0,0.0,0.0,0.6,normal,0,15.997490623076027
1.0,1.0,0.0,0.0,1.0,0.0,0.0,0.0,0.0,0.0,0.0,0.0,0.0,0.0,0.0,0.0,1.0,0.7,0.0,0.5,compromised,1,84.707360241955
1.0,1.0,0.0,0.0,0.0,0.0,0.0,0.0,0.0,0.0,1.0,0.0,0.0,0.0,0.0,0.0,0.6666666666666666,0.8,0.0,0.4,compromised,1,75.79901493124702
0.0,0.0,0.0,0.0,0.0,1.0,0.0,0.0,0.0,0.0,1.0,0.3333333333333333,0.0,0.0,0.0,0.08407053333333334,0.3333333333333333,0.0,0.0,0.6,innocent_security_change,0,37.1845892273172
0.0,0.0,0.0,0.0,0.0,0.0,0.0,0.0,0.0,0.0,0.0,0.0,0.0,0.0,0.0,0.0,0.0,0.0,0.0,0.5,normal,0,2.2916332086717968
1.0,1.0,1.0,0.0,1.0,0.0,0.0,0.0,0.0,0.0,0.0,0.0,0.0,0.0,0.0,0.0,1.3333333333333333,0.9,0.0,0.6,compromised,1,86.57427812072592
1.0,1.0,1.0,0.0,1.0,0.0,1.0,0.0,0.0,0.0,1.0,1.0,1.0,1.0,1.0,1.0,1.6666666666666667,0.8777777777777778,0.0,1.0,compromised,1,100.0
0.0,0.0,0.0,0.0,0.0,0.0,0.0,0.0,0.3333333333333333,1.0,1.0,0.3333333333333333,0.0,1.0,0.0,0.6618274666666666,0.0,0.0,0.0,0.7,medium,0,52.14886496302223
1.0,0.0,0.0,0.0,0.0,0.0,0.0,0.0,0.3333333333333333,1.0,0.0,0.3333333333333333,0.0,1.0,0.0,0.7555796,0.3333333333333333,0.0,0.0,0.8,medium,0,75.06881405247744
0.0,0.0,0.0,0.0,0.0,0.0,0.0,0.0,0.0,0.0,1.0,0.3333333333333333,0.0,0.0,0.0,0.14475386666666668,0.0,0.0,0.0,0.7,normal,0,21.32300818571465
1.0,1.0,1.0,0.0,1.0,0.0,1.0,0.0,0.0,0.0,0.0,1.0,1.0,1.0,1.0,1.0,1.6666666666666667,0.8833333333333333,0.0,1.0,compromised,1,95.95074334619763
1.0,1.0,1.0,0.0,0.0,0.0,0.0,0.0,0.0,0.0,1.0,0.0,0.0,0.0,0.0,0.0,1.0,0.9333333333333333,0.0,0.6,compromised,1,86.7975139508903
0.0,0.0,0.0,0.0,0.0,0.0,0.0,0.0,0.0,0.0,0.0,0.3333333333333333,0.0,0.0,0.0,0.030840133333333335,0.0,0.0,0.0,0.5,normal,0,5.649377700842459
0.0,0.0,0.0,0.0,0.0,0.0,0.0,0.0,0.0,0.0,1.0,0.0,0.0,0.0,0.0,0.0,0.0,0.0,0.0,0.6,normal,0,19.856337334444625
0.0,0.0,0.0,1.0,0.0,0.0,0.0,0.0,0.0,0.0,1.0,0.3333333333333333,0.0,0.0,0.0,0.9739185005060632,0.3333333333333333,0.0,0.0,0.6,innocent_security_change,0,41.55620936644247
0.0,0.0,0.0,0.0,0.0,0.0,0.0,0.0,0.0,0.0,0.0,0.3333333333333333,0.0,0.0,0.0,0.0636644,0.0,0.0,1.0,0.4,innocent_security_change,0,14.713116770920381
0.0,1.0,1.0,0.0,1.0,0.0,1.0,0.0,0.0,0.0,0.0,1.0,1.0,1.0,1.0,1.0,1.3333333333333333,0.9333333333333333,0.0,0.9,compromised,1,94.63615787720771
0.0,0.0,0.0,0.0,0.0,0.0,0.0,0.0,0.0,0.0,0.0,0.3333333333333333,0.0,0.0,0.0,0.12530813333333335,0.0,0.0,0.0,0.7,normal,0,15.3879699106169
0.0,0.0,0.0,0.0,0.0,0.0,0.0,0.0,0.0,0.0,0.0,0.3333333333333333,0.0,0.0,0.0,0.0,0.0,0.0,0.0,0.6,normal,0,9.935587994019627
0.0,0.0,0.0,0.0,0.0,0.0,0.0,0.0,0.0,0.0,0.0,0.3333333333333333,0.0,0.0,0.0,0.12638560000000001,0.0,0.0,0.0,0.6,normal,0,8.450197521930491
1.0,1.0,1.0,0.0,1.0,0.0,1.0,0.0,0.0,0.0,0.0,0.0,0.0,0.0,0.0,0.0,1.6666666666666667,0.8722222222222222,0.0,0.7,compromised,1,97.70859453279343
1.0,1.0,1.0,0.0,1.0,0.0,1.0,0.0,0.0,0.0,0.0,1.0,1.0,1.0,1.0,1.0,1.6666666666666667,0.8666666666666667,0.0,1.0,compromised,1,99.60528862671399
0.0,0.0,0.0,0.0,0.0,0.0,0.0,0.0,0.3333333333333333,1.0,0.0,0.3333333333333333,0.0,1.0,0.0,0.7458776,0.0,0.0,0.0,0.5,medium,0,47.421421869946315
1.0,1.0,1.0,0.0,1.0,0.0,1.0,0.0,0.0,0.0,0.0,1.0,1.0,1.0,1.0,1.0,1.6666666666666667,0.8833333333333333,0.0,1.0,compromised,1,99.57787095093619
0.0,0.0,0.0,0.0,0.0,1.0,0.0,0.0,0.0,0.0,0.0,0.3333333333333333,0.0,0.0,0.0,0.054524666666666666,0.3333333333333333,0.0,0.0,0.7,innocent_security_change,0,35.925307856356255
0.0,0.0,0.0,0.0,0.0,0.0,0.0,0.0,0.0,0.0,0.0,0.0,0.0,0.0,0.0,0.0,0.0,0.0,0.0,0.5,normal,0,9.033779341117835
0.0,0.0,0.0,0.0,0.0,0.0,0.0,0.0,0.3333333333333333,1.0,0.0,0.3333333333333333,0.0,1.0,0.0,0.7603537333333333,0.0,0.0,0.0,0.5,medium,0,44.47197148370344
0.0,0.0,0.0,0.0,0.0,0.0,0.0,0.0,0.3333333333333333,1.0,1.0,0.3333333333333333,0.0,1.0,0.0,0.7359,0.0,0.0,0.0,0.5,medium,0,55.637997594590786
0.0,0.0,0.0,0.0,0.0,0.0,0.0,0.0,0.3333333333333333,1.0,0.0,0.3333333333333333,0.0,1.0,0.0,1.0,0.0,0.0,0.0,0.6,medium,0,49.36667461691448
0.0,0.0,0.0,0.0,0.0,0.0,0.0,0.0,0.3333333333333333,1.0,0.0,0.3333333333333333,0.0,1.0,0.0,0.6550308,0.0,0.0,0.0,0.5,medium,0,46.605780422887804
0.0,0.0,0.0,0.0,0.0,0.0,0.0,0.0,0.0,0.0,0.0,0.3333333333333333,0.0,0.0,0.0,0.11611906666666667,0.0,0.0,0.0,0.4,normal,0,5.879640263923793
0.0,0.0,0.0,0.0,0.0,0.0,0.0,0.0,0.3333333333333333,1.0,0.0,0.3333333333333333,0.0,1.0,0.0,0.5146525333333334,0.0,0.0,0.0,0.7,medium,0,44.61020891087876
0.0,0.0,0.0,0.0,0.0,0.0,0.0,0.0,0.0,0.0,0.0,0.3333333333333333,1.0,0.0,0.0,0.16826053333333335,0.0,0.0,0.0,0.7,normal,0,22.498619999964465
0.0,0.0,0.0,0.0,0.0,0.0,0.0,0.0,0.3333333333333333,1.0,0.0,0.3333333333333333,0.0,1.0,0.0,0.4788245333333333,0.0,0.0,0.0,0.7,medium,0,46.819137217932735
0.0,0.0,0.0,0.0,0.0,0.0,0.0,0.0,0.0,0.0,0.0,0.0,0.0,0.0,0.0,0.0,0.0,0.0,0.0,0.4,normal,0,5.5448854617148085
0.0,0.0,0.0,0.0,0.0,0.0,0.0,0.0,0.3333333333333333,1.0,0.0,0.3333333333333333,0.0,1.0,0.0,1.0,0.0,0.0,0.0,0.6,medium,0,43.22253826497645
0.0,0.0,0.0,0.0,0.0,0.0,0.0,0.0,0.0,0.0,0.0,0.3333333333333333,0.0,0.0,0.0,0.06447453333333333,0.0,0.0,0.0,0.5,normal,0,10.033725563199008
1.0,1.0,1.0,0.0,1.0,0.0,1.0,0.0,0.0,0.0,0.0,1.0,1.0,1.0,1.0,1.0,1.6666666666666667,0.8722222222222222,0.0,1.0,compromised,1,100.0
1.0,1.0,1.0,0.0,1.0,0.0,1.0,0.0,0.0,0.0,1.0,0.6666666666666666,1.0,1.0,0.0,1.0,1.6666666666666667,0.9111111111111111,0.0,0.9,compromised,1,96.91495370709283
1.0,1.0,1.0,0.0,1.0,0.0,1.0,0.0,0.0,0.0,0.0,1.0,1.0,1.0,1.0,1.0,1.6666666666666667,0.8666666666666667,0.0,1.0,compromised,1,99.6004461722562
0.0,0.0,0.0,0.0,0.0,0.0,0.0,0.0,0.0,0.0,0.0,0.3333333333333333,0.0,0.0,0.0,0.11628399999999998,0.0,0.0,0.0,0.7,normal,0,12.930329892758499
0.0,0.0,0.0,0.0,0.0,0.0,0.0,0.0,0.0,0.0,0.0,0.3333333333333333,1.0,0.0,0.0,0.186022,0.0,0.0,1.0,0.7,normal,0,32.12086056640469
1.0,1.0,1.0,0.0,1.0,0.0,1.0,0.0,0.0,0.0,0.0,1.0,1.0,1.0,1.0,1.0,1.6666666666666667,0.9166666666666666,0.0,1.0,compromised,1,97.13158877045593
0.0,0.0,0.0,0.0,0.0,0.0,0.0,0.0,0.0,0.0,0.0,0.3333333333333333,0.0,0.0,0.0,0.10721546666666666,0.0,0.0,0.0,0.7,normal,0,8.894879582367087
0.0,0.0,0.0,0.0,0.0,0.0,0.0,0.0,0.0,0.0,0.0,0.3333333333333333,0.0,0.0,0.0,0.013019600000000001,0.0,0.0,0.0,0.6,normal,0,7.26595773627135
0.0,0.0,0.0,0.0,0.0,0.0,0.0,0.0,0.0,0.0,0.0,0.0,0.0,0.0,0.0,0.0,0.0,0.0,0.0,0.5,normal,0,5.344423389665849
0.0,0.0,0.0,0.0,0.0,0.0,0.0,0.0,0.0,0.0,0.0,0.0,0.0,0.0,0.0,0.0,0.0,0.0,0.0,0.4,normal,0,2.9158298495050037
0.0,0.0,0.0,0.0,0.0,1.0,0.0,0.0,0.0,0.0,1.0,0.3333333333333333,0.0,0.0,0.0,0.03422613333333333,0.3333333333333333,0.0,0.0,0.6,innocent_security_change,0,36.188319761807236
0.0,0.0,0.0,0.0,0.0,0.0,0.0,0.0,0.0,0.0,1.0,0.3333333333333333,0.0,0.0,0.0,0.12763480000000002,0.0,0.0,0.0,0.7,normal,0,20.21225993845777
1.0,1.0,1.0,0.0,1.0,0.0,1.0,0.0,0.0,0.0,0.0,1.0,1.0,1.0,1.0,1.0,1.6666666666666667,0.8166666666666667,0.0,1.0,compromised,1,96.98225562774
0.0,0.0,0.0,0.0,0.0,0.0,0.0,0.0,0.0,0.0,0.0,0.0,0.0,0.0,0.0,0.0,0.0,0.0,0.0,0.3,normal,0,4.7754681779835
0.0,0.0,0.0,0.0,0.0,0.0,0.0,0.0,0.0,0.0,0.0,0.3333333333333333,0.0,0.0,0.0,0.0,0.0,0.0,1.0,0.6,innocent_security_change,0,16.8908902370803
1.0,1.0,1.0,0.0,1.0,0.0,1.0,0.0,0.0,0.0,0.0,1.0,1.0,1.0,1.0,1.0,1.6666666666666667,0.8944444444444445,0.0,1.0,compromised,1,94.44301019316877
0.0,0.0,0.0,0.0,0.0,0.0,0.0,0.0,0.0,0.0,0.0,0.0,0.0,0.0,0.0,0.0,0.0,0.0,0.0,0.4,normal,0,4.726313649558229
0.0,0.0,0.0,0.0,0.0,0.0,0.0,0.0,0.0,0.0,0.0,0.3333333333333333,1.0,0.0,0.0,0.18737293333333332,0.0,0.0,0.0,0.7,normal,0,24.22799957540766
0.0,0.0,0.0,0.0,0.0,0.0,0.0,0.0,0.3333333333333333,1.0,1.0,0.3333333333333333,0.0,1.0,0.0,1.0,0.0,0.0,0.0,0.7,medium,0,54.15446617026905
0.0,0.0,0.0,0.0,0.0,0.0,0.0,0.0,0.0,0.0,0.0,0.3333333333333333,0.0,0.0,0.0,0.04166933333333333,0.0,0.0,0.0,0.6,normal,0,14.462709349576546
0.0,0.0,0.0,0.0,0.0,0.0,0.0,0.0,0.0,0.0,0.0,0.3333333333333333,0.0,0.0,0.0,0.14974266666666666,0.0,0.0,0.0,0.7,normal,0,12.427990840767547
0.0,0.0,0.0,0.0,0.0,0.0,0.0,0.0,0.0,0.0,0.0,0.3333333333333333,0.0,0.0,0.0,0.10907333333333333,0.0,0.0,0.0,0.7,normal,0,12.683085459053435
0.0,0.0,0.0,0.0,0.0,0.0,0.0,0.0,0.0,0.0,0.0,0.3333333333333333,0.0,0.0,0.0,0.1616568,0.0,0.0,1.0,0.7,normal,0,17.275931811862428
0.0,0.0,0.0,0.0,0.0,0.0,0.0,0.0,0.0,0.0,0.0,0.3333333333333333,0.0,0.0,0.0,0.19233493333333335,0.0,0.0,1.0,0.7,normal,0,20.029259591034716
1.0,0.0,0.0,0.0,0.0,0.0,0.0,0.0,0.3333333333333333,1.0,0.0,0.3333333333333333,0.0,1.0,0.0,1.0,0.3333333333333333,0.0,0.0,0.5,medium,0,75.95089912171143
0.0,0.0,0.0,1.0,0.0,0.0,0.0,0.0,0.0,0.0,0.0,0.3333333333333333,0.0,0.0,0.0,0.0,0.3333333333333333,0.0,0.0,0.4,innocent_security_change,0,23.93542136655858
1.0,1.0,1.0,0.0,1.0,0.0,1.0,0.0,0.0,0.0,1.0,0.0,0.0,0.0,0.0,0.0,1.6666666666666667,0.8888888888888888,0.0,0.7,compromised,1,95.65931102589629
1.0,0.0,0.0,0.0,0.0,0.0,0.0,0.0,0.3333333333333333,1.0,1.0,0.3333333333333333,0.0,1.0,0.0,1.0,0.3333333333333333,0.0,0.0,0.6,medium,0,77.48820884323075
0.0,0.0,0.0,0.0,0.0,0.0,0.0,0.0,0.0,0.0,0.0,0.0,0.0,0.0,0.0,0.0,0.0,0.0,0.0,0.3,normal,0,2.2614073307317506
0.0,0.0,0.0,0.0,0.0,0.0,0.0,0.0,0.0,0.0,0.0,0.0,0.0,0.0,0.0,0.0,0.0,0.0,0.0,0.5,normal,0,6.1639393501731625
0.0,0.0,0.0,0.0,0.0,0.0,0.0,0.0,0.0,0.0,1.0,0.0,0.0,0.0,0.0,0.0,0.0,0.0,0.0,0.4,normal,0,13.742063830827924
0.0,0.0,0.0,0.0,0.0,0.0,0.0,0.0,0.0,0.0,0.0,0.3333333333333333,0.0,0.0,0.0,0.0067512,0.0,0.0,0.0,0.6,innocent_security_change,0,13.682930030393273
0.0,0.0,0.0,0.0,0.0,0.0,0.0,0.0,0.0,0.0,0.0,0.3333333333333333,0.0,0.0,0.0,0.15162040000000002,0.0,0.0,0.0,0.7,normal,0,10.019319233795859
0.0,0.0,0.0,0.0,0.0,0.0,0.0,0.0,0.0,0.0,0.0,0.0,0.0,0.0,0.0,0.0,0.0,0.0,0.0,0.5,normal,0,3.9108535215734253
0.0,0.0,0.0,0.0,0.0,0.0,0.0,0.0,0.0,0.0,0.0,0.3333333333333333,1.0,0.0,0.0,0.16693653333333333,0.0,0.0,0.0,0.7,normal,0,24.72731052313721
0.0,0.0,0.0,0.0,0.0,0.0,0.0,0.0,0.0,0.0,0.0,0.0,0.0,0.0,0.0,0.0,0.0,0.0,0.0,0.5,normal,0,0.8979058691398549
0.0,0.0,0.0,0.0,0.0,0.0,0.0,0.0,0.0,0.0,0.0,0.3333333333333333,0.0,0.0,0.0,0.0967196,0.0,0.0,0.0,0.7,normal,0,14.19252212547508
1.0,1.0,1.0,0.0,1.0,0.0,1.0,0.0,0.0,0.0,1.0,1.0,1.0,1.0,1.0,1.0,1.6666666666666667,0.9111111111111111,0.0,1.0,compromised,1,100.0
0.0,0.0,0.0,0.0,0.0,0.0,0.0,0.0,0.0,0.0,0.0,0.3333333333333333,0.0,0.0,0.0,0.18631213333333332,0.0,0.0,1.0,0.6,normal,0,19.88608581169337
0.0,0.0,0.0,0.0,0.0,0.0,0.0,0.0,0.0,0.0,0.0,0.3333333333333333,0.0,0.0,0.0,0.1364036,0.0,0.0,0.0,0.6,normal,0,12.931895776916104
1.0,1.0,1.0,0.0,1.0,0.0,1.0,0.0,0.0,0.0,0.0,1.0,1.0,1.0,1.0,1.0,1.6666666666666667,0.8722222222222222,0.0,1.0,compromised,1,97.99267180392233
0.0,0.0,0.0,0.0,0.0,0.0,0.0,0.0,0.0,0.0,0.0,0.0,0.0,0.0,0.0,0.0,0.0,0.0,0.0,0.5,normal,0,1.7870804287596156
1.0,1.0,1.0,0.0,1.0,0.0,1.0,0.0,0.0,0.0,0.0,1.0,1.0,1.0,1.0,1.0,1.6666666666666667,0.8888888888888888,0.0,1.0,compromised,1,93.24020585119645
0.0,0.0,0.0,0.0,0.0,0.0,0.0,0.0,0.0,0.0,0.0,0.3333333333333333,0.0,0.0,0.0,0.07032,0.0,0.0,1.0,0.4,innocent_security_change,0,15.608627591730649
0.0,0.0,0.0,0.0,0.0,0.0,0.0,0.0,0.0,0.0,0.0,0.3333333333333333,0.0,0.0,0.0,0.21291133825883382,0.0,0.0,1.0,0.6,normal,0,16.757900786416407
0.0,0.0,0.0,0.0,0.0,0.0,0.0,0.0,0.3333333333333333,1.0,0.0,0.3333333333333333,0.0,1.0,0.0,0.7494894666666666,0.0,0.0,0.0,0.6,medium,0,50.75446371933577
0.0,0.0,0.0,0.0,0.0,0.0,0.0,0.0,0.0,0.0,1.0,0.3333333333333333,0.0,0.0,0.0,0.034966800000000006,0.0,0.0,1.0,0.6,innocent_security_change,0,26.318262951308053
0.0,0.0,0.0,0.0,0.0,0.0,0.0,0.0,0.0,0.0,1.0,0.3333333333333333,0.0,0.0,0.0,0.12184506666666665,0.0,0.0,0.0,0.6,normal,0,19.765719901144035
0.0,0.0,0.0,0.0,0.0,0.0,0.0,0.0,0.3333333333333333,1.0,0.0,0.3333333333333333,0.0,1.0,0.0,1.0,0.0,0.0,0.0,0.4,medium,0,49.87573643905753
1.0,0.0,0.0,0.0,0.0,0.0,0.0,0.0,0.3333333333333333,1.0,1.0,0.3333333333333333,0.0,1.0,0.0,1.0,0.3333333333333333,0.0,0.0,0.7,medium,0,74.59680752669838
1.0,1.0,0.0,0.0,1.0,0.0,1.0,0.0,0.0,0.0,0.0,1.0,1.0,1.0,1.0,1.0,1.3333333333333333,0.8611111111111112,0.0,0.9,compromised,1,94.31849358348316
1.0,0.0,0.0,0.0,0.0,0.0,0.0,0.0,0.3333333333333333,1.0,0.0,0.3333333333333333,0.0,1.0,0.0,1.0,0.3333333333333333,0.0,0.0,0.7,medium,0,74.96654220359879
0.0,0.0,0.0,0.0,0.0,0.0,0.0,0.0,0.0,0.0,0.0,0.3333333333333333,0.0,0.0,0.0,0.05986693333333334,0.0,0.0,0.0,0.6,normal,0,13.252421133045647
1.0,1.0,1.0,0.0,1.0,0.0,1.0,0.0,0.0,0.0,1.0,0.0,0.0,0.0,0.0,0.0,1.6666666666666667,0.8611111111111112,0.0,0.7,compromised,1,96.37211861193192
1.0,0.0,0.0,0.0,0.0,0.0,0.0,0.0,0.0,0.0,0.0,0.0,0.0,0.0,0.0,0.0,0.3333333333333333,0.0,0.0,0.3,compromised,1,52.473703847897895
1.0,1.0,1.0,0.0,1.0,0.0,1.0,0.0,0.0,0.0,0.0,1.0,1.0,1.0,1.0,1.0,1.6666666666666667,0.9,0.0,1.0,compromised,1,97.99452598757557
0.0,0.0,0.0,0.0,0.0,0.0,0.0,0.0,0.3333333333333333,1.0,0.0,0.3333333333333333,0.0,1.0,0.0,1.0,0.0,0.0,0.0,0.4,medium,0,48.65344151590496
0.0,0.0,0.0,1.0,0.0,0.0,0.0,0.0,0.0,0.0,0.0,0.3333333333333333,0.0,0.0,0.0,0.12902106666666666,0.3333333333333333,0.0,0.0,0.6,innocent_security_change,0,30.692724963253045
0.0,0.0,0.0,0.0,0.0,0.0,0.0,0.0,0.0,0.0,1.0,0.3333333333333333,0.0,0.0,0.0,0.18798093333333332,0.0,0.0,1.0,0.7,normal,0,26.166694515420915
0.0,0.0,0.0,0.0,0.0,0.0,0.0,0.0,0.0,0.0,1.0,0.3333333333333333,0.0,0.0,0.0,0.0775688,0.0,0.0,0.0,0.6,normal,0,20.23291268960368
0.0,0.0,0.0,0.0,0.0,0.0,0.0,0.0,0.0,0.0,0.0,0.3333333333333333,0.0,0.0,0.0,0.23849594433419882,0.0,0.0,0.0,0.5,normal,0,9.65187960049506
1.0,1.0,1.0,0.0,1.0,0.0,1.0,0.0,0.0,0.0,1.0,0.6666666666666666,1.0,1.0,0.0,1.0,1.6666666666666667,0.8666666666666667,0.0,0.9,compromised,1,97.5502842738651
0.0,0.0,0.0,0.0,0.0,0.0,0.0,0.0,0.0,0.0,0.0,0.3333333333333333,0.0,0.0,0.0,0.0823092,0.0,0.0,1.0,0.7,innocent_security_change,0,18.09554583057953
0.0,0.0,0.0,0.0,0.0,0.0,0.0,0.0,0.0,0.0,1.0,0.3333333333333333,0.0,0.0,0.0,0.1928638666666667,0.0,0.0,1.0,0.7,normal,0,35.140672184122934
0.0,0.0,0.0,0.0,0.0,0.0,0.0,0.0,0.0,0.0,0.0,0.3333333333333333,0.0,0.0,0.0,1.0,0.0,0.0,1.0,0.5,normal,0,28.24713298324179
0.0,0.0,0.0,0.0,0.0,0.0,0.0,0.0,0.0,0.0,0.0,0.0,0.0,0.0,0.0,0.0,0.0,0.0,0.0,0.4,normal,0,0.0
0.0,1.0,0.0,0.0,0.0,0.0,0.0,0.0,0.0,0.0,0.0,0.3333333333333333,0.0,0.0,0.0,0.08133639999999999,0.3333333333333333,0.0,0.0,0.8,innocent_security_change,0,38.66202827292972
0.0,0.0,0.0,0.0,0.0,0.0,0.0,0.0,0.0,0.0,0.0,0.0,0.0,0.0,0.0,0.0,0.0,0.0,0.0,0.5,normal,0,4.869438967622275
1.0,0.0,0.0,0.0,0.0,0.0,0.0,0.0,0.3333333333333333,1.0,1.0,0.3333333333333333,0.0,1.0,0.0,1.0,0.3333333333333333,0.0,0.0,0.8,medium,0,81.74835395696208
0.0,0.0,0.0,0.0,0.0,0.0,0.0,0.0,0.3333333333333333,1.0,0.0,0.3333333333333333,0.0,1.0,0.0,1.0,0.0,0.0,0.0,0.4,medium,0,46.17922087724122
0.0,0.0,0.0,0.0,0.0,0.0,0.0,0.0,0.0,0.0,0.0,0.3333333333333333,0.0,0.0,0.0,0.11892306666666666,0.0,0.0,0.0,0.6,normal,0,7.488395790557027
0.0,0.0,0.0,0.0,0.0,0.0,0.0,0.0,0.0,0.0,0.0,0.3333333333333333,0.0,0.0,0.0,0.07751506666666667,0.0,0.0,0.0,0.7,normal,0,13.597161003590639
0.0,0.0,0.0,0.0,0.0,0.0,0.0,0.0,0.3333333333333333,1.0,0.0,0.3333333333333333,0.0,1.0,0.0,0.5916514666666667,0.0,0.0,0.0,0.4,medium,0,40.99794257000694
0.0,0.0,0.0,0.0,0.0,0.0,0.0,0.0,0.0,0.0,0.0,0.3333333333333333,1.0,0.0,0.0,0.17502666666666666,0.0,0.0,0.0,0.6,normal,0,22.96420144715021
0.0,0.0,0.0,0.0,0.0,0.0,0.0,0.0,0.0,0.0,0.0,0.0,0.0,0.0,0.0,0.0,0.0,0.0,0.0,0.5,normal,0,2.92699088975007
0.0,0.0,0.0,0.0,0.0,0.0,0.0,0.0,0.0,0.0,0.0,0.0,0.0,0.0,0.0,0.0,0.0,0.0,0.0,0.5,normal,0,3.396958470277285
0.0,0.0,0.0,0.0,0.0,0.0,0.0,0.0,0.0,0.0,0.0,0.3333333333333333,1.0,0.0,0.0,0.1868024,0.0,0.0,0.0,0.5,normal,0,25.354076808679398
1.0,0.0,0.0,0.0,0.0,0.0,0.0,0.0,0.3333333333333333,1.0,1.0,0.3333333333333333,0.0,1.0,0.0,0.47346946666666667,0.3333333333333333,0.0,0.0,0.5,medium,0,73.53587261075577
1.0,0.0,0.0,0.0,0.0,0.0,0.0,0.0,0.3333333333333333,1.0,1.0,0.3333333333333333,0.0,1.0,0.0,0.7063686666666666,0.3333333333333333,0.0,0.0,0.9,medium,0,76.07132862354725
1.0,0.0,0.0,0.0,0.0,0.0,0.0,0.0,0.3333333333333333,1.0,0.0,0.3333333333333333,0.0,1.0,0.0,0.4645124,0.3333333333333333,0.0,0.0,0.7,medium,0,72.71912099924363
0.0,0.0,0.0,0.0,0.0,0.0,0.0,0.0,0.0,0.0,0.0,0.0,0.0,0.0,0.0,0.0,0.0,0.0,0.0,0.3,normal,0,2.532183585560122
0.0,0.0,0.0,0.0,0.0,0.0,0.0,0.0,0.0,0.0,0.0,0.3333333333333333,0.0,0.0,0.0,0.10280893333333334,0.0,0.0,1.0,0.6,innocent_security_change,0,19.194697941819957
0.0,0.0,0.0,0.0,0.0,0.0,0.0,0.0,0.0,0.0,0.0,0.3333333333333333,0.0,0.0,0.0,0.04813693333333333,0.0,0.0,0.0,0.5,normal,0,10.964910104275603
0.0,0.0,0.0,0.0,0.0,0.0,0.0,0.0,0.0,0.0,0.0,0.3333333333333333,0.0,0.0,0.0,0.189396535942751,0.0,0.0,0.0,0.5,normal,0,13.817386988429375
0.0,0.0,0.0,0.0,0.0,0.0,0.0,0.0,0.3333333333333333,1.0,0.0,0.3333333333333333,1.0,1.0,0.0,0.5017090666666667,0.0,0.0,0.0,0.8,medium,0,53.71371992685817
1.0,1.0,1.0,0.0,0.0,0.0,0.0,0.0,0.0,0.0,0.0,0.0,0.0,0.0,0.0,0.0,1.0,0.8,0.0,0.5,compromised,1,86.25846267494167
0.0,0.0,0.0,0.0,0.0,0.0,0.0,0.0,0.0,0.0,0.0,0.3333333333333333,1.0,0.0,0.0,0.16355453333333334,0.0,0.0,0.0,0.6,normal,0,19.972198214856782
0.0,0.0,0.0,1.0,0.0,0.0,0.0,0.0,0.0,0.0,1.0,0.0,0.0,0.0,0.0,0.0,0.3333333333333333,0.0,0.0,0.6,innocent_security_change,0,32.35830318710657
0.0,0.0,0.0,0.0,0.0,0.0,0.0,0.0,0.0,0.0,1.0,0.3333333333333333,1.0,0.0,0.0,0.17415306666666666,0.0,0.0,0.0,0.7,normal,0,33.58725954959983
0.0,0.0,0.0,0.0,0.0,0.0,0.0,0.0,0.0,0.0,1.0,0.3333333333333333,0.0,0.0,0.0,0.0695788,0.0,0.0,0.0,0.6,normal,0,21.8471759142301
0.0,0.0,0.0,0.0,0.0,0.0,0.0,0.0,0.0,0.0,0.0,0.0,0.0,0.0,0.0,0.0,0.0,0.0,0.0,0.5,normal,0,1.8401651679430697
0.0,0.0,0.0,0.0,0.0,0.0,0.0,0.0,0.0,0.0,0.0,0.0,0.0,0.0,0.0,0.0,0.0,0.0,0.0,0.4,normal,0,1.2195860234861835
1.0,1.0,1.0,0.0,1.0,0.0,1.0,0.0,0.0,0.0,1.0,1.0,1.0,1.0,1.0,1.0,1.6666666666666667,0.8833333333333333,0.0,1.0,compromised,1,96.58184096362706
0.0,0.0,0.0,0.0,0.0,0.0,0.0,0.0,0.0,0.0,0.0,0.0,0.0,0.0,0.0,0.0,0.0,0.0,0.0,0.4,normal,0,4.208218960436154
0.0,0.0,0.0,0.0,0.0,0.0,0.0,0.0,0.0,0.0,0.0,0.3333333333333333,0.0,0.0,0.0,0.14707853333333332,0.0,0.0,0.0,0.7,normal,0,15.03017316213614
1.0,0.0,0.0,0.0,0.0,0.0,0.0,0.0,0.0,0.0,1.0,0.0,0.0,0.0,0.0,0.0,0.3333333333333333,0.0,0.0,0.3,compromised,1,55.81029738886303
0.0,0.0,0.0,0.0,0.0,0.0,0.0,0.0,0.0,0.0,0.0,0.0,0.0,0.0,0.0,0.0,0.0,0.0,0.0,0.6,normal,0,6.539705383301371
0.0,0.0,0.0,0.0,0.0,0.0,0.0,0.0,0.0,0.0,0.0,0.3333333333333333,0.0,0.0,0.0,0.0,0.0,0.0,0.0,0.6,normal,0,10.208015018774478
0.0,0.0,0.0,0.0,0.0,0.0,0.0,0.0,0.0,0.0,0.0,0.0,0.0,0.0,0.0,0.0,0.0,0.0,0.0,0.4,normal,0,2.556469767801705
0.0,0.0,0.0,0.0,0.0,0.0,0.0,0.0,0.0,0.0,0.0,0.0,0.0,0.0,0.0,0.0,0.0,0.0,0.0,0.4,normal,0,2.3387236361628734
0.0,0.0,0.0,0.0,0.0,0.0,0.0,0.0,0.0,0.0,0.0,0.3333333333333333,0.0,0.0,0.0,0.05242706666666667,0.0,0.0,0.0,0.7,normal,0,13.098257257779007
0.0,0.0,0.0,0.0,0.0,0.0,0.0,0.0,0.0,0.0,0.0,0.3333333333333333,0.0,0.0,0.0,0.18498253333333334,0.0,0.0,1.0,0.6,normal,0,20.727058524954426
0.0,1.0,0.0,0.0,0.0,0.0,0.0,0.0,0.0,0.0,0.0,0.3333333333333333,0.0,0.0,0.0,0.0,0.3333333333333333,0.0,0.0,0.7,innocent_security_change,0,43.51047970968285
0.0,0.0,0.0,0.0,0.0,0.0,0.0,0.0,0.3333333333333333,1.0,1.0,0.3333333333333333,0.0,1.0,0.0,0.6126797333333334,0.0,0.0,0.0,0.6,medium,0,48.929265614532966
0.0,0.0,0.0,0.0,0.0,1.0,0.0,0.0,0.0,0.0,0.0,0.3333333333333333,0.0,0.0,0.0,0.0693112,0.3333333333333333,0.0,0.0,0.6,innocent_security_change,0,30.8748892979572
0.0,0.0,0.0,0.0,0.0,0.0,0.0,0.0,0.0,0.0,0.0,0.3333333333333333,0.0,0.0,0.0,0.1290948,0.0,0.0,0.0,0.7,normal,0,10.89314167550516
0.0,0.0,0.0,0.0,0.0,0.0,0.0,0.0,0.3333333333333333,1.0,1.0,0.3333333333333333,0.0,1.0,0.0,0.6749893333333333,0.0,0.0,0.0,0.7,medium,0,49.67959882310951
0.0,0.0,0.0,0.0,0.0,0.0,0.0,0.0,0.0,0.0,0.0,0.3333333333333333,0.0,0.0,0.0,0.014161599999999998,0.0,0.0,0.0,0.6,normal,0,10.057552248201272
1.0,1.0,1.0,0.0,1.0,0.0,1.0,0.0,0.0,0.0,0.0,1.0,1.0,1.0,1.0,1.0,1.6666666666666667,0.8666666666666667,0.0,1.0,compromised,1,98.12116825826787
0.0,0.0,0.0,0.0,0.0,0.0,0.0,0.0,0.0,0.0,0.0,0.3333333333333333,0.0,0.0,0.0,0.10710360000000001,0.0,0.0,0.0,0.6,normal,0,18.587524424289363
0.0,0.0,0.0,0.0,0.0,0.0,0.0,0.0,0.3333333333333333,1.0,1.0,0.3333333333333333,0.0,1.0,0.0,0.5717489333333333,0.0,0.0,0.0,0.6,medium,0,50.30722482768223
0.0,0.0,0.0,0.0,0.0,0.0,0.0,0.0,0.0,0.0,0.0,0.3333333333333333,0.0,0.0,0.0,0.0,0.0,0.0,0.0,0.6,normal,0,7.073868672151285
1.0,1.0,1.0,0.0,1.0,0.0,0.0,0.0,0.0,0.0,0.0,0.0,0.0,0.0,0.0,0.0,1.3333333333333333,0.8833333333333333,0.0,0.6,compromised,1,92.47900027252221
0.0,0.0,0.0,0.0,0.0,0.0,0.0,0.0,0.0,0.0,1.0,0.0,0.0,0.0,0.0,0.0,0.0,0.0,0.0,0.5,normal,0,8.350480855374446
0.0,0.0,0.0,0.0,0.0,0.0,0.0,0.0,0.0,0.0,0.0,0.3333333333333333,0.0,0.0,0.0,0.0,0.0,0.0,0.0,0.5,normal,0,9.01175721877686
0.0,0.0,0.0,0.0,0.0,0.0,0.0,0.0,0.0,0.0,1.0,0.0,0.0,0.0,0.0,0.0,0.0,0.0,0.0,0.4,normal,0,12.946030749444521
1.0,1.0,1.0,0.0,1.0,0.0,1.0,0.0,0.0,0.0,1.0,1.0,1.0,1.0,1.0,1.0,1.6666666666666667,0.8944444444444445,0.0,1.0,compromised,1,100.0
0.0,0.0,0.0,0.0,0.0,0.0,0.0,0.0,0.0,0.0,0.0,0.0,0.0,0.0,0.0,0.0,0.0,0.0,0.0,0.4,normal,0,5.301239834277413
0.0,0.0,0.0,0.0,0.0,0.0,0.0,0.0,0.0,0.0,0.0,0.3333333333333333,0.0,0.0,0.0,0.07357240000000001,0.0,0.0,0.0,0.6,normal,0,9.59945767022369
0.0,0.0,0.0,0.0,0.0,0.0,0.0,0.0,0.3333333333333333,1.0,1.0,0.3333333333333333,0.0,1.0,0.0,0.4419886666666667,0.0,0.0,0.0,0.4,medium,0,48.71792109588884
0.0,0.0,0.0,0.0,0.0,0.0,0.0,0.0,0.0,0.0,0.0,0.3333333333333333,0.0,0.0,0.0,0.014662666666666668,0.0,0.0,0.0,0.5,normal,0,7.519705842624839
0.0,0.0,0.0,0.0,0.0,0.0,0.0,0.0,0.0,0.0,0.0,0.3333333333333333,0.0,0.0,0.0,0.11526053333333335,0.0,0.0,0.0,0.5,normal,0,7.930388047583779
1.0,1.0,1.0,0.0,1.0,0.0,1.0,0.0,0.0,0.0,1.0,0.0,0.0,0.0,0.0,0.0,1.6666666666666667,0.8777777777777778,0.0,0.7,compromised,1,95.91625641522549
1.0,0.0,0.0,0.0,0.0,0.0,0.0,0.0,0.3333333333333333,1.0,1.0,0.3333333333333333,0.0,1.0,0.0,1.0,0.3333333333333333,0.0,0.0,0.6,medium,0,74.05226729012723
0.0,0.0,0.0,0.0,0.0,0.0,0.0,0.0,0.0,0.0,0.0,0.0,0.0,0.0,0.0,0.0,0.0,0.0,0.0,0.5,normal,0,2.5344748520978975
0.0,0.0,0.0,0.0,0.0,0.0,0.0,0.0,0.3333333333333333,1.0,1.0,0.3333333333333333,0.0,1.0,0.0,1.0,0.0,0.0,0.0,0.4,medium,0,50.57505230427483
0.0,0.0,0.0,0.0,0.0,0.0,0.0,0.0,0.0,0.0,1.0,0.3333333333333333,0.0,0.0,0.0,0.0,0.0,0.0,1.0,0.5,innocent_security_change,0,27.067555046893123
1.0,1.0,1.0,0.0,1.0,0.0,0.0,0.0,0.0,0.0,0.0,0.0,0.0,0.0,0.0,0.0,1.3333333333333333,0.9277777777777778,0.0,0.7,compromised,1,96.46411373334003
0.0,0.0,0.0,0.0,0.0,0.0,0.0,0.0,0.0,0.0,0.0,0.3333333333333333,0.0,0.0,0.0,0.031570933333333336,0.0,0.0,0.0,0.5,normal,0,6.403498406595643
0.0,0.0,0.0,0.0,0.0,0.0,0.0,0.0,0.0,0.0,0.0,0.0,0.0,0.0,0.0,0.0,0.0,0.0,1.0,0.5,innocent_security_change,0,7.318103267134971
0.0,0.0,0.0,0.0,0.0,0.0,0.0,0.0,0.0,0.0,0.0,0.0,0.0,0.0,0.0,0.0,0.0,0.0,0.0,0.5,normal,0,3.2588248901523866
0.0,0.0,0.0,0.0,0.0,0.0,0.0,0.0,0.0,0.0,0.0,0.0,0.0,0.0,0.0,0.0,0.0,0.0,0.0,0.5,normal,0,3.610286593421951
1.0,1.0,1.0,0.0,1.0,0.0,1.0,0.0,0.0,0.0,1.0,1.0,1.0,1.0,1.0,1.0,1.6666666666666667,0.8555555555555556,0.0,1.1,compromised,1,98.56213792176872
0.0,0.0,0.0,0.0,0.0,0.0,0.0,0.0,0.0,0.0,0.0,0.0,0.0,0.0,0.0,0.0,0.0,0.0,0.0,0.5,normal,0,2.4552408154416927
0.0,0.0,0.0,0.0,0.0,0.0,0.0,0.0,0.0,0.0,0.0,0.3333333333333333,0.0,0.0,0.0,0.44519829942692835,0.0,0.0,0.0,0.7,normal,0,15.65934933912671
0.0,0.0,0.0,0.0,0.0,0.0,0.0,0.0,0.0,0.0,1.0,0.0,0.0,0.0,0.0,0.0,0.0,0.0,0.0,0.5,normal,0,14.455856975591871
0.0,0.0,0.0,0.0,0.0,0.0,0.0,0.0,0.0,0.0,0.0,0.0,0.0,0.0,0.0,0.0,0.0,0.0,0.0,0.5,normal,0,6.172119335139652
1.0,0.0,0.0,0.0,0.0,0.0,0.0,0.0,0.3333333333333333,1.0,1.0,0.3333333333333333,0.0,1.0,0.0,1.0,0.3333333333333333,0.0,0.0,0.8,medium,0,72.67732216578506
0.0,0.0,0.0,0.0,0.0,0.0,0.0,0.0,0.3333333333333333,1.0,1.0,0.3333333333333333,0.0,1.0,0.0,0.5183993333333333,0.0,0.0,0.0,0.6,medium,0,49.46171397899832
0.0,0.0,0.0,0.0,0.0,0.0,0.0,0.0,0.3333333333333333,1.0,1.0,0.3333333333333333,0.0,1.0,0.0,0.6381749333333334,0.0,0.0,0.0,0.4,medium,0,51.061097306017594
0.0,0.0,0.0,0.0,0.0,0.0,0.0,0.0,0.0,0.0,0.0,0.0,0.0,0.0,0.0,0.0,0.0,0.0,0.0,0.5,normal,0,1.2761018420007155
0.0,0.0,0.0,1.0,0.0,0.0,0.0,0.0,0.0,0.0,0.0,0.3333333333333333,0.0,0.0,0.0,0.0,0.3333333333333333,0.0,0.0,0.7,innocent_security_change,0,33.709477164988115
1.0,1.0,1.0,0.0,1.0,0.0,1.0,0.0,0.0,0.0,0.0,1.0,1.0,1.0,1.0,1.0,1.6666666666666667,0.8833333333333333,0.0,1.1,compromised,1,96.21603568323332
1.0,1.0,1.0,0.0,1.0,0.0,1.0,0.0,0.0,0.0,0.0,1.0,1.0,1.0,1.0,1.0,1.6666666666666667,0.8444444444444444,0.0,1.0,compromised,1,97.6601429860033
0.0,0.0,0.0,0.0,0.0,0.0,0.0,0.0,0.0,0.0,0.0,0.0,0.0,0.0,0.0,0.0,0.0,0.0,0.0,0.5,normal,0,4.9610973456332825
1.0,1.0,0.0,0.0,0.0,0.0,0.0,0.0,0.0,0.0,1.0,0.0,0.0,0.0,0.0,0.0,0.6666666666666666,0.7333333333333334,0.0,0.4,compromised,1,74.4527144656528
0.0,0.0,0.0,0.0,0.0,0.0,0.0,0.0,0.0,0.0,0.0,0.3333333333333333,0.0,0.0,0.0,0.0,0.0,0.0,0.0,0.6,normal,0,5.28288287635195
0.0,0.0,0.0,0.0,0.0,0.0,0.0,0.0,0.3333333333333333,1.0,0.0,0.3333333333333333,0.0,1.0,0.0,1.0,0.0,0.0,0.0,0.5,medium,0,46.960541054208825
0.0,0.0,0.0,0.0,0.0,0.0,0.0,0.0,0.0,0.0,0.0,0.3333333333333333,0.0,0.0,0.0,0.10287066666666667,0.0,0.0,0.0,0.7,normal,0,14.45426171648528
0.0,0.0,0.0,0.0,0.0,1.0,0.0,0.0,0.0,0.0,0.0,0.3333333333333333,0.0,0.0,0.0,0.09586973333333333,0.3333333333333333,0.0,0.0,0.6,innocent_security_change,0,29.00891050467614
0.0,0.0,0.0,0.0,0.0,0.0,0.0,0.0,0.0,0.0,0.0,0.3333333333333333,0.0,0.0,0.0,0.18634506666666664,0.0,0.0,1.0,0.4,normal,0,16.639717953860487
0.0,0.0,0.0,0.0,0.0,1.0,0.0,0.0,0.0,0.0,0.0,0.3333333333333333,0.0,0.0,0.0,0.09836186666666667,0.3333333333333333,0.0,0.0,0.7,innocent_security_change,0,32.69889119333064
0.0,0.0,0.0,0.0,0.0,0.0,0.0,0.0,0.0,0.0,1.0,0.3333333333333333,0.0,0.0,0.0,0.105072,0.0,0.0,0.0,0.7,normal,0,20.186248899064132
0.0,0.0,0.0,0.0,0.0,0.0,0.0,0.0,0.0,0.0,1.0,0.3333333333333333,0.0,0.0,0.0,0.13254986666666665,0.0,0.0,0.0,0.6,normal,0,19.4786032158234
0.0,0.0,0.0,0.0,0.0,0.0,0.0,0.0,0.0,0.0,0.0,0.3333333333333333,0.0,0.0,0.0,0.022751066666666667,0.0,0.0,0.0,0.5,normal,0,9.91513470978704
0.0,0.0,0.0,0.0,0.0,0.0,0.0,0.0,0.0,0.0,1.0,0.0,0.0,0.0,0.0,0.0,0.0,0.0,0.0,0.5,normal,0,15.463956473287334
0.0,0.0,0.0,0.0,0.0,0.0,0.0,0.0,0.0,0.0,0.0,0.0,0.0,0.0,0.0,0.0,0.0,0.0,0.0,0.5,normal,0,9.52532593285892
1.0,0.0,0.0,0.0,0.0,0.0,0.0,0.0,0.0,1.0,0.0,0.3333333333333333,0.0,1.0,0.0,0.5581310666666667,0.3333333333333333,0.0,0.0,0.7,medium,0,73.85615679878198
0.0,0.0,0.0,0.0,0.0,0.0,0.0,0.0,0.0,0.0,0.0,0.3333333333333333,0.0,0.0,0.0,0.33098242782095905,0.0,0.0,0.0,0.7,normal,0,17.656076989013723
0.0,0.0,0.0,0.0,0.0,0.0,0.0,0.0,0.0,0.0,0.0,0.3333333333333333,0.0,0.0,0.0,0.03729813333333334,0.0,0.0,0.0,0.5,normal,0,8.467781127026024
1.0,0.0,0.0,0.0,0.0,0.0,0.0,0.0,0.0,0.0,1.0,0.0,0.0,0.0,0.0,0.0,0.3333333333333333,0.0,0.0,0.3,compromised,1,54.26427739216834
0.0,0.0,0.0,0.0,0.0,0.0,0.0,0.0,0.0,0.0,0.0,0.3333333333333333,0.0,0.0,0.0,0.43176385968189185,0.0,0.0,0.0,0.7,normal,0,16.152785866173513
0.0,0.0,0.0,0.0,0.0,0.0,0.0,0.0,0.0,0.0,0.0,0.3333333333333333,0.0,0.0,0.0,0.16467133333333334,0.0,0.0,1.0,0.7,normal,0,20.526137980424803
0.0,1.0,1.0,0.0,0.0,0.0,0.0,0.0,0.0,0.0,0.0,0.0,0.0,0.0,0.0,0.0,0.6666666666666666,0.9666666666666667,0.0,0.4,compromised,1,68.2950574992751
1.0,1.0,1.0,0.0,1.0,0.0,1.0,0.0,0.0,0.0,0.0,1.0,1.0,1.0,1.0,1.0,1.6666666666666667,0.85,0.0,1.0,compromised,1,97.32875020727991
0.0,0.0,0.0,0.0,0.0,0.0,0.0,0.0,0.0,0.0,0.0,0.0,0.0,0.0,0.0,0.0,0.0,0.0,1.0,0.3,innocent_security_change,0,11.658866016392798
1.0,1.0,1.0,0.0,1.0,0.0,1.0,0.0,0.0,0.0,0.0,1.0,1.0,1.0,1.0,1.0,1.6666666666666667,0.8666666666666667,0.0,1.1,compromised,1,98.69487346889629
0.0,0.0,0.0,0.0,0.0,0.0,0.0,0.0,0.0,0.0,0.0,0.3333333333333333,1.0,0.0,0.0,0.17906493333333334,0.0,0.0,0.0,0.7,normal,0,25.909909205112946
1.0,0.0,0.0,0.0,0.0,0.0,0.0,0.0,0.3333333333333333,1.0,0.0,0.3333333333333333,0.0,1.0,0.0,1.0,0.3333333333333333,0.0,0.0,0.6,medium,0,75.3398060056438
0.0,0.0,0.0,0.0,0.0,0.0,0.0,0.0,0.0,0.0,0.0,0.0,0.0,0.0,0.0,0.0,0.0,0.0,0.0,0.5,normal,0,2.303520455352416
0.0,0.0,0.0,0.0,0.0,0.0,0.0,0.0,0.0,0.0,1.0,0.3333333333333333,0.0,0.0,0.0,0.14512253333333333,0.0,0.0,0.0,0.6,normal,0,19.614042484574036
0.0,0.0,0.0,0.0,0.0,0.0,0.0,0.0,0.0,0.0,0.0,0.3333333333333333,0.0,0.0,0.0,0.14040733333333333,0.0,0.0,0.0,0.6,normal,0,8.723389934167582
0.0,0.0,0.0,0.0,0.0,0.0,0.0,0.0,0.0,0.0,0.0,0.0,0.0,0.0,0.0,0.0,0.0,0.0,0.0,0.3,normal,0,6.62012628972589
0.0,0.0,0.0,0.0,0.0,0.0,0.0,0.0,0.0,0.0,0.0,0.3333333333333333,1.0,0.0,0.0,0.1901292,0.0,0.0,0.0,0.5,normal,0,23.701737377899857
0.0,0.0,0.0,0.0,0.0,1.0,0.0,0.0,0.0,0.0,0.0,0.3333333333333333,0.0,0.0,0.0,0.0,0.3333333333333333,0.0,0.0,0.6,innocent_security_change,0,28.303959610212676
0.0,0.0,0.0,0.0,0.0,0.0,0.0,0.0,0.3333333333333333,1.0,0.0,0.3333333333333333,0.0,1.0,0.0,0.4178814666666667,0.0,0.0,0.0,0.7,medium,0,41.935063184187946
0.0,0.0,0.0,0.0,0.0,0.0,0.0,0.0,0.3333333333333333,1.0,0.0,0.3333333333333333,0.0,1.0,0.0,1.0,0.0,0.0,0.0,0.5,medium,0,55.37132212731961
1.0,0.0,0.0,0.0,0.0,0.0,0.0,0.0,0.3333333333333333,1.0,0.0,0.3333333333333333,0.0,1.0,0.0,1.0,0.3333333333333333,0.0,0.0,0.8,medium,0,72.29567570921124
1.0,0.0,0.0,0.0,0.0,0.0,0.0,0.0,0.3333333333333333,1.0,1.0,0.3333333333333333,0.0,1.0,0.0,0.5997390666666667,0.3333333333333333,0.0,0.0,0.9,medium,0,75.32020742245624
1.0,0.0,0.0,0.0,0.0,0.0,0.0,0.0,0.0,0.0,0.0,0.0,0.0,0.0,0.0,0.0,0.3333333333333333,0.0,0.0,0.4,compromised,1,53.24137364435055
0.0,0.0,0.0,0.0,0.0,0.0,0.0,0.0,0.0,0.0,1.0,0.3333333333333333,0.0,0.0,0.0,0.0,0.0,0.0,0.0,0.8,normal,0,21.87845585491544
0.0,0.0,0.0,0.0,0.0,0.0,0.0,0.0,0.3333333333333333,1.0,0.0,0.3333333333333333,0.0,1.0,0.0,0.6782273333333334,0.0,0.0,0.0,0.8,medium,0,49.11222892565533
0.0,0.0,0.0,0.0,0.0,0.0,0.0,0.0,0.0,0.0,0.0,0.3333333333333333,0.0,0.0,0.0,0.05209626666666666,0.0,0.0,0.0,0.6,normal,0,15.098506910516114
0.0,0.0,0.0,0.0,0.0,0.0,0.0,0.0,0.3333333333333333,1.0,0.0,0.3333333333333333,0.0,1.0,0.0,1.0,0.0,0.0,0.0,0.5,medium,0,49.29757151015194
0.0,0.0,0.0,0.0,0.0,0.0,0.0,0.0,0.0,0.0,0.0,0.0,0.0,0.0,0.0,0.0,0.0,0.0,0.0,0.4,normal,0,0.22710721079112695
0.0,0.0,0.0,0.0,0.0,0.0,0.0,0.0,0.3333333333333333,1.0,1.0,0.3333333333333333,0.0,1.0,0.0,0.7450130666666667,0.0,0.0,0.0,0.4,medium,0,50.647091130867416
1.0,1.0,1.0,0.0,0.0,0.0,0.0,0.0,0.0,0.0,0.0,0.0,0.0,0.0,0.0,0.0,1.0,0.9111111111111111,0.0,0.5,compromised,1,86.36721623369806
0.0,0.0,0.0,0.0,0.0,0.0,0.0,0.0,0.0,0.0,0.0,0.3333333333333333,1.0,0.0,0.0,0.18167773333333334,0.0,0.0,1.0,0.7,normal,0,36.393829257429644
0.0,0.0,0.0,0.0,0.0,0.0,0.0,0.0,0.3333333333333333,1.0,1.0,0.3333333333333333,0.0,1.0,0.0,0.6340184,0.0,0.0,0.0,0.6,medium,0,47.71697883922462
0.0,0.0,0.0,0.0,0.0,0.0,0.0,0.0,0.0,0.0,0.0,0.0,0.0,0.0,0.0,0.0,0.0,0.0,0.0,0.5,normal,0,6.577483366590624
0.0,0.0,0.0,0.0,0.0,0.0,0.0,0.0,0.3333333333333333,1.0,1.0,0.3333333333333333,0.0,1.0,0.0,1.0,0.0,0.0,0.0,0.8,medium,0,54.858543747753124
1.0,1.0,1.0,0.0,0.0,0.0,0.0,0.0,0.0,0.0,0.0,0.0,0.0,0.0,0.0,0.0,1.0,0.7333333333333334,0.0,0.5,compromised,1,86.92776494069635
0.0,0.0,0.0,0.0,0.0,0.0,0.0,0.0,0.0,0.0,1.0,0.3333333333333333,1.0,0.0,0.0,0.3607574541344603,0.0,0.0,0.0,0.8,normal,0,34.42078209627546
0.0,0.0,0.0,0.0,0.0,0.0,0.0,0.0,0.0,0.0,0.0,0.0,0.0,0.0,0.0,0.0,0.0,0.0,0.0,0.4,normal,0,0.7611026353919801
1.0,1.0,1.0,0.0,0.0,0.0,0.0,0.0,0.0,0.0,0.0,0.0,0.0,0.0,0.0,0.0,1.0,0.6666666666666667,0.0,0.5,compromised,1,86.41335549357785
0.0,0.0,0.0,0.0,0.0,0.0,0.0,0.0,0.0,0.0,1.0,0.3333333333333333,0.0,0.0,0.0,0.026472133333333335,0.0,0.0,0.0,0.6,normal,0,21.157875939094176
0.0,0.0,0.0,0.0,0.0,0.0,0.0,0.0,0.0,0.0,0.0,0.3333333333333333,0.0,0.0,0.0,0.08640893333333334,0.0,0.0,0.0,0.6,normal,0,13.454808025366976
1.0,1.0,1.0,0.0,1.0,0.0,1.0,0.0,0.0,0.0,0.0,1.0,1.0,1.0,1.0,1.0,1.6666666666666667,0.9333333333333333,0.0,1.0,compromised,1,97.7872077082168
0.0,0.0,0.0,0.0,0.0,0.0,0.0,0.0,0.3333333333333333,1.0,1.0,0.3333333333333333,0.0,1.0,0.0,0.7307692,0.0,0.0,0.0,0.5,medium,0,50.04257952862436
0.0,0.0,0.0,0.0,0.0,0.0,0.0,0.0,0.0,0.0,0.0,0.3333333333333333,0.0,0.0,0.0,0.16395783462655064,0.0,0.0,0.0,0.6,normal,0,8.125686519691108
0.0,0.0,0.0,0.0,0.0,0.0,0.0,0.0,0.0,0.0,0.0,0.3333333333333333,1.0,0.0,0.0,0.16868386666666668,0.0,0.0,0.0,0.7,normal,0,26.583759083699363
0.0,0.0,0.0,0.0,0.0,0.0,0.0,0.0,0.0,0.0,0.0,0.3333333333333333,0.0,0.0,0.0,0.03364053333333333,0.0,0.0,0.0,0.5,innocent_security_change,0,10.744384035360026
1.0,1.0,1.0,0.0,0.0,0.0,0.0,0.0,0.0,0.0,0.0,0.0,0.0,0.0,0.0,0.0,1.0,0.9555555555555556,0.0,0.5,compromised,1,83.3681924863774
0.0,0.0,0.0,1.0,0.0,0.0,0.0,0.0,0.0,0.0,1.0,0.3333333333333333,0.0,0.0,0.0,0.18671346666666666,0.3333333333333333,0.0,1.0,0.8,innocent_security_change,0,42.7929073410458
0.0,0.0,0.0,0.0,0.0,0.0,0.0,0.0,0.0,0.0,1.0,0.0,0.0,0.0,0.0,0.0,0.0,0.0,0.0,0.6,normal,0,12.996724059432761
0.0,0.0,0.0,0.0,0.0,0.0,0.0,0.0,0.0,0.0,0.0,0.0,0.0,0.0,0.0,0.0,0.0,0.0,0.0,0.5,normal,0,0.0
0.0,0.0,0.0,0.0,0.0,0.0,0.0,0.0,0.0,0.0,0.0,0.3333333333333333,1.0,0.0,0.0,0.17443333333333333,0.0,0.0,0.0,0.8,normal,0,23.100589531913542
1.0,1.0,1.0,0.0,1.0,0.0,1.0,0.0,0.0,0.0,0.0,1.0,1.0,1.0,1.0,1.0,1.6666666666666667,0.8944444444444445,0.0,1.0,compromised,1,94.9610960844068
0.0,1.0,0.0,0.0,0.0,0.0,0.0,0.0,0.0,0.0,0.0,0.3333333333333333,0.0,0.0,0.0,0.05509786666666667,0.3333333333333333,0.0,0.0,0.6,innocent_security_change,0,36.8358078015607
0.0,0.0,0.0,0.0,0.0,0.0,0.0,0.0,0.0,0.0,0.0,0.3333333333333333,0.0,0.0,0.0,0.105642,0.0,0.0,0.0,0.6,normal,0,9.426485807020281
0.0,0.0,0.0,0.0,0.0,0.0,0.0,0.0,0.0,0.0,0.0,0.3333333333333333,0.0,0.0,0.0,0.07605306666666665,0.0,0.0,0.0,0.5,normal,0,6.172596935544476
0.0,0.0,0.0,0.0,0.0,0.0,0.0,0.0,0.3333333333333333,1.0,1.0,0.3333333333333333,0.0,1.0,0.0,0.6618401333333334,0.0,0.0,0.0,0.7,medium,0,56.81711691889313
0.0,0.0,0.0,0.0,0.0,0.0,0.0,0.0,0.0,0.0,0.0,0.0,0.0,0.0,0.0,0.0,0.0,0.0,0.0,0.4,normal,0,5.998536038280873
1.0,0.0,0.0,0.0,0.0,0.0,0.0,0.0,0.0,0.0,1.0,0.0,0.0,0.0,0.0,0.0,0.3333333333333333,0.0,0.0,0.3,compromised,1,54.88139910329207
0.0,0.0,0.0,0.0,0.0,0.0,0.0,0.0,0.0,0.0,0.0,0.3333333333333333,0.0,0.0,0.0,0.17812,0.0,0.0,1.0,0.7,normal,0,21.09510268032489
0.0,0.0,0.0,0.0,0.0,0.0,0.0,0.0,0.0,0.0,1.0,0.3333333333333333,1.0,0.0,0.0,1.0,0.0,0.0,0.0,0.7,normal,0,41.085020129325166
0.0,1.0,0.0,0.0,0.0,0.0,0.0,0.0,0.0,0.0,0.0,0.0,0.0,0.0,0.0,0.0,0.3333333333333333,0.0,0.0,0.5,innocent_security_change,0,35.94571003336976
1.0,0.0,1.0,0.0,1.0,0.0,1.0,0.0,0.0,0.0,1.0,1.0,1.0,1.0,1.0,1.0,1.3333333333333333,0.8333333333333334,0.0,1.0,compromised,1,95.18779398633967
0.0,0.0,0.0,0.0,0.0,0.0,0.0,0.0,0.0,0.0,0.0,0.3333333333333333,0.0,0.0,0.0,0.0,0.0,0.0,0.0,0.6,normal,0,12.629582455819058
0.0,0.0,0.0,0.0,0.0,0.0,0.0,0.0,0.0,0.0,0.0,0.3333333333333333,0.0,0.0,0.0,0.13072413333333333,0.0,0.0,0.0,0.6,normal,0,10.226579316425749
1.0,1.0,1.0,0.0,0.0,0.0,0.0,0.0,0.0,0.0,0.0,0.0,0.0,0.0,0.0,0.0,1.0,0.6666666666666667,0.0,0.5,compromised,1,81.19651753465298
0.0,0.0,0.0,0.0,0.0,0.0,0.0,0.0,0.0,0.0,0.0,0.0,0.0,0.0,0.0,0.0,0.0,0.0,0.0,0.2,compromised,1,3.254359444225132
1.0,1.0,1.0,0.0,1.0,0.0,1.0,0.0,0.0,0.0,0.0,1.0,1.0,1.0,1.0,1.0,1.6666666666666667,0.9277777777777778,0.0,1.0,compromised,1,100.0
0.0,0.0,0.0,0.0,0.0,0.0,0.0,0.0,0.0,0.0,0.0,0.3333333333333333,1.0,0.0,0.0,0.16627293333333332,0.0,0.0,0.0,0.6,normal,0,30.427601861464446
0.0,0.0,0.0,0.0,0.0,0.0,0.0,0.0,0.0,0.0,1.0,0.3333333333333333,0.0,0.0,0.0,0.13517266666666666,0.0,0.0,0.0,0.6,normal,0,17.784918524104977
0.0,0.0,0.0,0.0,0.0,0.0,0.0,0.0,0.0,0.0,0.0,0.0,0.0,0.0,0.0,0.0,0.0,0.0,0.0,0.5,normal,0,5.318341316229527
1.0,1.0,1.0,0.0,1.0,0.0,1.0,0.0,0.0,0.0,1.0,1.0,1.0,1.0,1.0,1.0,1.6666666666666667,0.9222222222222223,0.0,1.1,compromised,1,97.0291032079189
0.0,0.0,0.0,0.0,0.0,0.0,0.0,0.0,0.0,0.0,0.0,0.3333333333333333,0.0,0.0,0.0,0.009187466666666666,0.0,0.0,0.0,0.7,normal,0,12.630067412910462
0.0,0.0,0.0,0.0,0.0,0.0,0.0,0.0,0.0,0.0,1.0,0.3333333333333333,0.0,0.0,0.0,0.0,0.0,0.0,1.0,0.7,innocent_security_change,0,23.09012468057046
0.0,0.0,0.0,0.0,0.0,0.0,0.0,0.0,0.0,0.0,0.0,0.3333333333333333,0.0,0.0,0.0,0.0966924,0.0,0.0,0.0,0.7,normal,0,8.644511236097909
0.0,0.0,0.0,0.0,0.0,0.0,0.0,0.0,0.3333333333333333,1.0,1.0,0.3333333333333333,0.0,1.0,0.0,0.5122488000000001,0.0,0.0,0.0,0.4,medium,0,47.672356919435806
0.0,0.0,0.0,0.0,0.0,0.0,0.0,0.0,0.0,0.0,0.0,0.0,0.0,0.0,0.0,0.0,0.0,0.0,0.0,0.4,normal,0,3.064594324878007
0.0,0.0,0.0,0.0,0.0,0.0,0.0,0.0,0.0,0.0,0.0,0.0,0.0,0.0,0.0,0.0,0.0,0.0,0.0,0.5,normal,0,1.9683389371816666
0.0,0.0,0.0,0.0,0.0,0.0,0.0,0.0,0.0,0.0,0.0,0.0,0.0,0.0,0.0,0.0,0.0,0.0,0.0,0.5,normal,0,5.218677963311104
1.0,1.0,1.0,0.0,1.0,0.0,1.0,0.0,0.0,0.0,0.0,1.0,1.0,1.0,1.0,1.0,1.6666666666666667,0.8944444444444445,0.0,1.0,compromised,1,100.0
0.0,0.0,0.0,0.0,0.0,0.0,0.0,0.0,0.0,0.0,0.0,0.0,0.0,0.0,0.0,0.0,0.0,0.0,0.0,0.3,normal,0,3.6571325448765415
0.0,0.0,0.0,0.0,0.0,0.0,0.0,0.0,0.0,0.0,0.0,0.3333333333333333,0.0,0.0,0.0,0.10865386666666667,0.0,0.0,0.0,0.6,normal,0,15.359060422882402
1.0,1.0,1.0,0.0,1.0,0.0,1.0,0.0,0.0,0.0,0.0,1.0,1.0,1.0,1.0,1.0,1.6666666666666667,0.8611111111111112,0.0,1.0,compromised,1,98.8137592743815
0.0,0.0,0.0,0.0,0.0,0.0,0.0,0.0,0.0,0.0,1.0,0.0,0.0,0.0,0.0,0.0,0.0,0.0,0.0,0.5,normal,0,10.494839173389948
0.0,0.0,0.0,0.0,0.0,0.0,0.0,0.0,0.0,0.0,0.0,0.3333333333333333,0.0,0.0,0.0,0.10917133333333334,0.0,0.0,0.0,0.6,normal,0,14.727207707122844
0.0,0.0,0.0,0.0,0.0,0.0,0.0,0.0,0.0,0.0,0.0,0.3333333333333333,0.0,0.0,0.0,0.555611677137716,0.0,0.0,0.0,0.6,normal,0,15.381556821124907
0.0,0.0,0.0,0.0,0.0,0.0,0.0,0.0,0.0,0.0,0.0,0.3333333333333333,0.0,0.0,0.0,0.0278956,0.0,0.0,0.0,0.6,normal,0,12.540208349563164
0.0,0.0,0.0,0.0,0.0,0.0,0.0,0.0,0.0,0.0,1.0,0.0,0.0,0.0,0.0,0.0,0.0,0.0,0.0,0.5,normal,0,17.47141649062813
0.0,0.0,0.0,0.0,0.0,0.0,0.0,0.0,0.0,0.0,0.0,0.3333333333333333,0.0,0.0,0.0,0.017347201716896795,0.0,0.0,0.0,0.6,normal,0,11.268093633131082
1.0,1.0,1.0,0.0,1.0,0.0,1.0,0.0,0.0,0.0,1.0,1.0,1.0,1.0,1.0,1.0,1.6666666666666667,0.9055555555555556,0.0,1.0,compromised,1,94.28947306855595
0.0,0.0,0.0,0.0,0.0,0.0,0.0,0.0,0.0,0.0,0.0,0.3333333333333333,0.0,0.0,0.0,0.1075952,0.0,0.0,0.0,0.6,normal,0,9.002902992974908
1.0,0.0,0.0,0.0,0.0,0.0,0.0,0.0,0.3333333333333333,1.0,0.0,0.3333333333333333,0.0,1.0,0.0,0.4108388,0.3333333333333333,0.0,0.0,0.6,medium,0,75.64769252061122
0.0,0.0,0.0,0.0,0.0,0.0,0.0,0.0,0.0,0.0,0.0,0.3333333333333333,1.0,0.0,0.0,0.16782826666666667,0.0,0.0,0.0,0.6,normal,0,23.552223811044247
0.0,0.0,0.0,0.0,0.0,0.0,0.0,0.0,0.0,0.0,0.0,0.3333333333333333,1.0,0.0,0.0,0.6784862729305927,0.0,0.0,0.0,0.6,normal,0,29.61628805286693
1.0,0.0,0.0,0.0,0.0,0.0,0.0,0.0,0.3333333333333333,1.0,0.0,0.3333333333333333,0.0,1.0,0.0,1.0,0.3333333333333333,0.0,0.0,0.8,medium,0,76.8760568301775
0.0,0.0,0.0,0.0,0.0,0.0,0.0,0.0,0.0,0.0,0.0,0.3333333333333333,0.0,0.0,0.0,0.17129804372802268,0.0,0.0,1.0,0.7,normal,0,22.07584524034633
1.0,1.0,1.0,0.0,1.0,0.0,1.0,0.0,0.0,0.0,0.0,1.0,1.0,1.0,1.0,1.0,1.6666666666666667,0.8833333333333333,0.0,1.0,compromised,1,98.48553487897274
0.0,0.0,0.0,0.0,0.0,0.0,0.0,0.0,0.0,0.0,0.0,0.3333333333333333,0.0,0.0,0.0,0.130836,0.0,0.0,0.0,0.6,normal,0,11.076110098640214
0.0,0.0,0.0,0.0,0.0,0.0,0.0,0.0,0.0,0.0,0.0,0.3333333333333333,0.0,0.0,0.0,0.390883544057262,0.0,0.0,0.0,0.6,normal,0,14.097482114011331
0.0,0.0,0.0,0.0,0.0,0.0,0.0,0.0,0.3333333333333333,1.0,0.0,0.3333333333333333,0.0,1.0,0.0,0.4897862666666667,0.0,0.0,0.0,0.7,medium,0,46.98176113638068
0.0,0.0,0.0,0.0,0.0,0.0,0.0,0.0,0.0,0.0,0.0,0.3333333333333333,0.0,0.0,0.0,0.0,0.0,0.0,0.0,0.6,normal,0,11.283239323532475
0.0,0.0,0.0,0.0,0.0,0.0,0.0,0.0,0.0,0.0,0.0,0.3333333333333333,0.0,0.0,0.0,0.05606386666666666,0.0,0.0,0.0,0.5,normal,0,9.33550079024323
1.0,0.0,0.0,0.0,0.0,0.0,0.0,0.0,0.0,0.0,0.0,0.0,0.0,0.0,0.0,0.0,0.3333333333333333,0.0,0.0,0.3,compromised,1,54.55817177409104
0.0,0.0,0.0,0.0,0.0,0.0,0.0,0.0,0.0,0.0,0.0,0.3333333333333333,0.0,0.0,0.0,0.19293013333333334,0.0,0.0,1.0,0.6,normal,0,19.683056808071612
1.0,1.0,1.0,0.0,1.0,0.0,1.0,0.0,0.0,0.0,1.0,1.0,1.0,1.0,1.0,1.0,1.6666666666666667,0.8722222222222222,0.0,1.1,compromised,1,95.89593279929059
0.0,0.0,0.0,0.0,0.0,0.0,0.0,0.0,0.0,0.0,0.0,0.0,0.0,0.0,0.0,0.0,0.0,0.0,0.0,0.5,normal,0,1.6736153562691933
1.0,0.0,0.0,0.0,0.0,0.0,0.0,0.0,0.3333333333333333,1.0,1.0,0.3333333333333333,0.0,1.0,0.0,1.0,0.3333333333333333,0.0,1.0,0.9,medium,0,77.21612704052679
0.0,0.0,0.0,0.0,0.0,0.0,0.0,0.0,0.0,0.0,0.0,0.0,0.0,0.0,0.0,0.0,0.0,0.0,0.0,0.5,normal,0,2.8900170620183374
1.0,0.0,0.0,0.0,0.0,0.0,0.0,0.0,0.3333333333333333,1.0,1.0,0.3333333333333333,0.0,1.0,0.0,0.4702713333333333,0.3333333333333333,0.0,0.0,0.9,medium,0,79.0278536056569
1.0,1.0,1.0,0.0,0.0,0.0,0.0,0.0,0.0,0.0,0.0,0.0,0.0,0.0,0.0,0.0,1.0,0.9166666666666666,0.0,0.5,compromised,1,83.60815509963963
0.0,0.0,0.0,0.0,0.0,0.0,0.0,0.0,0.0,0.0,1.0,0.0,0.0,0.0,0.0,0.0,0.0,0.0,0.0,0.5,normal,0,14.008270351785622
0.0,0.0,0.0,0.0,0.0,0.0,0.0,0.0,0.0,0.0,0.0,0.3333333333333333,0.0,0.0,0.0,0.17158506666666665,0.0,0.0,1.0,0.6,normal,0,18.115171343683883
0.0,0.0,0.0,0.0,0.0,0.0,0.0,0.0,0.0,0.0,0.0,0.0,0.0,0.0,0.0,0.0,0.0,0.0,1.0,0.4,innocent_security_change,0,10.657183725105659
0.0,0.0,0.0,0.0,0.0,1.0,0.0,0.0,0.0,0.0,0.0,0.3333333333333333,0.0,0.0,0.0,0.10477866666666666,0.3333333333333333,0.0,0.0,0.6,innocent_security_change,0,26.166888447720407
0.0,0.0,0.0,0.0,0.0,0.0,0.0,0.0,0.0,0.0,1.0,0.0,0.0,0.0,0.0,0.0,0.0,0.0,0.0,0.5,normal,0,12.985735376349023
0.0,0.0,0.0,0.0,0.0,0.0,0.0,0.0,0.0,0.0,0.0,0.3333333333333333,1.0,0.0,0.0,0.16112733333333332,0.0,0.0,0.0,0.6,normal,0,23.416630842512017
1.0,1.0,0.0,0.0,0.0,0.0,0.0,0.0,0.0,0.0,0.0,0.0,0.0,0.0,0.0,0.0,0.6666666666666666,0.9,0.0,0.4,compromised,1,75.77780386877917
1.0,1.0,1.0,0.0,1.0,0.0,1.0,0.0,0.0,0.0,0.0,1.0,1.0,1.0,1.0,1.0,1.6666666666666667,0.8888888888888888,0.0,1.0,compromised,1,98.35030882883991
0.0,0.0,0.0,0.0,0.0,0.0,0.0,0.0,0.0,0.0,1.0,0.3333333333333333,0.0,0.0,0.0,0.17998733333333333,0.0,0.0,1.0,0.8,normal,0,26.179707697730166
1.0,0.0,0.0,0.0,0.0,0.0,0.0,0.0,0.3333333333333333,1.0,0.0,0.3333333333333333,0.0,1.0,0.0,0.7100990666666667,0.3333333333333333,0.0,0.0,0.8,medium,0,76.61185969905888
1.0,1.0,1.0,0.0,1.0,0.0,1.0,0.0,0.0,0.0,1.0,1.0,1.0,1.0,1.0,1.0,1.6666666666666667,0.8944444444444445,0.0,1.0,compromised,1,98.54924930240963
0.0,0.0,0.0,0.0,0.0,0.0,0.0,0.0,0.3333333333333333,1.0,0.0,0.3333333333333333,0.0,1.0,0.0,0.4458362666666667,0.0,0.0,0.0,0.7,medium,0,44.97922636394776
0.0,0.0,0.0,0.0,0.0,0.0,0.0,0.0,0.0,0.0,0.0,0.3333333333333333,0.0,0.0,0.0,0.14380533333333334,0.0,0.0,0.0,0.6,normal,0,11.741434176179968
0.0,0.0,0.0,0.0,0.0,0.0,0.0,0.0,0.0,0.0,0.0,0.0,0.0,0.0,0.0,0.0,0.0,0.0,0.0,0.4,normal,0,1.5727905926522467
0.0,0.0,0.0,0.0,0.0,0.0,0.0,0.0,0.0,0.0,1.0,0.3333333333333333,0.0,0.0,0.0,0.0346776,0.0,0.0,0.0,0.7,normal,0,20.74477665972341
1.0,1.0,1.0,0.0,1.0,0.0,1.0,0.0,0.0,0.0,1.0,1.0,1.0,1.0,1.0,1.0,1.6666666666666667,0.9166666666666666,0.0,1.0,compromised,1,99.22519900713733
0.0,0.0,0.0,0.0,0.0,0.0,0.0,0.0,0.3333333333333333,1.0,1.0,0.3333333333333333,0.0,1.0,0.0,0.5772820000000001,0.0,0.0,0.0,0.7,medium,0,46.79642494752404
0.0,0.0,0.0,0.0,0.0,0.0,0.0,0.0,0.0,0.0,0.0,0.3333333333333333,1.0,0.0,0.0,0.2194437130883579,0.0,0.0,0.0,0.7,normal,0,23.74354657735192
0.0,0.0,0.0,0.0,0.0,0.0,0.0,0.0,0.0,0.0,0.0,0.3333333333333333,0.0,0.0,0.0,0.28346489530951297,0.0,0.0,0.0,0.6,normal,0,12.90136808667247
0.0,0.0,0.0,0.0,0.0,0.0,0.0,0.0,0.3333333333333333,1.0,0.0,0.3333333333333333,0.0,1.0,0.0,0.7433141333333333,0.0,0.0,0.0,0.6,medium,0,47.08655292395915
0.0,0.0,0.0,0.0,0.0,0.0,0.0,0.0,0.0,0.0,1.0,0.0,0.0,0.0,0.0,0.0,0.0,0.0,0.0,0.5,normal,0,16.52035846405818
1.0,1.0,1.0,0.0,1.0,0.0,1.0,0.0,0.0,0.0,1.0,1.0,1.0,1.0,1.0,1.0,1.6666666666666667,0.8555555555555556,0.0,1.0,compromised,1,96.07165220549234
0.0,0.0,0.0,0.0,0.0,1.0,0.0,0.0,0.0,0.0,0.0,0.0,0.0,0.0,0.0,0.0,0.3333333333333333,0.0,0.0,0.5,innocent_security_change,0,22.625056713268023
1.0,0.0,0.0,0.0,0.0,0.0,0.0,0.0,0.3333333333333333,1.0,0.0,0.3333333333333333,0.0,1.0,0.0,1.0,0.3333333333333333,0.0,0.0,0.6,medium,0,73.33105890368381
1.0,0.0,0.0,0.0,0.0,0.0,0.0,0.0,0.3333333333333333,1.0,1.0,0.3333333333333333,0.0,1.0,0.0,0.4171569333333333,0.3333333333333333,0.0,0.0,0.6,medium,0,73.21839915373296
0.0,0.0,0.0,0.0,0.0,0.0,0.0,0.0,0.0,0.0,0.0,0.0,0.0,0.0,0.0,0.0,0.0,0.0,0.0,0.4,normal,0,1.99921797292714
0.0,0.0,0.0,0.0,0.0,0.0,0.0,0.0,0.0,0.0,0.0,0.0,0.0,0.0,0.0,0.0,0.0,0.0,0.0,0.6,normal,0,6.1968051492036755
0.0,0.0,0.0,0.0,0.0,0.0,0.0,0.0,0.0,0.0,0.0,0.3333333333333333,0.0,0.0,0.0,0.13844493333333335,0.0,0.0,0.0,0.6,normal,0,9.060977670220577
0.0,0.0,0.0,0.0,0.0,0.0,0.0,0.0,0.0,0.0,0.0,0.0,0.0,0.0,0.0,0.0,0.0,0.0,0.0,0.4,normal,0,3.936720198590054
0.0,0.0,0.0,0.0,0.0,0.0,0.0,0.0,0.0,1.0,0.0,0.3333333333333333,0.0,1.0,0.0,0.45836533333333335,0.0,0.0,0.0,0.3,medium,0,35.8595136848085
0.0,0.0,0.0,0.0,0.0,0.0,0.0,0.0,0.0,0.0,0.0,0.3333333333333333,0.0,0.0,0.0,0.12520399999999998,0.0,0.0,0.0,0.5,normal,0,9.476189629248422
0.0,0.0,0.0,0.0,0.0,1.0,0.0,0.0,0.0,0.0,0.0,0.3333333333333333,0.0,0.0,0.0,0.1111536,0.3333333333333333,0.0,0.0,0.7,innocent_security_change,0,29.690394297753706
0.0,0.0,0.0,0.0,0.0,0.0,0.0,0.0,0.0,0.0,0.0,0.3333333333333333,0.0,0.0,0.0,0.1305588,0.0,0.0,0.0,0.6,normal,0,15.781365759648722
0.0,0.0,0.0,0.0,0.0,0.0,0.0,0.0,0.0,0.0,0.0,0.0,0.0,0.0,0.0,0.0,0.0,0.0,1.0,0.6,innocent_security_change,0,11.9016796823341
0.0,0.0,0.0,0.0,0.0,0.0,0.0,0.0,0.0,0.0,0.0,0.0,0.0,0.0,0.0,0.0,0.0,0.0,0.0,0.5,normal,0,0.0
0.0,0.0,0.0,0.0,0.0,0.0,0.0,0.0,0.3333333333333333,1.0,0.0,0.3333333333333333,0.0,1.0,0.0,1.0,0.0,0.0,0.0,0.6,medium,0,43.411531875364105
0.0,0.0,0.0,0.0,0.0,0.0,0.0,0.0,0.0,0.0,0.0,0.3333333333333333,0.0,0.0,0.0,0.0,0.0,0.0,0.0,0.6,normal,0,9.984389461729695
0.0,0.0,0.0,0.0,0.0,0.0,0.0,0.0,0.0,0.0,0.0,0.0,0.0,0.0,0.0,0.0,0.0,0.0,0.0,0.3,normal,0,3.692615831237924
0.0,0.0,0.0,0.0,0.0,0.0,0.0,0.0,0.3333333333333333,1.0,0.0,0.3333333333333333,0.0,1.0,0.0,0.43084826666666665,0.0,0.0,0.0,0.7,medium,0,45.30071962265057
1.0,0.0,0.0,0.0,0.0,0.0,0.0,0.0,0.3333333333333333,1.0,0.0,0.3333333333333333,0.0,1.0,0.0,0.45000786666666664,0.3333333333333333,0.0,0.0,0.8,medium,0,73.31402599791137
0.0,0.0,0.0,0.0,0.0,0.0,0.0,0.0,0.0,0.0,0.0,0.3333333333333333,0.0,0.0,0.0,0.0512716,0.0,0.0,1.0,0.6,innocent_security_change,0,21.245918661389144
0.0,0.0,0.0,0.0,0.0,0.0,0.0,0.0,0.0,0.0,0.0,0.3333333333333333,0.0,0.0,0.0,0.10689466666666667,0.0,0.0,0.0,0.6,normal,0,9.940416583582113
0.0,0.0,0.0,0.0,0.0,0.0,0.0,0.0,0.3333333333333333,1.0,1.0,0.3333333333333333,0.0,1.0,0.0,1.0,0.0,0.0,0.0,0.5,medium,0,55.64038538149391
1.0,0.0,0.0,0.0,0.0,0.0,0.0,0.0,0.3333333333333333,1.0,0.0,0.3333333333333333,0.0,1.0,0.0,1.0,0.3333333333333333,0.0,0.0,0.6,medium,0,70.53235696773415
0.0,0.0,0.0,0.0,0.0,0.0,0.0,0.0,0.0,0.0,0.0,0.3333333333333333,1.0,0.0,0.0,1.0,0.0,0.0,1.0,0.6,normal,0,36.23317734187074
0.0,0.0,0.0,0.0,0.0,0.0,0.0,0.0,0.0,0.0,0.0,0.0,0.0,0.0,0.0,0.0,0.0,0.0,0.0,0.4,normal,0,0.0
0.0,0.0,0.0,0.0,0.0,0.0,0.0,0.0,0.0,0.0,0.0,0.3333333333333333,0.0,0.0,0.0,0.045058183110216345,0.0,0.0,0.0,0.6,normal,0,9.800783836593602
0.0,0.0,0.0,0.0,0.0,0.0,0.0,0.0,0.0,0.0,1.0,0.3333333333333333,1.0,0.0,0.0,0.18076133333333333,0.0,0.0,1.0,0.7,normal,0,38.20754176316256
0.0,0.0,0.0,0.0,0.0,0.0,0.0,0.0,0.0,0.0,0.0,0.3333333333333333,0.0,0.0,0.0,0.0,0.0,0.0,0.0,0.5,normal,0,9.526902905853825
0.0,0.0,0.0,0.0,0.0,0.0,0.0,0.0,0.0,0.0,0.0,0.0,0.0,0.0,0.0,0.0,0.0,0.0,0.0,0.3,normal,0,2.31289707398099
1.0,1.0,1.0,0.0,1.0,0.0,1.0,0.0,0.0,0.0,0.0,1.0,1.0,1.0,1.0,1.0,1.6666666666666667,0.9055555555555556,0.0,1.0,compromised,1,95.48390224715845
0.0,0.0,0.0,0.0,0.0,0.0,0.0,0.0,0.0,0.0,0.0,0.0,0.0,0.0,0.0,0.0,0.0,0.0,0.0,0.5,normal,0,3.095439992494516
0.0,0.0,0.0,0.0,0.0,0.0,0.0,0.0,0.3333333333333333,1.0,0.0,0.3333333333333333,0.0,1.0,0.0,1.0,0.0,0.0,0.0,0.7,medium,0,45.03898543682284
0.0,0.0,0.0,0.0,0.0,0.0,0.0,0.0,0.0,0.0,0.0,0.0,0.0,0.0,0.0,0.0,0.0,0.0,0.0,0.5,normal,0,6.9791145413581805
0.0,0.0,0.0,0.0,0.0,0.0,0.0,0.0,0.0,0.0,0.0,0.3333333333333333,1.0,0.0,0.0,0.1742672,0.0,0.0,0.0,0.6,normal,0,23.287134876929414
0.0,0.0,0.0,0.0,0.0,0.0,0.0,0.0,0.0,0.0,0.0,0.3333333333333333,1.0,0.0,0.0,0.18204826666666668,0.0,0.0,0.0,0.7,normal,0,23.459664865672416
0.0,0.0,0.0,0.0,0.0,0.0,0.0,0.0,0.0,0.0,1.0,0.3333333333333333,0.0,0.0,0.0,0.1253016,0.0,0.0,0.0,0.6,normal,0,24.642763489292978
0.0,0.0,0.0,0.0,0.0,0.0,0.0,0.0,0.0,0.0,0.0,0.3333333333333333,1.0,0.0,0.0,0.1600012,0.0,0.0,0.0,0.7,normal,0,21.334342518640472
0.0,0.0,0.0,0.0,0.0,0.0,0.0,0.0,0.0,0.0,0.0,0.0,0.0,0.0,0.0,0.0,0.0,0.0,0.0,0.5,normal,0,0.7570743184476325
1.0,0.0,0.0,0.0,0.0,0.0,0.0,0.0,0.3333333333333333,1.0,1.0,0.3333333333333333,0.0,1.0,0.0,1.0,0.3333333333333333,0.0,0.0,0.8,medium,0,74.82439327940936
0.0,0.0,0.0,0.0,0.0,0.0,0.0,0.0,0.0,0.0,0.0,0.3333333333333333,0.0,0.0,0.0,0.152968,0.0,0.0,0.0,0.6,normal,0,11.712229419814962
0.0,0.0,0.0,0.0,0.0,0.0,0.0,0.0,0.0,0.0,0.0,0.0,0.0,0.0,0.0,0.0,0.0,0.0,0.0,0.5,normal,0,4.650121177621548
0.0,1.0,1.0,0.0,1.0,0.0,0.0,0.0,0.0,0.0,0.0,0.0,0.0,0.0,0.0,0.0,1.0,0.9388888888888889,0.0,0.5,compromised,1,85.32597724203507
1.0,0.0,0.0,0.0,0.0,0.0,0.0,0.0,0.3333333333333333,1.0,1.0,0.3333333333333333,0.0,1.0,0.0,0.7137081333333334,0.3333333333333333,0.0,0.0,0.9,medium,0,83.21044151507243
1.0,0.0,0.0,0.0,0.0,0.0,0.0,0.0,0.3333333333333333,1.0,1.0,0.3333333333333333,0.0,1.0,0.0,0.5351270666666667,0.3333333333333333,0.0,0.0,0.6,medium,0,70.02017916486778
0.0,0.0,0.0,0.0,0.0,0.0,0.0,0.0,0.0,0.0,0.0,0.0,0.0,0.0,0.0,0.0,0.0,0.0,0.0,0.4,normal,0,4.389023183518838
1.0,1.0,1.0,0.0,1.0,0.0,1.0,0.0,0.0,0.0,1.0,1.0,1.0,1.0,1.0,1.0,1.6666666666666667,0.9,0.0,1.0,compromised,1,96.63385704736115
0.0,0.0,0.0,0.0,0.0,0.0,0.0,0.0,0.0,0.0,0.0,0.3333333333333333,0.0,0.0,0.0,0.09104306666666666,0.0,0.0,0.0,0.5,normal,0,8.969567363679968
0.0,0.0,0.0,0.0,0.0,0.0,0.0,0.0,0.0,0.0,0.0,0.0,0.0,0.0,0.0,0.0,0.0,0.0,0.0,0.4,normal,0,1.317753890073102
0.0,0.0,0.0,0.0,0.0,0.0,0.0,0.0,0.3333333333333333,1.0,1.0,0.3333333333333333,0.0,1.0,0.0,1.0,0.0,0.0,0.0,0.8,medium,0,52.136833646867146
1.0,0.0,0.0,0.0,0.0,0.0,0.0,0.0,0.3333333333333333,1.0,1.0,0.3333333333333333,0.0,1.0,0.0,0.6540526666666666,0.3333333333333333,0.0,0.0,0.8,medium,0,80.6184469036205
0.0,0.0,0.0,0.0,0.0,0.0,0.0,0.0,0.0,0.0,0.0,0.3333333333333333,0.0,0.0,0.0,0.0886736,0.0,0.0,0.0,0.6,normal,0,13.159713116191128
0.0,0.0,0.0,0.0,0.0,0.0,0.0,0.0,0.3333333333333333,1.0,0.0,0.3333333333333333,0.0,1.0,0.0,0.5189145333333333,0.0,0.0,0.0,0.4,medium,0,43.91658891813598
0.0,0.0,0.0,0.0,0.0,0.0,0.0,0.0,0.0,0.0,0.0,0.0,0.0,0.0,0.0,0.0,0.0,0.0,0.0,0.2,compromised,1,4.821557427156389
1.0,0.0,0.0,0.0,0.0,0.0,0.0,0.0,0.3333333333333333,1.0,0.0,0.3333333333333333,0.0,1.0,0.0,1.0,0.3333333333333333,0.0,0.0,0.7,medium,0,71.01503911723006
0.0,0.0,0.0,0.0,0.0,0.0,0.0,0.0,0.3333333333333333,1.0,0.0,0.3333333333333333,0.0,1.0,0.0,1.0,0.0,0.0,0.0,0.6,medium,0,45.081991314189914
1.0,1.0,1.0,0.0,0.0,0.0,0.0,0.0,0.0,0.0,0.0,0.0,0.0,0.0,0.0,0.0,1.0,0.7,0.0,0.4,compromised,1,79.12869687534024
0.0,0.0,0.0,0.0,0.0,0.0,0.0,0.0,0.3333333333333333,1.0,0.0,0.3333333333333333,0.0,1.0,0.0,0.6294364,0.0,0.0,0.0,0.7,medium,0,44.19768581118473
0.0,0.0,0.0,0.0,0.0,0.0,0.0,0.0,0.0,0.0,1.0,0.3333333333333333,1.0,0.0,0.0,0.20167632319712583,0.0,0.0,0.0,0.6,normal,0,32.57132994916387
0.0,1.0,0.0,0.0,0.0,0.0,0.0,0.0,0.0,0.0,1.0,0.3333333333333333,0.0,0.0,0.0,0.054072,0.3333333333333333,0.0,0.0,0.8,innocent_security_change,0,45.34195528259275
0.0,0.0,0.0,1.0,0.0,0.0,0.0,0.0,0.0,0.0,0.0,0.0,0.0,0.0,0.0,0.0,0.3333333333333333,0.0,0.0,0.5,innocent_security_change,0,24.24331610796233
1.0,0.0,0.0,0.0,0.0,0.0,0.0,0.0,0.3333333333333333,1.0,0.0,0.3333333333333333,0.0,1.0,0.0,1.0,0.3333333333333333,0.0,0.0,0.5,medium,0,70.89944193102473
1.0,0.0,0.0,0.0,0.0,0.0,0.0,0.0,0.3333333333333333,1.0,1.0,0.3333333333333333,0.0,1.0,0.0,0.7473702666666666,0.3333333333333333,0.0,0.0,0.7,medium,0,78.56320689726012
0.0,0.0,0.0,0.0,0.0,0.0,0.0,0.0,0.0,0.0,0.0,0.0,0.0,0.0,0.0,0.0,0.0,0.0,0.0,0.5,normal,0,4.17011089912505
1.0,0.0,0.0,0.0,0.0,0.0,0.0,0.0,0.3333333333333333,1.0,1.0,0.3333333333333333,1.0,1.0,0.0,0.4077437333333333,0.3333333333333333,0.0,0.0,0.9,medium,0,80.84268417070646
0.0,0.0,0.0,0.0,0.0,0.0,0.0,0.0,0.0,0.0,0.0,0.3333333333333333,0.0,0.0,0.0,0.16581826666666669,0.0,0.0,1.0,0.6,normal,0,14.957652526147477
0.0,0.0,0.0,0.0,0.0,0.0,0.0,0.0,0.0,0.0,0.0,0.3333333333333333,0.0,0.0,0.0,0.16592,0.0,0.0,1.0,0.7,normal,0,21.051422065732684
0.0,0.0,0.0,0.0,0.0,0.0,0.0,0.0,0.0,0.0,1.0,0.3333333333333333,0.0,0.0,0.0,0.06151533333333333,0.0,0.0,1.0,0.8,innocent_security_change,0,24.975233393084636
0.0,0.0,0.0,0.0,0.0,0.0,0.0,0.0,0.0,0.0,0.0,0.3333333333333333,0.0,0.0,0.0,0.19919413333333333,0.0,0.0,1.0,0.5,normal,0,18.50181973532084
0.0,0.0,0.0,0.0,0.0,0.0,0.0,0.0,0.3333333333333333,0.0,1.0,0.3333333333333333,0.0,1.0,0.0,0.7653218666666667,0.0,0.0,0.0,0.6,medium,0,43.92615486477088
1.0,0.0,0.0,0.0,0.0,0.0,0.0,0.0,0.3333333333333333,1.0,0.0,0.3333333333333333,0.0,1.0,0.0,0.7196376,0.3333333333333333,0.0,0.0,0.9,medium,0,74.35414035793569
0.0,0.0,0.0,0.0,0.0,0.0,0.0,0.0,0.0,0.0,0.0,0.3333333333333333,0.0,0.0,0.0,0.12596933333333335,0.0,0.0,0.0,0.6,normal,0,9.406330867564227
0.0,0.0,0.0,0.0,0.0,0.0,0.0,0.0,0.0,0.0,0.0,0.0,0.0,0.0,0.0,0.0,0.0,0.0,0.0,0.5,normal,0,3.586724993988601
0.0,0.0,0.0,0.0,0.0,0.0,0.0,0.0,0.3333333333333333,1.0,0.0,0.3333333333333333,0.0,1.0,0.0,1.0,0.0,0.0,0.0,0.4,medium,0,43.824013588978914
0.0,0.0,0.0,0.0,0.0,0.0,0.0,0.0,0.0,0.0,0.0,0.3333333333333333,0.0,0.0,0.0,0.11438853333333332,0.0,0.0,0.0,0.7,normal,0,14.9038338485989
0.0,0.0,0.0,0.0,0.0,0.0,0.0,0.0,0.0,0.0,0.0,0.3333333333333333,0.0,0.0,0.0,0.1683608,0.0,0.0,1.0,0.6,normal,0,19.20604308110301
1.0,1.0,1.0,0.0,1.0,0.0,1.0,0.0,0.0,0.0,0.0,1.0,1.0,1.0,1.0,1.0,1.6666666666666667,0.8777777777777778,0.0,1.0,compromised,1,100.0
0.0,0.0,0.0,0.0,0.0,0.0,0.0,0.0,0.0,0.0,0.0,0.0,0.0,0.0,0.0,0.0,0.0,0.0,0.0,0.4,normal,0,1.5508549929676885
0.0,0.0,0.0,0.0,0.0,0.0,0.0,0.0,0.0,0.0,0.0,0.0,0.0,0.0,0.0,0.0,0.0,0.0,0.0,0.5,normal,0,2.2621021325110977
0.0,0.0,0.0,0.0,0.0,0.0,0.0,0.0,0.3333333333333333,1.0,0.0,0.3333333333333333,0.0,1.0,0.0,1.0,0.0,0.0,1.0,0.8,medium,0,51.66177755933456
0.0,0.0,0.0,0.0,0.0,0.0,0.0,0.0,0.3333333333333333,1.0,1.0,0.3333333333333333,0.0,1.0,0.0,0.4454924,0.0,0.0,0.0,0.5,medium,0,51.67951873212407
0.0,0.0,0.0,0.0,0.0,0.0,0.0,0.0,0.0,0.0,0.0,0.3333333333333333,0.0,0.0,0.0,0.0767636,0.0,0.0,0.0,0.5,normal,0,8.475807576941428
0.0,0.0,0.0,0.0,0.0,0.0,0.0,0.0,0.0,0.0,0.0,0.0,0.0,0.0,0.0,0.0,0.0,0.0,0.0,0.5,normal,0,5.182530684565497
0.0,0.0,0.0,0.0,0.0,0.0,0.0,0.0,0.0,0.0,0.0,0.3333333333333333,0.0,0.0,0.0,0.23417420943289136,0.0,0.0,1.0,0.6,innocent_security_change,0,19.52797171068848
1.0,1.0,1.0,0.0,1.0,0.0,1.0,0.0,0.0,0.0,1.0,1.0,1.0,1.0,1.0,1.0,1.6666666666666667,0.8777777777777778,0.0,1.0,compromised,1,93.07397711231128
1.0,0.0,0.0,0.0,0.0,0.0,0.0,0.0,0.3333333333333333,1.0,1.0,0.3333333333333333,0.0,1.0,0.0,1.0,0.3333333333333333,0.0,0.0,0.6,medium,0,75.81044599215257
1.0,0.0,0.0,0.0,0.0,0.0,0.0,0.0,0.3333333333333333,1.0,0.0,0.3333333333333333,0.0,1.0,0.0,1.0,0.3333333333333333,0.0,0.0,0.5,medium,0,71.4793134727828
0.0,0.0,0.0,0.0,0.0,0.0,0.0,0.0,0.0,0.0,0.0,0.3333333333333333,0.0,0.0,0.0,0.105186,0.0,0.0,0.0,0.7,normal,0,11.995088596654302
1.0,1.0,1.0,0.0,1.0,0.0,1.0,0.0,0.0,0.0,1.0,1.0,1.0,1.0,1.0,1.0,1.6666666666666667,0.8833333333333333,0.0,1.0,compromised,1,95.04107331264983
0.0,0.0,0.0,0.0,0.0,0.0,0.0,0.0,0.3333333333333333,1.0,0.0,0.3333333333333333,0.0,1.0,0.0,0.5406745333333333,0.0,0.0,0.0,0.5,medium,0,46.75648282466745
1.0,1.0,0.0,0.0,0.0,0.0,0.0,0.0,0.0,0.0,0.0,0.0,0.0,0.0,0.0,0.0,0.6666666666666666,0.8333333333333334,0.0,0.4,compromised,1,73.6985942281146
0.0,0.0,0.0,0.0,0.0,0.0,0.0,0.0,0.0,0.0,0.0,0.3333333333333333,1.0,0.0,0.0,0.1797932,0.0,0.0,0.0,0.5,normal,0,23.109276421938688
0.0,0.0,0.0,0.0,0.0,0.0,0.0,0.0,0.0,0.0,0.0,0.3333333333333333,0.0,0.0,0.0,0.09489613333333334,0.0,0.0,0.0,0.6,normal,0,12.774168396483107
0.0,0.0,0.0,0.0,0.0,0.0,0.0,0.0,0.0,0.0,1.0,0.3333333333333333,0.0,0.0,0.0,0.1345688,0.0,0.0,0.0,0.7,normal,0,23.761115994841816
0.0,0.0,0.0,0.0,0.0,0.0,0.0,0.0,0.0,0.0,0.0,0.0,0.0,0.0,0.0,0.0,0.0,0.0,0.0,0.4,normal,0,2.816937331283667
1.0,1.0,1.0,0.0,1.0,0.0,1.0,0.0,0.0,0.0,1.0,1.0,1.0,1.0,1.0,1.0,1.6666666666666667,0.8722222222222222,0.0,1.0,compromised,1,96.08267213568178
0.0,0.0,0.0,0.0,0.0,0.0,0.0,0.0,0.0,0.0,0.0,0.3333333333333333,0.0,0.0,0.0,0.5315386414235262,0.0,0.0,1.0,0.5,normal,0,18.859324911861826
0.0,0.0,0.0,0.0,0.0,0.0,0.0,0.0,0.0,0.0,0.0,0.3333333333333333,0.0,0.0,0.0,0.09687613333333334,0.0,0.0,0.0,0.7,normal,0,10.08866834452833
0.0,0.0,0.0,0.0,0.0,0.0,0.0,0.0,0.0,0.0,0.0,0.3333333333333333,0.0,0.0,0.0,0.0,0.0,0.0,0.0,0.5,normal,0,7.698618558667622
0.0,0.0,0.0,0.0,0.0,0.0,0.0,0.0,0.0,0.0,1.0,0.0,0.0,0.0,0.0,0.0,0.0,0.0,0.0,0.4,normal,0,13.17361117618736
1.0,0.0,0.0,0.0,0.0,0.0,0.0,0.0,0.0,0.0,1.0,0.0,0.0,0.0,0.0,0.0,0.3333333333333333,0.0,0.0,0.4,compromised,1,56.27891279299855
1.0,1.0,1.0,0.0,1.0,0.0,1.0,0.0,0.0,0.0,1.0,0.6666666666666666,1.0,0.0,1.0,1.0,1.6666666666666667,0.8944444444444445,0.0,0.9,compromised,1,99.18271447913743
0.0,0.0,0.0,0.0,0.0,0.0,0.0,0.0,0.3333333333333333,1.0,1.0,0.3333333333333333,0.0,1.0,0.0,0.4070049333333333,0.0,0.0,0.0,0.6,medium,0,48.0411380147824
0.0,0.0,0.0,0.0,0.0,0.0,0.0,0.0,0.0,0.0,0.0,0.3333333333333333,0.0,0.0,0.0,0.07519733333333334,0.0,0.0,0.0,0.6,normal,0,10.73684528333447
0.0,0.0,0.0,0.0,0.0,0.0,0.0,0.0,0.0,0.0,0.0,0.3333333333333333,0.0,0.0,0.0,0.0461528,0.0,0.0,0.0,0.5,normal,0,12.808850306207308
1.0,1.0,1.0,0.0,1.0,0.0,1.0,0.0,0.0,0.0,1.0,1.0,1.0,1.0,1.0,1.0,1.6666666666666667,0.9111111111111111,0.0,1.0,compromised,1,98.88761461309309
0.0,0.0,0.0,0.0,0.0,0.0,0.0,0.0,0.0,0.0,1.0,0.3333333333333333,0.0,0.0,0.0,0.013597333333333333,0.0,0.0,0.0,0.5,normal,0,18.63232128972402
1.0,0.0,0.0,0.0,0.0,0.0,0.0,0.0,0.3333333333333333,1.0,0.0,0.3333333333333333,0.0,1.0,0.0,0.5602593333333333,0.3333333333333333,0.0,0.0,0.5,medium,0,71.2330759201159
0.0,0.0,0.0,0.0,0.0,0.0,0.0,0.0,0.3333333333333333,1.0,1.0,0.3333333333333333,0.0,1.0,0.0,0.7316924,0.0,0.0,0.0,0.7,medium,0,50.66520912051113
0.0,0.0,0.0,0.0,0.0,0.0,0.0,0.0,0.0,0.0,0.0,0.3333333333333333,1.0,0.0,0.0,0.1775724,0.0,0.0,0.0,0.7,normal,0,22.506296322206754
1.0,0.0,0.0,0.0,0.0,0.0,0.0,0.0,0.3333333333333333,1.0,0.0,0.3333333333333333,0.0,1.0,0.0,0.7825806666666667,0.3333333333333333,0.0,0.0,0.6,medium,0,72.44417318360597
1.0,1.0,1.0,0.0,1.0,0.0,1.0,0.0,0.0,0.0,0.0,1.0,1.0,1.0,1.0,1.0,1.6666666666666667,0.8722222222222222,0.0,1.0,compromised,1,99.6705402112448
0.0,0.0,0.0,0.0,0.0,0.0,0.0,0.0,0.3333333333333333,1.0,1.0,0.3333333333333333,0.0,1.0,0.0,0.5118944,0.0,0.0,0.0,0.8,medium,0,50.499515773717214
0.0,0.0,0.0,0.0,0.0,0.0,0.0,0.0,0.0,0.0,0.0,0.0,0.0,0.0,0.0,0.0,0.0,0.0,0.0,0.5,normal,0,0.1966094300744774
1.0,1.0,1.0,0.0,0.0,0.0,0.0,0.0,0.0,0.0,1.0,0.0,0.0,0.0,0.0,0.0,1.0,0.8,0.0,0.5,compromised,1,91.0823215002341
1.0,1.0,1.0,0.0,1.0,0.0,1.0,0.0,0.0,0.0,0.0,1.0,1.0,1.0,1.0,1.0,1.6666666666666667,0.8611111111111112,0.0,1.0,compromised,1,98.57410567860605
0.0,1.0,0.0,0.0,0.0,0.0,0.0,0.0,0.0,0.0,0.0,0.3333333333333333,0.0,0.0,0.0,0.03157186666666666,0.3333333333333333,0.0,0.0,0.6,innocent_security_change,0,34.136665782754456
1.0,0.0,0.0,0.0,0.0,0.0,0.0,0.0,0.3333333333333333,1.0,0.0,0.3333333333333333,0.0,1.0,0.0,0.6565190666666667,0.3333333333333333,0.0,0.0,0.8,medium,0,72.5925485865483
0.0,0.0,0.0,0.0,0.0,0.0,0.0,0.0,0.0,0.0,0.0,0.3333333333333333,0.0,0.0,0.0,0.0,0.0,0.0,0.0,0.6,normal,0,10.176531452934038
0.0,0.0,0.0,0.0,0.0,0.0,0.0,0.0,0.0,0.0,0.0,0.3333333333333333,0.0,0.0,0.0,0.03701066666666667,0.0,0.0,0.0,0.6,normal,0,14.644537774345036
0.0,0.0,0.0,0.0,0.0,0.0,0.0,0.0,0.0,0.0,0.0,0.3333333333333333,0.0,0.0,0.0,0.11463669248212773,0.0,0.0,0.0,0.5,normal,0,7.972164382409559
0.0,0.0,0.0,0.0,0.0,0.0,0.0,0.0,0.0,0.0,1.0,0.3333333333333333,0.0,0.0,0.0,0.025663487520019138,0.0,0.0,0.0,0.6,normal,0,21.952433669609754
0.0,0.0,0.0,1.0,0.0,0.0,0.0,0.0,0.0,0.0,0.0,0.3333333333333333,0.0,0.0,0.0,0.08277506666666667,0.3333333333333333,0.0,0.0,0.8,innocent_security_change,0,34.23101931862828
1.0,0.0,0.0,0.0,0.0,0.0,0.0,0.0,0.3333333333333333,1.0,0.0,0.3333333333333333,0.0,1.0,0.0,0.5813238666666667,0.3333333333333333,0.0,0.0,0.8,medium,0,71.83626934286963
0.0,0.0,0.0,0.0,0.0,0.0,0.0,0.0,0.0,0.0,0.0,0.3333333333333333,0.0,0.0,0.0,0.2347742265553304,0.0,0.0,0.0,0.5,normal,0,11.59484831111358
0.0,1.0,0.0,0.0,0.0,0.0,0.0,0.0,0.0,0.0,0.0,0.3333333333333333,0.0,0.0,0.0,0.0,0.3333333333333333,0.0,0.0,0.4,innocent_security_change,0,33.858600592003334
1.0,1.0,1.0,0.0,1.0,0.0,1.0,0.0,0.0,0.0,1.0,1.0,1.0,1.0,1.0,1.0,1.6666666666666667,0.9388888888888889,0.0,1.0,compromised,1,97.54022921050729
0.0,0.0,0.0,0.0,0.0,0.0,0.0,0.0,0.0,0.0,0.0,0.0,0.0,0.0,0.0,0.0,0.0,0.0,0.0,0.5,normal,0,3.4795671676702273
0.0,0.0,0.0,0.0,0.0,0.0,0.0,0.0,0.0,0.0,0.0,0.3333333333333333,0.0,0.0,0.0,0.12597053333333336,0.0,0.0,0.0,0.7,normal,0,13.82536774051713
1.0,1.0,1.0,0.0,1.0,0.0,0.0,0.0,0.0,0.0,0.0,0.0,0.0,0.0,0.0,0.0,1.3333333333333333,0.9111111111111111,0.0,0.6,compromised,1,94.58795615682554
1.0,0.0,0.0,0.0,0.0,0.0,0.0,0.0,0.3333333333333333,1.0,0.0,0.3333333333333333,0.0,1.0,0.0,0.6987233333333334,0.3333333333333333,0.0,0.0,0.6,medium,0,71.60487996499137
0.0,0.0,0.0,0.0,0.0,0.0,0.0,0.0,0.0,0.0,0.0,0.0,0.0,0.0,0.0,0.0,0.0,0.0,0.0,0.5,normal,0,0.0
0.0,0.0,0.0,0.0,0.0,0.0,0.0,0.0,0.0,0.0,1.0,0.3333333333333333,0.0,0.0,0.0,0.06574226666666667,0.0,0.0,0.0,0.7,normal,0,20.506920294118665
0.0,0.0,0.0,0.0,0.0,0.0,0.0,0.0,0.0,0.0,0.0,0.3333333333333333,1.0,0.0,0.0,1.0,0.0,0.0,1.0,0.8,innocent_security_change,0,40.117526150607844
0.0,0.0,0.0,0.0,0.0,0.0,0.0,0.0,0.0,0.0,0.0,0.3333333333333333,0.0,0.0,0.0,0.10143493333333334,0.0,0.0,0.0,0.6,normal,0,11.84246196501189
1.0,0.0,0.0,0.0,0.0,0.0,0.0,0.0,0.3333333333333333,1.0,1.0,0.3333333333333333,0.0,1.0,0.0,1.0,0.3333333333333333,0.0,0.0,0.8,medium,0,76.74826097280815
0.0,0.0,0.0,0.0,0.0,0.0,0.0,0.0,0.0,0.0,0.0,0.0,0.0,0.0,0.0,0.0,0.0,0.0,0.0,0.6,normal,0,4.581679848393584
0.0,0.0,0.0,0.0,0.0,0.0,0.0,0.0,0.3333333333333333,1.0,1.0,0.3333333333333333,0.0,1.0,0.0,0.7286264,0.0,0.0,0.0,0.8,medium,0,56.36177908751759
1.0,0.0,0.0,0.0,0.0,0.0,0.0,0.0,0.0,0.0,1.0,0.0,0.0,0.0,0.0,0.0,0.3333333333333333,0.0,0.0,0.3,compromised,1,57.783283079498304
0.0,0.0,0.0,0.0,0.0,0.0,0.0,0.0,0.0,0.0,0.0,0.0,0.0,0.0,0.0,0.0,0.0,0.0,0.0,0.5,normal,0,2.637621041019844
1.0,0.0,0.0,0.0,0.0,0.0,0.0,0.0,0.3333333333333333,1.0,0.0,0.3333333333333333,0.0,1.0,0.0,1.0,0.3333333333333333,0.0,0.0,0.6,medium,0,73.3618996375602
0.0,0.0,0.0,0.0,0.0,0.0,0.0,0.0,0.0,0.0,0.0,0.3333333333333333,0.0,0.0,0.0,0.0,0.0,0.0,0.0,0.5,normal,0,8.8170182810932
0.0,0.0,0.0,0.0,0.0,0.0,0.0,0.0,0.0,0.0,0.0,0.0,0.0,0.0,0.0,0.0,0.0,0.0,0.0,0.3,normal,0,6.250038596339751
1.0,1.0,1.0,0.0,0.0,0.0,0.0,0.0,0.0,0.0,1.0,0.0,0.0,0.0,0.0,0.0,1.0,0.9388888888888889,0.0,0.5,compromised,1,86.73181771858131
0.0,0.0,0.0,0.0,0.0,0.0,0.0,0.0,0.0,0.0,1.0,0.3333333333333333,0.0,0.0,0.0,0.10347973333333332,0.0,0.0,0.0,0.7,normal,0,20.94540462166925
1.0,1.0,1.0,0.0,1.0,0.0,1.0,0.0,0.0,0.0,0.0,1.0,1.0,1.0,1.0,1.0,1.6666666666666667,0.8666666666666667,0.0,1.0,compromised,1,96.57200313240952
0.0,0.0,0.0,0.0,0.0,0.0,0.0,0.0,0.0,0.0,0.0,0.3333333333333333,0.0,0.0,0.0,0.07738173333333334,0.0,0.0,0.0,0.6,normal,0,13.655218449999634
1.0,1.0,1.0,0.0,1.0,0.0,1.0,0.0,0.0,0.0,0.0,0.0,0.0,0.0,0.0,0.0,1.6666666666666667,0.9277777777777778,0.0,0.7,compromised,1,99.55934993107878
0.0,0.0,0.0,0.0,0.0,0.0,0.0,0.0,0.0,0.0,0.0,0.0,0.0,0.0,0.0,0.0,0.0,0.0,0.0,0.4,normal,0,3.993716834286267
0.0,0.0,0.0,0.0,0.0,0.0,0.0,0.0,0.3333333333333333,1.0,1.0,0.3333333333333333,0.0,1.0,0.0,0.5203622666666666,0.0,0.0,0.0,0.5,medium,0,50.243103898853455
0.0,0.0,0.0,0.0,0.0,0.0,0.0,0.0,0.0,0.0,0.0,0.0,0.0,0.0,0.0,0.0,0.0,0.0,0.0,0.5,normal,0,3.6629991864631424
0.0,0.0,0.0,0.0,0.0,0.0,0.0,0.0,0.0,0.0,0.0,0.3333333333333333,0.0,0.0,0.0,0.09246066666666666,0.0,0.0,0.0,0.6,normal,0,5.142184905003962
1.0,0.0,0.0,0.0,0.0,0.0,0.0,0.0,0.3333333333333333,1.0,0.0,0.3333333333333333,0.0,1.0,0.0,0.4438874666666666,0.3333333333333333,0.0,0.0,0.9,medium,0,74.9304236668461
0.0,0.0,0.0,0.0,0.0,0.0,0.0,0.0,0.3333333333333333,1.0,0.0,0.3333333333333333,0.0,1.0,0.0,1.0,0.0,0.0,0.0,0.5,medium,0,48.36759341148977
0.0,0.0,0.0,0.0,0.0,0.0,0.0,0.0,0.0,0.0,0.0,0.0,0.0,0.0,0.0,0.0,0.0,0.0,0.0,0.5,normal,0,4.641897230179367
1.0,0.0,0.0,0.0,0.0,0.0,0.0,0.0,0.3333333333333333,1.0,0.0,0.3333333333333333,0.0,1.0,0.0,0.6344805333333333,0.3333333333333333,0.0,0.0,0.7,medium,0,71.64145661836335
0.0,0.0,0.0,0.0,0.0,0.0,0.0,0.0,0.0,0.0,1.0,0.3333333333333333,0.0,0.0,0.0,0.037526133333333336,0.0,0.0,0.0,0.6,normal,0,18.689949445944436
0.0,0.0,0.0,0.0,0.0,0.0,0.0,0.0,0.0,0.0,0.0,0.3333333333333333,0.0,0.0,0.0,0.014460533333333333,0.0,0.0,0.0,0.6,normal,0,9.061067289893048
0.0,0.0,0.0,0.0,0.0,0.0,0.0,0.0,0.0,0.0,0.0,0.3333333333333333,0.0,0.0,0.0,0.0,0.0,0.0,0.0,0.6,normal,0,12.453372956045591
0.0,0.0,0.0,0.0,0.0,0.0,0.0,0.0,0.0,0.0,0.0,0.3333333333333333,1.0,0.0,0.0,0.17445866666666665,0.0,0.0,1.0,0.8,innocent_security_change,0,30.703011443663474
0.0,0.0,0.0,0.0,0.0,0.0,0.0,0.0,0.0,0.0,0.0,0.0,0.0,0.0,0.0,0.0,0.0,0.0,0.0,0.4,normal,0,8.07383501598229
0.0,0.0,0.0,0.0,0.0,0.0,0.0,0.0,0.0,0.0,0.0,0.0,0.0,0.0,0.0,0.0,0.0,0.0,0.0,0.5,normal,0,4.648198151065149
0.0,0.0,0.0,0.0,0.0,0.0,0.0,0.0,0.3333333333333333,1.0,0.0,0.3333333333333333,0.0,1.0,0.0,1.0,0.0,0.0,0.0,0.7,medium,0,45.593395458347885
1.0,1.0,1.0,0.0,1.0,0.0,1.0,0.0,0.0,0.0,0.0,1.0,1.0,1.0,1.0,1.0,1.6666666666666667,0.8555555555555556,0.0,1.0,compromised,1,97.44922679484432
1.0,0.0,0.0,0.0,0.0,0.0,0.0,0.0,0.3333333333333333,1.0,0.0,0.3333333333333333,0.0,1.0,0.0,0.7983110666666667,0.3333333333333333,0.0,0.0,0.8,medium,0,72.60490445513553
1.0,1.0,1.0,0.0,1.0,0.0,1.0,0.0,0.0,0.0,1.0,1.0,1.0,1.0,1.0,1.0,1.6666666666666667,0.8611111111111112,0.0,1.0,compromised,1,92.51827615838822
0.0,0.0,0.0,0.0,0.0,0.0,0.0,0.0,0.0,0.0,1.0,0.0,0.0,0.0,0.0,0.0,0.0,0.0,0.0,0.5,normal,0,17.53575829952484
0.0,0.0,0.0,0.0,0.0,0.0,0.0,0.0,0.3333333333333333,0.0,0.0,0.3333333333333333,0.0,1.0,0.0,0.6567561333333333,0.0,0.0,0.0,0.3,medium,0,35.27695236332927
0.0,0.0,0.0,0.0,0.0,0.0,0.0,0.0,0.0,0.0,0.0,0.3333333333333333,0.0,0.0,0.0,0.060928,0.0,0.0,1.0,0.6,innocent_security_change,0,19.787904035262418
0.0,0.0,0.0,0.0,0.0,0.0,0.0,0.0,0.0,0.0,0.0,0.3333333333333333,0.0,0.0,0.0,0.11762399999999999,0.0,0.0,0.0,0.5,normal,0,11.194730219471374
0.0,0.0,0.0,0.0,0.0,0.0,0.0,0.0,0.0,0.0,0.0,0.3333333333333333,0.0,0.0,0.0,0.1354252,0.0,0.0,0.0,0.6,normal,0,8.201727663290171
0.0,0.0,0.0,0.0,0.0,0.0,0.0,0.0,0.0,0.0,0.0,0.3333333333333333,0.0,0.0,0.0,0.5504772918040708,0.0,0.0,1.0,0.7,normal,0,23.400815487300846
0.0,1.0,0.0,0.0,0.0,0.0,0.0,0.0,0.0,0.0,0.0,0.3333333333333333,0.0,0.0,0.0,0.040901066666666666,0.3333333333333333,0.0,0.0,0.4,innocent_security_change,0,38.930781546983745
0.0,0.0,0.0,0.0,0.0,0.0,0.0,0.0,0.0,0.0,0.0,0.3333333333333333,0.0,0.0,0.0,0.07495853333333334,0.0,0.0,0.0,0.8,normal,0,9.535264062264803
0.0,0.0,0.0,0.0,0.0,0.0,0.0,0.0,0.0,0.0,0.0,0.3333333333333333,0.0,0.0,0.0,0.25966299815402133,0.0,0.0,0.0,0.6,normal,0,6.9094564206559355
0.0,0.0,0.0,0.0,0.0,0.0,0.0,0.0,0.0,0.0,0.0,0.3333333333333333,0.0,0.0,0.0,0.12359253333333334,0.0,0.0,0.0,0.8,normal,0,12.214716439023965
0.0,0.0,0.0,0.0,0.0,0.0,0.0,0.0,0.0,0.0,0.0,0.3333333333333333,1.0,0.0,0.0,0.1673584,0.0,0.0,0.0,0.6,normal,0,23.615440593580455
0.0,0.0,0.0,0.0,0.0,0.0,0.0,0.0,0.0,0.0,0.0,0.0,0.0,0.0,0.0,0.0,0.0,0.0,0.0,0.6,normal,0,4.608708140270521
1.0,1.0,1.0,0.0,1.0,0.0,0.0,0.0,0.0,0.0,1.0,0.0,0.0,0.0,0.0,0.0,1.3333333333333333,0.8777777777777778,0.0,0.6,compromised,1,94.45371599111527
0.0,0.0,0.0,0.0,0.0,0.0,0.0,0.0,0.3333333333333333,1.0,0.0,0.3333333333333333,0.0,1.0,0.0,1.0,0.0,0.0,0.0,0.5,medium,0,49.62619190207818
0.0,0.0,0.0,0.0,0.0,0.0,0.0,0.0,0.3333333333333333,1.0,0.0,0.3333333333333333,0.0,1.0,0.0,0.7986098666666667,0.0,0.0,0.0,0.5,medium,0,47.13428697111337
1.0,1.0,1.0,0.0,1.0,0.0,1.0,0.0,0.0,0.0,1.0,1.0,1.0,1.0,1.0,1.0,1.6666666666666667,0.8722222222222222,0.0,1.0,compromised,1,100.0
0.0,0.0,0.0,0.0,0.0,0.0,0.0,0.0,0.0,0.0,0.0,0.0,0.0,0.0,0.0,0.0,0.0,0.0,0.0,0.5,normal,0,0.0
0.0,0.0,0.0,0.0,0.0,0.0,0.0,0.0,0.0,0.0,0.0,0.0,0.0,0.0,0.0,0.0,0.0,0.0,0.0,0.3,normal,0,3.4196432279566276
0.0,0.0,0.0,0.0,0.0,0.0,0.0,0.0,0.0,0.0,0.0,0.3333333333333333,0.0,0.0,0.0,0.16038066666666664,0.0,0.0,1.0,0.7,normal,0,21.77477696028762
0.0,0.0,0.0,0.0,0.0,0.0,0.0,0.0,0.0,0.0,0.0,0.0,0.0,0.0,0.0,0.0,0.0,0.0,0.0,0.4,normal,0,0.0
0.0,0.0,0.0,0.0,0.0,0.0,0.0,0.0,0.0,0.0,0.0,0.3333333333333333,1.0,0.0,0.0,0.17418066666666665,0.0,0.0,0.0,0.5,normal,0,19.733655701873
0.0,0.0,0.0,0.0,0.0,0.0,0.0,0.0,0.3333333333333333,1.0,1.0,0.3333333333333333,0.0,1.0,0.0,1.0,0.0,0.0,0.0,0.4,medium,0,51.19813188783392
0.0,0.0,0.0,0.0,0.0,0.0,0.0,0.0,0.0,0.0,0.0,0.3333333333333333,0.0,0.0,0.0,0.10974946666666666,0.0,0.0,0.0,0.5,normal,0,9.02511891674767
1.0,1.0,1.0,0.0,0.0,0.0,0.0,0.0,0.0,0.0,0.0,0.0,0.0,0.0,0.0,0.0,1.0,0.9555555555555556,0.0,0.6,compromised,1,87.76922155695159
0.0,0.0,0.0,0.0,0.0,0.0,0.0,0.0,0.0,0.0,0.0,0.3333333333333333,0.0,0.0,0.0,0.0,0.0,0.0,0.0,0.6,normal,0,8.362968536635256
0.0,0.0,0.0,0.0,0.0,0.0,0.0,0.0,0.0,0.0,0.0,0.3333333333333333,0.0,0.0,0.0,0.10440453333333334,0.0,0.0,0.0,0.8,normal,0,10.397847644152177
0.0,0.0,0.0,0.0,0.0,0.0,0.0,0.0,0.0,0.0,1.0,0.3333333333333333,0.0,0.0,0.0,0.29556844510804486,0.0,0.0,0.0,0.6,normal,0,21.081882598598934
0.0,0.0,0.0,0.0,0.0,0.0,0.0,0.0,0.0,0.0,1.0,0.3333333333333333,0.0,0.0,0.0,0.0,0.0,0.0,0.0,0.6,normal,0,22.00790116238641
0.0,0.0,0.0,0.0,0.0,0.0,0.0,0.0,0.0,0.0,0.0,0.3333333333333333,0.0,0.0,0.0,0.033329066666666664,0.0,0.0,0.0,0.6,normal,0,10.367662763693394
1.0,0.0,0.0,0.0,0.0,0.0,0.0,0.0,0.3333333333333333,1.0,0.0,0.3333333333333333,0.0,1.0,0.0,0.5115620000000001,0.3333333333333333,0.0,0.0,0.7,medium,0,72.49248744019704
0.0,0.0,0.0,0.0,0.0,0.0,0.0,0.0,0.0,0.0,0.0,0.3333333333333333,0.0,0.0,0.0,0.0498812,0.0,0.0,0.0,0.6,normal,0,10.275656721580594
0.0,0.0,0.0,0.0,0.0,0.0,0.0,0.0,0.0,0.0,0.0,0.0,0.0,0.0,0.0,0.0,0.0,0.0,0.0,0.4,normal,0,6.097335046524103
1.0,0.0,0.0,0.0,0.0,0.0,0.0,0.0,0.3333333333333333,1.0,0.0,0.3333333333333333,0.0,1.0,0.0,1.0,0.3333333333333333,0.0,0.0,0.7,medium,0,72.92343221396914
0.0,0.0,0.0,0.0,0.0,0.0,0.0,0.0,0.0,0.0,0.0,0.0,0.0,0.0,0.0,0.0,0.0,0.0,0.0,0.5,normal,0,6.859812830877814
0.0,0.0,0.0,0.0,0.0,0.0,0.0,0.0,0.0,0.0,0.0,0.0,0.0,0.0,0.0,0.0,0.0,0.0,0.0,0.5,normal,0,4.097282850831315
0.0,0.0,0.0,0.0,0.0,0.0,0.0,0.0,0.0,0.0,0.0,0.0,0.0,0.0,0.0,0.0,0.0,0.0,0.0,0.4,normal,0,2.466135755769427
0.0,0.0,0.0,0.0,0.0,0.0,0.0,0.0,0.0,0.0,0.0,0.3333333333333333,0.0,0.0,0.0,0.1564112,0.0,0.0,0.0,0.6,normal,0,18.1782801733954
1.0,1.0,1.0,0.0,1.0,0.0,0.0,0.0,0.0,0.0,0.0,1.0,1.0,1.0,1.0,1.0,1.3333333333333333,0.9111111111111111,0.0,0.9,compromised,1,94.03434418377118
0.0,0.0,0.0,0.0,0.0,0.0,0.0,0.0,0.0,0.0,0.0,0.0,0.0,0.0,0.0,0.0,0.0,0.0,0.0,0.5,normal,0,2.68682770461004
1.0,1.0,1.0,0.0,1.0,0.0,1.0,0.0,0.0,0.0,1.0,1.0,1.0,1.0,1.0,1.0,1.6666666666666667,0.9,0.0,1.0,compromised,1,94.94560538088173
0.0,0.0,0.0,0.0,0.0,0.0,0.0,0.0,0.3333333333333333,1.0,1.0,0.3333333333333333,0.0,1.0,0.0,0.48893333333333333,0.0,0.0,0.0,0.7,medium,0,52.913187494901756
0.0,0.0,0.0,0.0,0.0,0.0,0.0,0.0,0.0,0.0,0.0,0.3333333333333333,0.0,0.0,0.0,0.14166,0.0,0.0,0.0,0.7,normal,0,16.59940952927095
0.0,0.0,0.0,0.0,0.0,0.0,0.0,0.0,0.0,0.0,0.0,0.3333333333333333,0.0,0.0,0.0,0.14856986666666666,0.0,0.0,0.0,0.6,normal,0,16.00032513888989
0.0,0.0,0.0,0.0,0.0,0.0,0.0,0.0,0.0,0.0,0.0,0.3333333333333333,0.0,0.0,0.0,0.12834533333333334,0.0,0.0,0.0,0.7,normal,0,15.266445950538802
1.0,0.0,0.0,0.0,0.0,0.0,0.0,0.0,0.3333333333333333,1.0,1.0,0.3333333333333333,0.0,1.0,0.0,1.0,0.3333333333333333,0.0,0.0,0.7,medium,0,76.9071341143482
0.0,0.0,0.0,0.0,0.0,0.0,0.0,0.0,0.0,0.0,1.0,0.3333333333333333,0.0,0.0,0.0,0.010249600000000001,0.0,0.0,0.0,0.7,normal,0,19.003122538864677
0.0,0.0,0.0,0.0,0.0,0.0,0.0,0.0,0.0,0.0,0.0,0.3333333333333333,1.0,0.0,0.0,0.19891920000000002,0.0,0.0,0.0,0.6,normal,0,20.140138913270984
0.0,0.0,0.0,0.0,0.0,0.0,0.0,0.0,0.0,0.0,0.0,0.3333333333333333,0.0,0.0,0.0,0.13009053333333334,0.0,0.0,0.0,0.7,normal,0,17.318541198968305
0.0,0.0,0.0,0.0,0.0,0.0,0.0,0.0,0.0,0.0,0.0,0.3333333333333333,0.0,0.0,0.0,0.030493066666666666,0.0,0.0,0.0,0.6,normal,0,11.470504287985701
1.0,1.0,1.0,0.0,1.0,0.0,1.0,0.0,0.0,0.0,1.0,1.0,1.0,1.0,1.0,1.0,1.6666666666666667,0.8611111111111112,0.0,1.0,compromised,1,96.77434007076457
1.0,0.0,0.0,0.0,0.0,0.0,0.0,0.0,0.0,0.0,1.0,0.0,0.0,0.0,0.0,0.0,0.3333333333333333,0.0,0.0,0.4,compromised,1,60.46192221831103
0.0,0.0,0.0,0.0,0.0,1.0,0.0,0.0,0.0,0.0,1.0,0.3333333333333333,0.0,0.0,0.0,0.07615333333333334,0.3333333333333333,0.0,0.0,0.7,innocent_security_change,0,34.945651199999126
0.0,0.0,0.0,0.0,0.0,0.0,0.0,0.0,0.0,0.0,1.0,0.0,0.0,0.0,0.0,0.0,0.0,0.0,0.0,0.5,normal,0,14.553636034797051
0.0,0.0,0.0,0.0,0.0,0.0,0.0,0.0,0.0,0.0,0.0,0.3333333333333333,0.0,0.0,0.0,0.0,0.0,0.0,0.0,0.5,normal,0,8.810076339560439
1.0,1.0,1.0,0.0,1.0,0.0,1.0,0.0,0.0,0.0,0.0,1.0,1.0,1.0,1.0,1.0,1.6666666666666667,0.8833333333333333,0.0,1.1,compromised,1,99.40125323350591
0.0,0.0,0.0,0.0,0.0,0.0,0.0,0.0,0.0,0.0,0.0,0.3333333333333333,0.0,0.0,0.0,0.1653712,0.0,0.0,1.0,0.6,normal,0,19.52540153466252
0.0,0.0,0.0,0.0,0.0,0.0,0.0,0.0,0.0,0.0,0.0,0.3333333333333333,0.0,0.0,0.0,0.0,0.0,0.0,0.0,0.6,normal,0,6.271995768084933
0.0,0.0,0.0,0.0,0.0,0.0,0.0,0.0,0.0,0.0,1.0,0.3333333333333333,0.0,0.0,0.0,0.4018705009893957,0.0,0.0,1.0,0.6,normal,0,30.609170477882607
0.0,0.0,0.0,0.0,0.0,0.0,0.0,0.0,0.0,0.0,0.0,0.3333333333333333,0.0,0.0,0.0,0.035858933333333336,0.0,0.0,0.0,0.5,normal,0,12.335958608011497
0.0,0.0,0.0,0.0,0.0,0.0,0.0,0.0,0.0,0.0,0.0,0.3333333333333333,0.0,0.0,0.0,0.0854632,0.0,0.0,0.0,0.7,normal,0,11.584218866153886
0.0,0.0,0.0,0.0,0.0,0.0,0.0,0.0,0.0,0.0,0.0,0.3333333333333333,0.0,0.0,0.0,0.0350176,0.0,0.0,0.0,0.5,normal,0,11.640536538875613
0.0,0.0,0.0,0.0,0.0,0.0,0.0,0.0,0.0,0.0,0.0,0.3333333333333333,0.0,0.0,0.0,0.03645293333333333,0.0,0.0,0.0,0.7,normal,0,8.411411337150414
0.0,0.0,0.0,0.0,0.0,0.0,0.0,0.0,0.0,0.0,0.0,0.3333333333333333,0.0,0.0,0.0,0.058247066666666666,0.0,0.0,0.0,0.5,normal,0,9.941681090678667
1.0,0.0,0.0,0.0,0.0,0.0,0.0,0.0,0.3333333333333333,1.0,1.0,0.3333333333333333,0.0,1.0,0.0,1.0,0.3333333333333333,0.0,0.0,0.5,medium,0,75.50879686231659
0.0,0.0,0.0,0.0,0.0,0.0,0.0,0.0,0.0,0.0,0.0,0.3333333333333333,0.0,0.0,0.0,0.1983056,0.0,0.0,1.0,0.6,normal,0,21.93561622379405
0.0,0.0,0.0,1.0,0.0,0.0,0.0,0.0,0.0,0.0,1.0,0.3333333333333333,0.0,0.0,0.0,0.7220457163668647,0.3333333333333333,0.0,0.0,0.7,innocent_security_change,0,43.071638251060776
0.0,0.0,0.0,0.0,0.0,1.0,0.0,0.0,0.0,0.0,0.0,0.3333333333333333,0.0,0.0,0.0,0.06030506666666667,0.3333333333333333,0.0,0.0,0.6,innocent_security_change,0,31.21250930162067
0.0,0.0,0.0,0.0,0.0,0.0,0.0,0.0,0.0,0.0,0.0,0.0,0.0,0.0,0.0,0.0,0.0,0.0,0.0,0.5,normal,0,6.29031816892222
0.0,0.0,0.0,0.0,0.0,0.0,0.0,0.0,0.0,0.0,0.0,0.3333333333333333,0.0,0.0,0.0,0.14852893333333334,0.0,0.0,0.0,0.7,normal,0,14.192986154661357
0.0,0.0,0.0,0.0,0.0,0.0,0.0,0.0,0.0,0.0,0.0,0.3333333333333333,0.0,0.0,0.0,0.15163973333333333,0.0,0.0,1.0,0.4,innocent_security_change,0,19.027438242652135
0.0,0.0,0.0,0.0,0.0,0.0,0.0,0.0,0.0,0.0,0.0,0.3333333333333333,1.0,0.0,0.0,0.17346346666666668,0.0,0.0,0.0,0.6,normal,0,21.541789388267226
0.0,0.0,0.0,0.0,0.0,0.0,0.0,0.0,0.0,0.0,0.0,0.0,0.0,0.0,0.0,0.0,0.0,0.0,0.0,0.4,normal,0,2.860218934040543
1.0,1.0,0.0,0.0,0.0,0.0,0.0,0.0,0.0,0.0,1.0,0.0,0.0,0.0,0.0,0.0,0.6666666666666666,0.9,0.0,0.5,compromised,1,75.90350515657914
0.0,0.0,0.0,0.0,0.0,0.0,0.0,0.0,0.0,0.0,0.0,0.3333333333333333,0.0,0.0,0.0,0.0,0.0,0.0,0.0,0.7,normal,0,9.692056247632323
0.0,0.0,0.0,0.0,0.0,0.0,0.0,0.0,0.0,0.0,0.0,0.3333333333333333,0.0,0.0,0.0,0.03646613333333333,0.0,0.0,1.0,0.6,innocent_security_change,0,17.227888739336265
0.0,0.0,0.0,0.0,0.0,0.0,0.0,0.0,0.3333333333333333,1.0,0.0,0.3333333333333333,0.0,1.0,0.0,0.6734286666666667,0.0,0.0,0.0,0.8,medium,0,44.230381258546224
0.0,0.0,0.0,0.0,0.0,0.0,0.0,0.0,0.0,0.0,1.0,0.3333333333333333,0.0,0.0,0.0,0.0,0.0,0.0,1.0,0.7,innocent_security_change,0,21.873002085813614
1.0,0.0,0.0,0.0,0.0,0.0,0.0,0.0,0.3333333333333333,1.0,1.0,0.3333333333333333,0.0,1.0,0.0,1.0,0.3333333333333333,0.0,0.0,0.8,medium,0,75.89458647076135
1.0,1.0,1.0,0.0,1.0,0.0,0.0,0.0,0.0,0.0,0.0,0.0,0.0,0.0,0.0,0.0,1.3333333333333333,0.95,0.0,0.6,compromised,1,92.43748795485715
0.0,0.0,0.0,0.0,0.0,0.0,0.0,0.0,0.0,0.0,0.0,0.0,0.0,0.0,0.0,0.0,0.0,0.0,0.0,0.5,normal,0,0.20059948995882992
1.0,1.0,1.0,0.0,1.0,0.0,1.0,0.0,0.0,0.0,1.0,1.0,1.0,1.0,1.0,1.0,1.6666666666666667,0.8333333333333334,0.0,1.0,compromised,1,98.02724517147747
0.0,0.0,0.0,0.0,0.0,0.0,0.0,0.0,0.0,0.0,0.0,0.0,0.0,0.0,0.0,0.0,0.0,0.0,0.0,0.4,normal,0,7.617855271485208
0.0,0.0,0.0,0.0,0.0,0.0,0.0,0.0,0.0,0.0,0.0,0.3333333333333333,0.0,0.0,0.0,0.1711224,0.0,0.0,1.0,0.6,normal,0,22.309135796347917
0.0,0.0,0.0,0.0,0.0,0.0,0.0,0.0,0.0,0.0,0.0,0.3333333333333333,0.0,0.0,0.0,0.08406506666666667,0.0,0.0,0.0,0.6,normal,0,15.10318020215967
0.0,0.0,0.0,0.0,0.0,0.0,0.0,0.0,0.0,0.0,0.0,0.3333333333333333,0.0,0.0,0.0,0.0,0.0,0.0,0.0,0.5,normal,0,10.21946886761934
0.0,0.0,0.0,0.0,0.0,0.0,0.0,0.0,0.0,0.0,0.0,0.0,0.0,0.0,0.0,0.0,0.0,0.0,0.0,0.5,normal,0,6.48981666099367
1.0,1.0,1.0,0.0,1.0,0.0,1.0,0.0,0.0,0.0,0.0,1.0,1.0,1.0,1.0,1.0,1.6666666666666667,0.9333333333333333,0.0,1.0,compromised,1,96.01055747049392
1.0,1.0,1.0,0.0,1.0,0.0,1.0,0.0,0.0,0.0,1.0,0.0,0.0,0.0,0.0,0.0,1.6666666666666667,0.8777777777777778,0.0,0.7,compromised,1,93.53066879921894
0.0,0.0,0.0,0.0,0.0,0.0,0.0,0.0,0.0,0.0,0.0,0.3333333333333333,0.0,0.0,0.0,0.13517746666666666,0.0,0.0,0.0,0.5,normal,0,4.1608761906154115
0.0,0.0,0.0,0.0,0.0,0.0,0.0,0.0,0.0,0.0,1.0,0.0,0.0,0.0,0.0,0.0,0.0,0.0,0.0,0.6,normal,0,17.12898477441711
0.0,0.0,0.0,0.0,0.0,0.0,0.0,0.0,0.0,0.0,0.0,0.3333333333333333,0.0,0.0,0.0,0.32231314451770793,0.0,0.0,0.0,0.6,normal,0,17.876730436175514
1.0,0.0,0.0,0.0,0.0,0.0,0.0,0.0,0.0,0.0,0.0,0.0,0.0,0.0,0.0,0.0,0.3333333333333333,0.0,0.0,0.4,compromised,1,50.81883844026722
1.0,0.0,0.0,0.0,0.0,0.0,0.0,0.0,0.3333333333333333,1.0,1.0,0.3333333333333333,0.0,1.0,0.0,0.6271085333333333,0.3333333333333333,0.0,0.0,0.8,medium,0,75.67961022545427
0.0,0.0,0.0,0.0,0.0,0.0,0.0,0.0,0.0,0.0,0.0,0.3333333333333333,0.0,0.0,0.0,0.006548772635755377,0.0,0.0,0.0,0.5,normal,0,7.443404482735578
1.0,1.0,1.0,0.0,0.0,0.0,0.0,0.0,0.0,0.0,0.0,0.0,0.0,0.0,0.0,0.0,1.0,0.7333333333333334,0.0,0.5,compromised,1,85.78982248131636
0.0,0.0,0.0,0.0,0.0,0.0,0.0,0.0,0.0,0.0,1.0,0.3333333333333333,0.0,0.0,0.0,0.11439826666666668,0.0,0.0,0.0,0.8,normal,0,24.504184041009015
0.0,0.0,0.0,0.0,0.0,0.0,0.0,0.0,0.0,0.0,0.0,0.0,0.0,0.0,0.0,0.0,0.0,0.0,0.0,0.5,normal,0,0.0
0.0,0.0,0.0,0.0,0.0,0.0,0.0,0.0,0.0,0.0,1.0,0.3333333333333333,0.0,0.0,0.0,0.04378746666666666,0.0,0.0,0.0,0.6,normal,0,20.74783157365682
1.0,1.0,1.0,0.0,1.0,0.0,1.0,0.0,0.0,0.0,0.0,1.0,1.0,1.0,1.0,1.0,1.6666666666666667,0.9055555555555556,0.0,1.0,compromised,1,97.11110614488992
0.0,0.0,0.0,0.0,0.0,0.0,0.0,0.0,0.0,0.0,0.0,0.0,0.0,0.0,0.0,0.0,0.0,0.0,0.0,0.5,normal,0,3.8545280834442788
0.0,0.0,0.0,0.0,0.0,0.0,0.0,0.0,0.0,0.0,0.0,0.3333333333333333,0.0,0.0,0.0,0.14618426666666667,0.0,0.0,0.0,0.6,normal,0,12.942401656005448
1.0,0.0,0.0,0.0,0.0,0.0,0.0,0.0,0.0,0.0,0.0,0.0,0.0,0.0,0.0,0.0,0.3333333333333333,0.0,0.0,0.3,compromised,1,51.382384894676136
1.0,1.0,1.0,0.0,1.0,0.0,1.0,0.0,0.0,0.0,0.0,1.0,1.0,1.0,1.0,1.0,1.6666666666666667,0.9055555555555556,0.0,1.0,compromised,1,97.54381844067333
0.0,0.0,0.0,0.0,0.0,0.0,0.0,0.0,0.0,0.0,0.0,0.3333333333333333,0.0,0.0,0.0,0.17444279999999998,0.0,0.0,1.0,0.6,normal,0,19.255554533445032
0.0,0.0,0.0,0.0,0.0,0.0,0.0,0.0,0.0,0.0,0.0,0.3333333333333333,0.0,0.0,0.0,0.15472346666666667,0.0,0.0,0.0,0.7,normal,0,14.96856670554817
1.0,1.0,1.0,0.0,1.0,0.0,1.0,0.0,0.0,0.0,1.0,1.0,1.0,1.0,1.0,1.0,1.6666666666666667,0.85,0.0,1.0,compromised,1,99.04467083001421
0.0,0.0,0.0,0.0,0.0,0.0,0.0,0.0,0.0,0.0,0.0,0.3333333333333333,0.0,0.0,0.0,0.07418826666666667,0.0,0.0,0.0,0.7,normal,0,12.063718621110322
0.0,0.0,0.0,0.0,0.0,0.0,0.0,0.0,0.0,0.0,0.0,0.3333333333333333,0.0,0.0,0.0,0.1685168,0.0,0.0,1.0,0.5,normal,0,15.957720485255969
1.0,1.0,1.0,0.0,1.0,0.0,1.0,0.0,0.0,0.0,1.0,0.3333333333333333,1.0,0.0,0.0,1.0,1.6666666666666667,0.85,0.0,0.8,compromised,1,95.63225722786356
0.0,0.0,0.0,0.0,0.0,0.0,0.0,0.0,0.0,0.0,0.0,0.3333333333333333,0.0,0.0,0.0,0.1876112,0.0,0.0,1.0,0.7,normal,0,22.770517727396825
0.0,0.0,0.0,0.0,0.0,1.0,0.0,0.0,0.0,0.0,1.0,0.0,0.0,0.0,0.0,0.0,0.3333333333333333,0.0,0.0,0.5,innocent_security_change,0,31.832325983144063
1.0,1.0,1.0,0.0,1.0,0.0,1.0,0.0,0.0,0.0,1.0,0.0,0.0,0.0,0.0,0.0,1.6666666666666667,0.8777777777777778,0.0,0.7,compromised,1,96.79034814074674
0.0,0.0,0.0,0.0,0.0,0.0,0.0,0.0,0.0,0.0,0.0,0.3333333333333333,0.0,0.0,0.0,0.1413388,0.0,0.0,0.0,0.6,normal,0,16.149007725079166
0.0,0.0,0.0,0.0,0.0,0.0,0.0,0.0,0.3333333333333333,1.0,1.0,0.3333333333333333,0.0,1.0,0.0,0.7573754666666667,0.0,0.0,0.0,0.6,medium,0,54.67560552375854
1.0,1.0,0.0,0.0,0.0,0.0,0.0,0.0,0.0,0.0,1.0,0.0,0.0,0.0,0.0,0.0,0.6666666666666666,0.7666666666666666,0.0,0.4,compromised,1,76.39609138560226
1.0,1.0,1.0,0.0,1.0,0.0,1.0,0.0,0.0,0.0,1.0,1.0,1.0,1.0,1.0,1.0,1.6666666666666667,0.8777777777777778,0.0,1.0,compromised,1,96.736412436551
0.0,0.0,0.0,0.0,0.0,0.0,0.0,0.0,0.0,0.0,0.0,0.3333333333333333,0.0,0.0,0.0,0.1508676,0.0,0.0,0.0,0.5,normal,0,4.827717130841666
0.0,0.0,0.0,1.0,0.0,0.0,0.0,0.0,0.0,0.0,0.0,0.3333333333333333,0.0,0.0,0.0,0.050228,0.3333333333333333,0.0,0.0,0.6,innocent_security_change,0,28.962932705048168
1.0,0.0,0.0,0.0,0.0,0.0,0.0,0.0,0.3333333333333333,1.0,1.0,0.3333333333333333,0.0,1.0,0.0,1.0,0.3333333333333333,0.0,0.0,0.8,medium,0,76.74991285203865
0.0,0.0,0.0,0.0,0.0,0.0,0.0,0.0,0.0,0.0,1.0,0.3333333333333333,1.0,0.0,0.0,0.18484693333333335,0.0,0.0,0.0,0.6,normal,0,32.976746756601564
0.0,0.0,0.0,0.0,0.0,0.0,0.0,0.0,0.0,0.0,0.0,0.3333333333333333,1.0,0.0,0.0,0.1694152,0.0,0.0,0.0,0.5,normal,0,23.05301776975152
0.0,0.0,0.0,0.0,0.0,0.0,0.0,0.0,0.0,0.0,0.0,0.3333333333333333,0.0,0.0,0.0,0.0644096,0.0,0.0,0.0,0.5,normal,0,9.287000873066486
0.0,0.0,0.0,0.0,0.0,0.0,0.0,0.0,0.0,0.0,0.0,0.3333333333333333,0.0,0.0,0.0,0.0217192,0.0,0.0,0.0,0.5,normal,0,5.079419250753127
0.0,0.0,0.0,0.0,0.0,0.0,0.0,0.0,0.0,0.0,1.0,0.3333333333333333,0.0,0.0,0.0,0.09446093333333333,0.0,0.0,0.0,0.7,normal,0,18.541261987262452
0.0,0.0,0.0,0.0,0.0,0.0,0.0,0.0,0.0,0.0,0.0,0.3333333333333333,0.0,0.0,0.0,0.18975773333333334,0.0,0.0,1.0,0.7,normal,0,21.74028284116272
0.0,0.0,0.0,0.0,0.0,0.0,0.0,0.0,0.0,0.0,0.0,0.0,0.0,0.0,0.0,0.0,0.0,0.0,0.0,0.5,normal,0,7.860811181359292
1.0,1.0,1.0,0.0,1.0,0.0,1.0,0.0,0.0,0.0,0.0,1.0,1.0,1.0,1.0,1.0,1.6666666666666667,0.8444444444444444,0.0,1.1,compromised,1,97.53576860266358
0.0,0.0,0.0,0.0,0.0,0.0,0.0,0.0,0.3333333333333333,1.0,1.0,0.3333333333333333,0.0,1.0,0.0,1.0,0.0,0.0,0.0,0.6,medium,0,54.56029382295677
0.0,0.0,0.0,0.0,0.0,0.0,0.0,0.0,0.0,0.0,1.0,0.0,0.0,0.0,0.0,0.0,0.0,0.0,0.0,0.5,normal,0,15.918276341622379
1.0,0.0,0.0,0.0,0.0,0.0,0.0,0.0,0.3333333333333333,1.0,1.0,0.3333333333333333,1.0,1.0,0.0,1.0,0.3333333333333333,0.0,0.0,0.9,medium,0,78.71532556112379
0.0,0.0,0.0,0.0,0.0,0.0,0.0,0.0,0.0,0.0,0.0,0.3333333333333333,0.0,0.0,0.0,0.16948413333333331,0.0,0.0,1.0,0.5,normal,0,20.063512032287736
0.0,0.0,0.0,0.0,0.0,0.0,0.0,0.0,0.0,0.0,1.0,0.3333333333333333,0.0,0.0,0.0,0.0,0.0,0.0,0.0,0.6,normal,0,17.360095061170483
0.0,0.0,0.0,1.0,0.0,0.0,0.0,0.0,0.0,0.0,0.0,0.3333333333333333,0.0,0.0,0.0,0.0,0.3333333333333333,0.0,0.0,0.6,innocent_security_change,0,31.028153345927333
1.0,1.0,0.0,0.0,0.0,0.0,0.0,0.0,0.0,0.0,0.0,0.0,0.0,0.0,0.0,0.0,0.6666666666666666,0.9333333333333333,0.0,0.4,compromised,1,75.05237297064268
0.0,0.0,0.0,0.0,0.0,0.0,0.0,0.0,0.3333333333333333,1.0,0.0,0.3333333333333333,0.0,1.0,0.0,1.0,0.0,0.0,0.0,0.4,medium,0,48.39898141204162
0.0,0.0,0.0,0.0,0.0,0.0,0.0,0.0,0.0,0.0,1.0,0.3333333333333333,1.0,0.0,0.0,0.1992004,0.0,0.0,0.0,0.7,normal,0,30.677871546812078
0.0,0.0,0.0,0.0,0.0,0.0,0.0,0.0,0.0,0.0,0.0,0.0,0.0,0.0,0.0,0.0,0.0,0.0,0.0,0.5,normal,0,5.338623002554518
0.0,0.0,0.0,0.0,0.0,0.0,0.0,0.0,0.0,0.0,0.0,0.3333333333333333,1.0,0.0,0.0,0.1639544,0.0,0.0,0.0,0.6,normal,0,29.143962852252784
1.0,0.0,0.0,0.0,0.0,0.0,0.0,0.0,0.3333333333333333,1.0,0.0,0.3333333333333333,0.0,1.0,0.0,0.49430186666666664,0.3333333333333333,0.0,0.0,0.5,medium,0,69.95535200405459
0.0,0.0,0.0,0.0,0.0,0.0,0.0,0.0,0.0,0.0,0.0,0.0,0.0,0.0,0.0,0.0,0.0,0.0,0.0,0.3,normal,0,1.3087911726443426
1.0,1.0,1.0,0.0,1.0,0.0,1.0,0.0,0.0,0.0,0.0,1.0,1.0,1.0,1.0,1.0,1.6666666666666667,0.8166666666666667,0.0,1.0,compromised,1,98.3242464268621
1.0,1.0,1.0,0.0,1.0,0.0,1.0,0.0,0.0,0.0,1.0,1.0,1.0,1.0,1.0,1.0,1.6666666666666667,0.8833333333333333,0.0,1.0,compromised,1,99.9831081818256
0.0,0.0,0.0,0.0,0.0,0.0,0.0,0.0,0.0,0.0,0.0,0.3333333333333333,0.0,0.0,0.0,0.16217706666666667,0.0,0.0,1.0,0.5,normal,0,17.66163067842193
0.0,0.0,0.0,0.0,0.0,0.0,0.0,0.0,0.3333333333333333,1.0,1.0,0.3333333333333333,0.0,1.0,0.0,0.4688776,0.0,0.0,0.0,0.6,medium,0,42.942804984478954
0.0,0.0,0.0,0.0,0.0,0.0,0.0,0.0,0.0,0.0,0.0,0.3333333333333333,0.0,0.0,0.0,0.045940933333333336,0.0,0.0,0.0,0.6,normal,0,13.89736344275487
0.0,0.0,0.0,0.0,0.0,0.0,0.0,0.0,0.0,0.0,1.0,0.3333333333333333,0.0,0.0,0.0,0.14147733333333332,0.0,0.0,0.0,0.6,normal,0,22.75810790726666
0.0,0.0,0.0,0.0,0.0,0.0,0.0,0.0,0.0,0.0,0.0,0.3333333333333333,0.0,0.0,0.0,0.13943986666666666,0.0,0.0,0.0,0.6,normal,0,7.350975861329696
1.0,0.0,0.0,0.0,0.0,0.0,0.0,0.0,0.0,0.0,1.0,0.0,0.0,0.0,0.0,0.0,0.3333333333333333,0.0,0.0,0.3,compromised,1,55.31002567764314
0.0,0.0,0.0,0.0,0.0,0.0,0.0,0.0,0.0,0.0,0.0,0.3333333333333333,0.0,0.0,0.0,0.1652336,0.0,0.0,1.0,0.6,normal,0,23.603183958839338
0.0,0.0,0.0,0.0,0.0,0.0,0.0,0.0,0.0,0.0,0.0,0.3333333333333333,1.0,0.0,0.0,0.19159493333333336,0.0,0.0,0.0,0.5,normal,0,27.3038745514434
0.0,0.0,0.0,0.0,0.0,0.0,0.0,0.0,0.0,0.0,0.0,0.0,0.0,0.0,0.0,0.0,0.0,0.0,0.0,0.5,normal,0,5.917642160224917
0.0,0.0,0.0,0.0,0.0,0.0,0.0,0.0,0.3333333333333333,1.0,0.0,0.3333333333333333,0.0,1.0,0.0,0.48786253333333335,0.0,0.0,0.0,0.7,medium,0,44.381295355809726
0.0,0.0,0.0,0.0,0.0,0.0,0.0,0.0,0.0,0.0,0.0,0.3333333333333333,0.0,0.0,0.0,0.0,0.0,0.0,1.0,0.4,innocent_security_change,0,16.731054505925403
0.0,0.0,0.0,1.0,0.0,0.0,0.0,0.0,0.0,0.0,0.0,0.0,0.0,0.0,0.0,0.0,0.3333333333333333,0.0,0.0,0.5,innocent_security_change,0,23.54264681749731
1.0,1.0,1.0,0.0,1.0,0.0,0.0,0.0,0.0,0.0,0.0,0.0,0.0,0.0,0.0,0.0,1.3333333333333333,0.9111111111111111,0.0,0.6,compromised,1,94.68309693744652
1.0,0.0,0.0,0.0,0.0,0.0,0.0,0.0,0.3333333333333333,1.0,0.0,0.3333333333333333,0.0,1.0,0.0,0.46455946666666664,0.3333333333333333,0.0,0.0,0.5,medium,0,70.16619009423168
0.0,0.0,0.0,0.0,0.0,0.0,0.0,0.0,0.0,0.0,0.0,0.3333333333333333,0.0,0.0,0.0,0.1504636,0.0,0.0,0.0,0.6,normal,0,9.835303551457875
1.0,1.0,1.0,0.0,1.0,0.0,1.0,0.0,0.0,0.0,0.0,1.0,1.0,1.0,1.0,1.0,1.6666666666666667,0.8444444444444444,0.0,1.1,compromised,1,100.0
0.0,0.0,0.0,0.0,0.0,0.0,0.0,0.0,0.0,0.0,1.0,0.3333333333333333,0.0,0.0,0.0,0.1978756,0.0,0.0,1.0,0.6,normal,0,28.213820804599408
0.0,0.0,0.0,1.0,0.0,0.0,0.0,0.0,0.0,0.0,0.0,0.3333333333333333,0.0,0.0,0.0,0.14342533333333332,0.3333333333333333,0.0,0.0,0.6,innocent_security_change,0,33.78087446094301
0.0,0.0,0.0,0.0,0.0,0.0,0.0,0.0,0.0,0.0,0.0,0.3333333333333333,0.0,0.0,0.0,0.0,0.0,0.0,1.0,0.4,innocent_security_change,0,14.844805441442762
0.0,0.0,0.0,0.0,0.0,0.0,0.0,0.0,0.0,0.0,0.0,0.0,0.0,0.0,0.0,0.0,0.0,0.0,0.0,0.5,normal,0,3.4340962026804926
0.0,1.0,0.0,0.0,0.0,0.0,0.0,0.0,0.0,0.0,0.0,0.3333333333333333,0.0,0.0,0.0,0.10694626666666666,0.3333333333333333,0.0,0.0,0.8,innocent_security_change,0,36.918262376327554
0.0,0.0,0.0,0.0,0.0,0.0,0.0,0.0,0.0,0.0,0.0,0.3333333333333333,0.0,0.0,0.0,0.07140293333333333,0.0,0.0,0.0,0.6,normal,0,10.848654561327246
0.0,0.0,0.0,0.0,0.0,0.0,0.0,0.0,0.3333333333333333,1.0,0.0,0.3333333333333333,0.0,1.0,0.0,0.5726744,0.0,0.0,0.0,0.5,medium,0,41.00317511317403
0.0,0.0,0.0,0.0,0.0,0.0,0.0,0.0,0.0,0.0,1.0,0.3333333333333333,0.0,0.0,0.0,0.12443733333333333,0.0,0.0,0.0,0.6,normal,0,19.441355846311254
1.0,1.0,1.0,0.0,1.0,0.0,1.0,0.0,0.0,0.0,1.0,1.0,1.0,1.0,1.0,1.0,1.6666666666666667,0.8222222222222222,0.0,1.0,compromised,1,94.39089108984332
0.0,0.0,0.0,0.0,0.0,0.0,0.0,0.0,0.0,0.0,0.0,0.3333333333333333,0.0,0.0,0.0,0.05210106666666667,0.0,0.0,0.0,0.6,normal,0,12.314356155826612
0.0,0.0,0.0,0.0,0.0,1.0,0.0,0.0,0.0,0.0,0.0,0.0,0.0,0.0,0.0,0.0,0.3333333333333333,0.0,0.0,0.5,innocent_security_change,0,25.661434679711757
0.0,0.0,0.0,0.0,0.0,0.0,0.0,0.0,0.0,0.0,0.0,0.3333333333333333,1.0,0.0,0.0,0.18627746666666667,0.0,0.0,0.0,0.7,normal,0,20.40254150986546
0.0,0.0,0.0,0.0,0.0,0.0,0.0,0.0,0.0,0.0,1.0,0.3333333333333333,0.0,0.0,0.0,0.059028000000000004,0.0,0.0,0.0,0.7,normal,0,23.817125999831465
0.0,0.0,0.0,0.0,0.0,0.0,0.0,0.0,0.0,0.0,0.0,0.0,0.0,0.0,0.0,0.0,0.0,0.0,0.0,0.6,normal,0,10.513337415283383
0.0,0.0,0.0,0.0,0.0,0.0,0.0,0.0,0.3333333333333333,1.0,0.0,0.3333333333333333,0.0,1.0,0.0,1.0,0.0,0.0,0.0,0.7,medium,0,48.897618075178066
0.0,0.0,0.0,0.0,0.0,0.0,0.0,0.0,0.0,0.0,1.0,0.3333333333333333,0.0,0.0,0.0,0.17074813333333333,0.0,0.0,1.0,0.6,normal,0,26.438562828192325
0.0,0.0,0.0,0.0,0.0,0.0,0.0,0.0,0.0,0.0,1.0,0.3333333333333333,0.0,0.0,0.0,0.1173256,0.0,0.0,0.0,0.6,normal,0,27.639151878552852
0.0,0.0,0.0,0.0,0.0,0.0,0.0,0.0,0.3333333333333333,1.0,0.0,0.3333333333333333,0.0,1.0,0.0,0.7098646666666667,0.0,0.0,0.0,0.6,medium,0,42.88751049073661
0.0,0.0,0.0,0.0,0.0,0.0,0.0,0.0,0.3333333333333333,1.0,1.0,0.3333333333333333,0.0,1.0,0.0,0.7912270666666666,0.0,0.0,0.0,0.7,medium,0,52.71027867242749
0.0,0.0,0.0,0.0,0.0,0.0,0.0,0.0,0.3333333333333333,1.0,0.0,0.3333333333333333,0.0,1.0,0.0,0.6064064,0.0,0.0,0.0,0.4,medium,0,45.017588237964794
0.0,0.0,0.0,0.0,0.0,1.0,0.0,0.0,0.0,0.0,0.0,0.0,0.0,0.0,0.0,0.0,0.3333333333333333,0.0,0.0,0.4,innocent_security_change,0,26.67713912679106
0.0,0.0,0.0,0.0,0.0,0.0,0.0,0.0,0.0,0.0,0.0,0.3333333333333333,1.0,0.0,0.0,0.17710373333333335,0.0,0.0,0.0,0.7,normal,0,25.527038960102402
0.0,0.0,0.0,0.0,0.0,0.0,0.0,0.0,0.0,0.0,0.0,0.0,0.0,0.0,0.0,0.0,0.0,0.0,0.0,0.4,normal,0,1.6205994712366676
0.0,0.0,0.0,0.0,0.0,0.0,0.0,0.0,0.0,0.0,1.0,0.3333333333333333,0.0,0.0,0.0,0.11456279999999999,0.0,0.0,0.0,0.6,normal,0,18.16844152263972
0.0,0.0,0.0,0.0,0.0,0.0,0.0,0.0,0.0,0.0,1.0,0.3333333333333333,0.0,0.0,0.0,0.18613293333333333,0.0,0.0,1.0,0.7,normal,0,27.86791382604028
0.0,1.0,0.0,0.0,0.0,0.0,0.0,0.0,0.0,0.0,0.0,0.3333333333333333,0.0,0.0,0.0,0.026986133333333332,0.3333333333333333,0.0,0.0,0.6,innocent_security_change,0,35.095106261191695
0.0,1.0,0.0,0.0,0.0,0.0,0.0,0.0,0.0,0.0,0.0,0.3333333333333333,0.0,0.0,0.0,0.0,0.3333333333333333,0.0,0.0,0.6,innocent_security_change,0,37.48661952182793
0.0,0.0,0.0,0.0,0.0,0.0,0.0,0.0,0.0,0.0,1.0,0.3333333333333333,1.0,0.0,0.0,0.44260769892044877,0.0,0.0,0.0,0.5,normal,0,32.61451941873048
0.0,0.0,0.0,0.0,0.0,0.0,0.0,0.0,0.0,0.0,0.0,0.3333333333333333,0.0,0.0,0.0,0.0,0.0,0.0,0.0,0.7,normal,0,6.8171216561685135
0.0,0.0,0.0,0.0,0.0,0.0,0.0,0.0,0.0,0.0,0.0,0.3333333333333333,0.0,0.0,0.0,0.06880733333333333,0.0,0.0,0.0,0.6,normal,0,13.934440662523908
0.0,0.0,0.0,0.0,0.0,0.0,0.0,0.0,0.0,0.0,0.0,0.3333333333333333,0.0,0.0,0.0,0.09413733333333334,0.0,0.0,0.0,0.5,normal,0,9.23172556580978
0.0,0.0,0.0,0.0,0.0,0.0,0.0,0.0,0.0,0.0,0.0,0.0,0.0,0.0,0.0,0.0,0.0,0.0,0.0,0.4,normal,0,0.0
1.0,0.0,0.0,0.0,0.0,0.0,0.0,0.0,0.3333333333333333,1.0,0.0,0.3333333333333333,0.0,1.0,0.0,1.0,0.3333333333333333,0.0,0.0,0.8,medium,0,74.55834795354963
1.0,1.0,1.0,0.0,1.0,0.0,1.0,0.0,0.0,0.0,1.0,1.0,1.0,1.0,1.0,1.0,1.6666666666666667,0.8666666666666667,0.0,1.0,compromised,1,98.17838412590831
0.0,0.0,0.0,1.0,0.0,0.0,0.0,0.0,0.0,0.0,0.0,0.3333333333333333,0.0,0.0,0.0,0.0,0.3333333333333333,0.0,0.0,0.6,innocent_security_change,0,24.49992543575222
1.0,0.0,0.0,0.0,0.0,0.0,0.0,0.0,0.3333333333333333,1.0,0.0,0.3333333333333333,0.0,1.0,0.0,0.6864417333333332,0.3333333333333333,0.0,0.0,0.5,medium,0,74.0628549291037
0.0,0.0,0.0,0.0,0.0,0.0,0.0,0.0,0.0,0.0,0.0,0.0,0.0,0.0,0.0,0.0,0.0,0.0,0.0,0.4,normal,0,0.24929028898213446
1.0,0.0,0.0,0.0,0.0,0.0,0.0,0.0,0.3333333333333333,1.0,1.0,0.3333333333333333,0.0,1.0,0.0,1.0,0.3333333333333333,0.0,0.0,0.9,medium,0,82.00508826948474
0.0,0.0,0.0,0.0,0.0,0.0,0.0,0.0,0.0,0.0,0.0,0.3333333333333333,1.0,0.0,0.0,0.17987613333333333,0.0,0.0,0.0,0.5,normal,0,24.864089862729145
0.0,0.0,0.0,0.0,0.0,0.0,0.0,0.0,0.0,0.0,1.0,0.3333333333333333,0.0,0.0,0.0,0.0,0.0,0.0,0.0,0.5,normal,0,17.621874568647797
0.0,0.0,0.0,0.0,0.0,0.0,0.0,0.0,0.0,0.0,0.0,0.3333333333333333,0.0,0.0,0.0,0.1476692,0.0,0.0,0.0,0.7,normal,0,10.590073036569112
0.0,0.0,0.0,0.0,0.0,0.0,0.0,0.0,0.0,0.0,1.0,0.3333333333333333,0.0,0.0,0.0,0.0786824,0.0,0.0,0.0,0.7,normal,0,20.446994349999663
0.0,0.0,0.0,0.0,0.0,0.0,0.0,0.0,0.0,0.0,0.0,0.0,0.0,0.0,0.0,0.0,0.0,0.0,0.0,0.4,normal,0,4.39916106466602
0.0,0.0,0.0,0.0,0.0,0.0,0.0,0.0,0.0,0.0,0.0,0.0,0.0,0.0,0.0,0.0,0.0,0.0,0.0,0.5,normal,0,3.507306782064556
0.0,0.0,0.0,0.0,0.0,0.0,0.0,0.0,0.3333333333333333,1.0,0.0,0.3333333333333333,0.0,1.0,0.0,1.0,0.0,0.0,0.0,0.5,medium,0,47.48928035365802
0.0,0.0,0.0,0.0,0.0,0.0,0.0,0.0,0.0,0.0,0.0,0.3333333333333333,0.0,0.0,0.0,0.010574400000000001,0.0,0.0,0.0,0.6,normal,0,10.183718071742378
0.0,0.0,0.0,0.0,0.0,0.0,0.0,0.0,0.3333333333333333,1.0,0.0,0.3333333333333333,0.0,1.0,0.0,1.0,0.0,0.0,0.0,0.6,medium,0,46.89910681442485
0.0,0.0,0.0,0.0,0.0,0.0,0.0,0.0,0.3333333333333333,1.0,1.0,0.3333333333333333,0.0,1.0,0.0,0.5033898666666666,0.0,0.0,0.0,0.7,medium,0,49.77792814633844
0.0,0.0,0.0,0.0,0.0,0.0,0.0,0.0,0.3333333333333333,1.0,0.0,0.3333333333333333,0.0,1.0,0.0,0.5972176,0.0,0.0,0.0,0.8,medium,0,40.871362762956906
0.0,0.0,0.0,0.0,0.0,0.0,0.0,0.0,0.0,0.0,0.0,0.0,0.0,0.0,0.0,0.0,0.0,0.0,0.0,0.4,normal,0,5.301499787838715
0.0,0.0,0.0,0.0,0.0,0.0,0.0,0.0,0.0,0.0,0.0,0.3333333333333333,1.0,0.0,0.0,0.17328,0.0,0.0,0.0,0.5,normal,0,24.227802853136414
0.0,0.0,0.0,0.0,0.0,0.0,0.0,0.0,0.0,0.0,0.0,0.3333333333333333,0.0,0.0,0.0,0.1052756,0.0,0.0,0.0,0.7,normal,0,9.97784021850518
0.0,0.0,0.0,0.0,0.0,0.0,0.0,0.0,0.0,0.0,1.0,0.3333333333333333,0.0,0.0,0.0,0.13425866666666667,0.0,0.0,0.0,0.7,normal,0,26.09463816852154
0.0,0.0,0.0,0.0,0.0,0.0,0.0,0.0,0.3333333333333333,1.0,1.0,0.3333333333333333,0.0,1.0,0.0,0.40157413333333336,0.0,0.0,0.0,0.8,medium,0,50.48002990038386
1.0,1.0,0.0,0.0,0.0,0.0,0.0,0.0,0.0,0.0,1.0,0.0,0.0,0.0,0.0,0.0,0.6666666666666666,0.9,0.0,0.5,compromised,1,74.64587223168074
0.0,0.0,0.0,0.0,0.0,0.0,0.0,0.0,0.0,0.0,0.0,0.0,0.0,0.0,0.0,0.0,0.0,0.0,0.0,0.5,normal,0,5.712885657203701
0.0,0.0,0.0,0.0,0.0,0.0,0.0,0.0,0.0,0.0,1.0,0.0,0.0,0.0,0.0,0.0,0.0,0.0,0.0,0.4,normal,0,13.901088084979776
0.0,0.0,0.0,0.0,0.0,1.0,0.0,0.0,0.0,0.0,0.0,0.3333333333333333,0.0,0.0,0.0,0.08938973333333333,0.3333333333333333,0.0,0.0,0.7,innocent_security_change,0,31.280250757361454
0.0,0.0,0.0,0.0,0.0,0.0,0.0,0.0,0.3333333333333333,1.0,0.0,0.3333333333333333,0.0,1.0,0.0,1.0,0.0,0.0,0.0,0.5,medium,0,46.967788359871186
0.0,0.0,0.0,0.0,0.0,0.0,0.0,0.0,0.0,0.0,0.0,0.0,0.0,0.0,0.0,0.0,0.0,0.0,0.0,0.4,normal,0,3.993423520152883
0.0,0.0,0.0,0.0,0.0,0.0,0.0,0.0,0.0,0.0,0.0,0.3333333333333333,0.0,0.0,0.0,0.05233533333333334,0.0,0.0,0.0,0.6,normal,0,9.928199310830532
0.0,0.0,0.0,0.0,0.0,0.0,0.0,0.0,0.3333333333333333,1.0,1.0,0.3333333333333333,0.0,1.0,0.0,0.6066805333333334,0.0,0.0,0.0,0.7,medium,0,52.76190345551885
1.0,1.0,1.0,0.0,1.0,0.0,1.0,0.0,0.0,0.0,0.0,1.0,1.0,1.0,1.0,1.0,1.6666666666666667,0.9111111111111111,0.0,1.0,compromised,1,93.04397262478564
0.0,0.0,0.0,0.0,0.0,0.0,0.0,0.0,0.0,0.0,0.0,0.0,0.0,0.0,0.0,0.0,0.0,0.0,0.0,0.5,normal,0,2.4863584460795822
1.0,1.0,0.0,0.0,0.0,0.0,0.0,0.0,0.0,0.0,0.0,0.0,0.0,0.0,0.0,0.0,0.6666666666666666,0.9,0.0,0.4,compromised,1,78.73247175321042
0.0,0.0,0.0,0.0,0.0,0.0,0.0,0.0,0.0,0.0,0.0,0.3333333333333333,1.0,0.0,0.0,0.16360106666666666,0.0,0.0,0.0,0.7,normal,0,22.561844377269345
0.0,0.0,0.0,0.0,0.0,0.0,0.0,0.0,0.3333333333333333,1.0,0.0,0.3333333333333333,0.0,1.0,0.0,1.0,0.0,0.0,0.0,0.7,medium,0,47.27300636460425
0.0,0.0,0.0,0.0,0.0,0.0,0.0,0.0,0.3333333333333333,1.0,0.0,0.3333333333333333,0.0,1.0,0.0,0.5472376,0.0,0.0,0.0,0.4,medium,0,42.96950664551878
0.0,0.0,0.0,0.0,0.0,0.0,0.0,0.0,0.0,0.0,0.0,0.0,0.0,0.0,0.0,0.0,0.0,0.0,0.0,0.5,normal,0,0.5340267638059468
0.0,0.0,0.0,0.0,0.0,0.0,0.0,0.0,0.0,0.0,1.0,0.3333333333333333,0.0,0.0,0.0,0.08444586666666666,0.0,0.0,0.0,0.5,normal,0,14.09438220953457
0.0,0.0,0.0,0.0,0.0,0.0,0.0,0.0,0.0,0.0,0.0,0.3333333333333333,0.0,0.0,0.0,0.09816226666666666,0.0,0.0,0.0,0.7,normal,0,11.24382440954947
0.0,0.0,0.0,0.0,0.0,0.0,0.0,0.0,0.0,0.0,1.0,0.0,0.0,0.0,0.0,0.0,0.0,0.0,0.0,0.6,normal,0,14.503269649515506
0.0,0.0,0.0,0.0,0.0,0.0,0.0,0.0,0.0,0.0,0.0,0.0,0.0,0.0,0.0,0.0,0.0,0.0,0.0,0.4,normal,0,2.7359215393611658
0.0,0.0,0.0,0.0,0.0,0.0,0.0,0.0,0.3333333333333333,1.0,0.0,0.3333333333333333,0.0,1.0,0.0,0.7891841333333333,0.0,0.0,0.0,0.6,medium,0,46.44005210504088
0.0,0.0,0.0,0.0,0.0,0.0,0.0,0.0,0.0,0.0,0.0,0.0,0.0,0.0,0.0,0.0,0.0,0.0,0.0,0.5,normal,0,3.6786442806535242
0.0,0.0,0.0,0.0,0.0,0.0,0.0,0.0,0.0,0.0,1.0,0.3333333333333333,1.0,0.0,0.0,0.16412986666666665,0.0,0.0,0.0,0.9,normal,0,35.82469713047315
1.0,0.0,0.0,0.0,0.0,0.0,0.0,0.0,0.0,0.0,0.0,0.0,0.0,0.0,0.0,0.0,0.3333333333333333,0.0,0.0,0.4,compromised,1,51.72566608881236
1.0,1.0,0.0,0.0,0.0,0.0,0.0,0.0,0.0,0.0,1.0,0.0,0.0,0.0,0.0,0.0,0.6666666666666666,0.9333333333333333,0.0,0.4,compromised,1,75.85614277629382
1.0,1.0,1.0,0.0,1.0,0.0,1.0,0.0,0.0,0.0,1.0,1.0,1.0,1.0,1.0,1.0,1.6666666666666667,0.8333333333333334,0.0,1.0,compromised,1,97.2852258680782
0.0,0.0,0.0,0.0,0.0,0.0,0.0,0.0,0.0,0.0,0.0,0.3333333333333333,0.0,0.0,0.0,0.17341946666666666,0.0,0.0,1.0,0.8,normal,0,22.38508515143489
0.0,0.0,0.0,0.0,0.0,0.0,0.0,0.0,0.3333333333333333,1.0,1.0,0.3333333333333333,0.0,1.0,0.0,0.5305665333333333,0.0,0.0,0.0,0.7,medium,0,54.360759608458956
0.0,0.0,0.0,0.0,0.0,0.0,0.0,0.0,0.3333333333333333,1.0,0.0,0.3333333333333333,0.0,1.0,0.0,0.7074797333333334,0.0,0.0,0.0,0.7,medium,0,44.985998587003174
0.0,0.0,0.0,0.0,0.0,0.0,0.0,0.0,0.3333333333333333,1.0,0.0,0.3333333333333333,0.0,1.0,0.0,0.50487,0.0,0.0,0.0,0.7,medium,0,45.20524332818911
0.0,0.0,0.0,0.0,0.0,0.0,0.0,0.0,0.0,0.0,0.0,0.3333333333333333,0.0,0.0,0.0,0.8026072432535712,0.0,0.0,0.0,0.7,normal,0,21.254006829162265
0.0,0.0,0.0,0.0,0.0,0.0,0.0,0.0,0.3333333333333333,1.0,0.0,0.3333333333333333,0.0,1.0,0.0,1.0,0.0,0.0,0.0,0.6,medium,0,45.927309125695174
1.0,1.0,1.0,0.0,1.0,0.0,1.0,0.0,0.0,0.0,1.0,1.0,1.0,1.0,1.0,1.0,1.6666666666666667,0.9222222222222223,0.0,1.0,compromised,1,98.09044204512708
0.0,0.0,0.0,0.0,0.0,0.0,0.0,0.0,0.0,0.0,0.0,0.0,0.0,0.0,0.0,0.0,0.0,0.0,0.0,0.5,normal,0,0.0
0.0,0.0,0.0,0.0,0.0,0.0,0.0,0.0,0.0,0.0,0.0,0.3333333333333333,0.0,0.0,0.0,0.0,0.0,0.0,0.0,0.6,normal,0,5.476689736514496
0.0,0.0,0.0,0.0,0.0,0.0,0.0,0.0,0.0,0.0,0.0,0.3333333333333333,0.0,0.0,0.0,0.016966533333333332,0.0,0.0,0.0,0.6,normal,0,11.03826319036134
1.0,0.0,0.0,0.0,0.0,0.0,0.0,0.0,0.3333333333333333,1.0,0.0,0.3333333333333333,0.0,1.0,0.0,1.0,0.3333333333333333,0.0,0.0,0.6,medium,0,73.65270732697323
0.0,0.0,0.0,0.0,0.0,0.0,0.0,0.0,0.3333333333333333,1.0,0.0,0.3333333333333333,0.0,1.0,0.0,1.0,0.0,0.0,0.0,0.5,medium,0,48.53787839055321
0.0,0.0,0.0,0.0,0.0,0.0,0.0,0.0,0.0,0.0,0.0,0.3333333333333333,0.0,0.0,0.0,0.06350293333333333,0.0,0.0,0.0,0.5,normal,0,10.031367806841025
1.0,0.0,0.0,0.0,0.0,0.0,0.0,0.0,0.3333333333333333,1.0,1.0,0.3333333333333333,0.0,1.0,0.0,0.4244485333333333,0.3333333333333333,0.0,0.0,0.9,medium,0,73.34166773358129
0.0,0.0,0.0,0.0,0.0,0.0,0.0,0.0,0.0,0.0,0.0,0.0,0.0,0.0,0.0,0.0,0.0,0.0,1.0,0.3,innocent_security_change,0,10.54743625718413
0.0,1.0,0.0,0.0,0.0,0.0,0.0,0.0,0.0,0.0,1.0,0.3333333333333333,0.0,0.0,0.0,0.11160413333333333,0.3333333333333333,0.0,0.0,0.7,innocent_security_change,0,42.0621867813888
0.0,0.0,0.0,0.0,0.0,0.0,0.0,0.0,0.0,0.0,0.0,0.0,0.0,0.0,0.0,0.0,0.0,0.0,0.0,0.4,normal,0,6.344615105711298
1.0,1.0,1.0,0.0,1.0,0.0,0.0,0.0,0.0,0.0,1.0,0.0,0.0,0.0,0.0,0.0,1.3333333333333333,0.8888888888888888,0.0,0.6,compromised,1,89.26626947568809
0.0,0.0,0.0,0.0,0.0,0.0,0.0,0.0,0.0,0.0,0.0,0.3333333333333333,0.0,0.0,0.0,0.03997213333333333,0.0,0.0,0.0,0.6,normal,0,9.932189336028598
1.0,0.0,0.0,0.0,0.0,0.0,0.0,0.0,0.3333333333333333,1.0,0.0,0.3333333333333333,0.0,1.0,0.0,0.7574753333333334,0.3333333333333333,0.0,0.0,0.8,medium,0,71.47491500058662
1.0,1.0,1.0,0.0,1.0,0.0,1.0,0.0,0.0,0.0,0.0,1.0,1.0,1.0,1.0,1.0,1.6666666666666667,0.8777777777777778,0.0,1.0,compromised,1,99.21101130741957
0.0,0.0,0.0,0.0,0.0,0.0,0.0,0.0,0.0,0.0,0.0,0.0,0.0,0.0,0.0,0.0,0.0,0.0,0.0,0.4,normal,0,2.038605782504039
0.0,0.0,0.0,0.0,0.0,0.0,0.0,0.0,0.0,0.0,0.0,0.0,0.0,0.0,0.0,0.0,0.0,0.0,0.0,0.6,normal,0,2.9731328001807222
0.0,0.0,0.0,0.0,0.0,0.0,0.0,0.0,0.3333333333333333,1.0,1.0,0.3333333333333333,0.0,1.0,0.0,0.6466733333333333,0.0,0.0,0.0,0.4,medium,0,52.720697030605706
0.0,0.0,0.0,0.0,0.0,0.0,0.0,0.0,0.0,0.0,0.0,0.3333333333333333,0.0,0.0,0.0,0.02922853333333333,0.0,0.0,0.0,0.6,normal,0,10.355134986093127
0.0,0.0,0.0,0.0,0.0,0.0,0.0,0.0,0.0,0.0,0.0,0.3333333333333333,0.0,0.0,0.0,0.08519120000000001,0.0,0.0,0.0,0.6,normal,0,12.300515587431637
0.0,0.0,0.0,0.0,0.0,0.0,0.0,0.0,0.0,0.0,0.0,0.3333333333333333,0.0,0.0,0.0,0.13430706666666667,0.0,0.0,0.0,0.5,normal,0,8.544144532634224
0.0,0.0,0.0,0.0,0.0,0.0,0.0,0.0,0.0,0.0,0.0,0.0,0.0,0.0,0.0,0.0,0.0,0.0,0.0,0.3,normal,0,0.0
0.0,0.0,0.0,0.0,0.0,0.0,0.0,0.0,0.0,0.0,0.0,0.3333333333333333,0.0,0.0,0.0,0.0,0.0,0.0,0.0,0.6,normal,0,10.167335400963328
0.0,0.0,0.0,0.0,0.0,0.0,0.0,0.0,0.0,0.0,0.0,0.3333333333333333,0.0,0.0,0.0,0.0,0.0,0.0,0.0,0.5,normal,0,8.444533286550698
1.0,1.0,1.0,0.0,1.0,0.0,1.0,0.0,0.0,0.0,1.0,1.0,1.0,1.0,1.0,1.0,1.6666666666666667,0.8777777777777778,0.0,1.0,compromised,1,99.57997204317519
0.0,0.0,0.0,0.0,0.0,0.0,0.0,0.0,0.0,0.0,0.0,0.3333333333333333,0.0,0.0,0.0,0.16914,0.0,0.0,1.0,0.5,normal,0,18.942658506773398
0.0,0.0,0.0,0.0,0.0,0.0,0.0,0.0,0.0,0.0,0.0,0.0,0.0,0.0,0.0,0.0,0.0,0.0,0.0,0.5,normal,0,4.08373045161413
0.0,0.0,0.0,0.0,0.0,0.0,0.0,0.0,0.0,0.0,1.0,0.3333333333333333,0.0,0.0,0.0,0.00763,0.0,0.0,0.0,0.6,normal,0,15.242475012571823
0.0,0.0,0.0,0.0,0.0,1.0,0.0,0.0,0.0,0.0,0.0,0.0,0.0,0.0,0.0,0.0,0.3333333333333333,0.0,0.0,0.5,innocent_security_change,0,28.59105367934827
0.0,0.0,0.0,0.0,0.0,0.0,0.0,0.0,0.0,0.0,0.0,0.0,0.0,0.0,0.0,0.0,0.0,0.0,0.0,0.4,normal,0,2.456579248127716
0.0,0.0,0.0,1.0,0.0,0.0,0.0,0.0,0.0,0.0,0.0,0.0,0.0,0.0,0.0,0.0,0.3333333333333333,0.0,0.0,0.5,innocent_security_change,0,25.613928756160625
0.0,0.0,0.0,0.0,0.0,0.0,0.0,0.0,0.0,0.0,0.0,0.3333333333333333,0.0,0.0,0.0,0.12981506666666665,0.0,0.0,1.0,0.6,innocent_security_change,0,17.177653578610073
0.0,0.0,0.0,0.0,0.0,0.0,0.0,0.0,0.0,0.0,0.0,0.3333333333333333,0.0,0.0,0.0,0.0,0.0,0.0,0.0,0.5,normal,0,10.011673930830877
0.0,0.0,0.0,0.0,0.0,0.0,0.0,0.0,0.0,0.0,0.0,0.0,0.0,0.0,0.0,0.0,0.0,0.0,0.0,0.4,normal,0,0.0
0.0,0.0,0.0,0.0,0.0,0.0,0.0,0.0,0.0,0.0,0.0,0.3333333333333333,1.0,0.0,0.0,0.16420226666666668,0.0,0.0,0.0,0.8,normal,0,26.163486032400986
0.0,0.0,0.0,0.0,0.0,0.0,0.0,0.0,0.0,0.0,0.0,0.3333333333333333,1.0,0.0,0.0,0.2632156670738868,0.0,0.0,0.0,0.7,normal,0,24.675934744605016
0.0,0.0,0.0,0.0,0.0,0.0,0.0,0.0,0.0,0.0,0.0,0.0,0.0,0.0,0.0,0.0,0.0,0.0,0.0,0.4,normal,0,2.9401604705467146
0.0,0.0,0.0,0.0,0.0,0.0,0.0,0.0,0.0,0.0,0.0,0.3333333333333333,0.0,0.0,0.0,0.07702226666666667,0.0,0.0,0.0,0.6,normal,0,12.648036727679006
1.0,0.0,0.0,0.0,0.0,0.0,0.0,0.0,0.3333333333333333,1.0,1.0,0.3333333333333333,0.0,1.0,0.0,0.6197750666666666,0.3333333333333333,0.0,0.0,0.7,medium,0,73.0347895429246
0.0,0.0,0.0,0.0,0.0,0.0,0.0,0.0,0.3333333333333333,1.0,1.0,0.3333333333333333,0.0,1.0,0.0,0.5864845333333333,0.0,0.0,0.0,0.9,medium,0,50.22202319126118
1.0,0.0,0.0,0.0,0.0,0.0,0.0,0.0,0.3333333333333333,1.0,0.0,0.3333333333333333,0.0,1.0,0.0,1.0,0.3333333333333333,0.0,0.0,0.6,medium,0,75.7557048830171
0.0,0.0,0.0,0.0,0.0,0.0,0.0,0.0,0.0,0.0,1.0,0.3333333333333333,0.0,0.0,0.0,0.0,0.0,0.0,0.0,0.7,normal,0,25.04229665736564
1.0,0.0,0.0,0.0,0.0,0.0,0.0,0.0,0.0,0.0,1.0,0.0,0.0,0.0,0.0,0.0,0.3333333333333333,0.0,0.0,0.3,compromised,1,56.483741820438325
1.0,1.0,0.0,0.0,0.0,0.0,0.0,0.0,0.0,0.0,0.0,0.0,0.0,0.0,0.0,0.0,0.6666666666666666,0.9,0.0,0.4,compromised,1,75.90492430349977
0.0,0.0,0.0,0.0,0.0,0.0,0.0,0.0,0.3333333333333333,1.0,0.0,0.3333333333333333,0.0,1.0,0.0,1.0,0.0,0.0,0.0,0.4,medium,0,47.38542320244182
0.0,0.0,0.0,0.0,0.0,0.0,0.0,0.0,0.0,0.0,0.0,0.3333333333333333,0.0,0.0,0.0,0.15776853333333332,0.0,0.0,0.0,0.7,normal,0,17.437118058240674
0.0,0.0,0.0,0.0,0.0,0.0,0.0,0.0,0.0,0.0,0.0,0.3333333333333333,0.0,0.0,0.0,0.0,0.0,0.0,0.0,0.5,normal,0,4.873595007874386
0.0,1.0,1.0,0.0,1.0,0.0,1.0,0.0,0.0,0.0,1.0,1.0,1.0,1.0,1.0,1.0,1.3333333333333333,0.9277777777777778,0.0,0.9,compromised,1,96.40778138427035
0.0,0.0,0.0,0.0,0.0,0.0,0.0,0.0,0.3333333333333333,1.0,0.0,0.3333333333333333,0.0,1.0,0.0,0.7239814666666666,0.0,0.0,0.0,0.5,medium,0,41.83945636661397
0.0,0.0,0.0,0.0,0.0,0.0,0.0,0.0,0.0,0.0,0.0,0.0,0.0,0.0,0.0,0.0,0.0,0.0,0.0,0.4,normal,0,0.0
0.0,0.0,0.0,0.0,0.0,0.0,0.0,0.0,0.3333333333333333,1.0,0.0,0.3333333333333333,0.0,1.0,0.0,0.7489783999999999,0.0,0.0,0.0,0.5,medium,0,46.84330552251848
1.0,1.0,0.0,0.0,1.0,0.0,1.0,0.0,0.0,0.0,1.0,1.0,1.0,1.0,1.0,1.0,1.3333333333333333,0.9055555555555556,0.0,0.9,compromised,1,97.01680679796172
0.0,0.0,0.0,0.0,0.0,0.0,0.0,0.0,0.3333333333333333,1.0,1.0,0.3333333333333333,0.0,1.0,0.0,0.6083433333333333,0.0,0.0,0.0,0.7,medium,0,50.67171730430886
0.0,0.0,0.0,0.0,0.0,0.0,0.0,0.0,0.0,0.0,0.0,0.3333333333333333,0.0,0.0,0.0,0.0,0.0,0.0,0.0,0.7,normal,0,10.286730914293507
0.0,0.0,0.0,0.0,0.0,0.0,0.0,0.0,0.0,0.0,0.0,0.3333333333333333,0.0,0.0,0.0,0.19092426666666668,0.0,0.0,1.0,0.5,normal,0,27.14397970426637
0.0,0.0,0.0,1.0,0.0,0.0,0.0,0.0,0.0,0.0,0.0,0.3333333333333333,0.0,0.0,0.0,0.15612546666666666,0.3333333333333333,0.0,0.0,0.8,innocent_security_change,0,30.82196437660081
0.0,0.0,0.0,0.0,0.0,0.0,0.0,0.0,0.3333333333333333,1.0,0.0,0.3333333333333333,0.0,1.0,0.0,0.5687435999999999,0.0,0.0,0.0,0.8,medium,0,47.13739692723443
1.0,1.0,0.0,0.0,0.0,0.0,0.0,0.0,0.0,0.0,1.0,0.0,0.0,0.0,0.0,0.0,0.6666666666666666,0.9,0.0,0.4,compromised,1,75.44666095100334
0.0,0.0,0.0,0.0,0.0,0.0,0.0,0.0,0.0,0.0,1.0,0.3333333333333333,0.0,0.0,0.0,0.0,0.0,0.0,0.0,0.5,normal,0,19.3597059815226
0.0,0.0,0.0,0.0,0.0,0.0,0.0,0.0,0.0,0.0,0.0,0.3333333333333333,1.0,0.0,0.0,0.3874673115710084,0.0,0.0,0.0,0.7,normal,0,26.303447919584052
0.0,0.0,0.0,0.0,0.0,0.0,0.0,0.0,0.3333333333333333,1.0,1.0,0.3333333333333333,0.0,1.0,0.0,0.43543746666666666,0.0,0.0,0.0,0.8,medium,0,49.480576013621324
0.0,0.0,0.0,0.0,0.0,0.0,0.0,0.0,0.0,0.0,0.0,0.3333333333333333,0.0,0.0,0.0,0.18646906666666668,0.0,0.0,1.0,0.9,normal,0,26.205727503150346
0.0,0.0,0.0,0.0,0.0,0.0,0.0,0.0,0.3333333333333333,1.0,0.0,0.3333333333333333,0.0,1.0,0.0,1.0,0.0,0.0,0.0,0.5,medium,0,50.97513977946101
0.0,0.0,0.0,0.0,0.0,0.0,0.0,0.0,0.0,0.0,0.0,0.3333333333333333,0.0,0.0,0.0,0.1931841333333333,0.0,0.0,1.0,0.5,normal,0,19.766587820073767
0.0,1.0,1.0,0.0,1.0,0.0,1.0,0.0,0.0,0.0,0.0,1.0,1.0,1.0,1.0,1.0,1.3333333333333333,0.9111111111111111,0.0,0.9,compromised,1,89.94862673033029
0.0,0.0,0.0,0.0,0.0,1.0,0.0,0.0,0.0,0.0,0.0,0.0,0.0,0.0,0.0,0.0,0.3333333333333333,0.0,0.0,0.3,innocent_security_change,0,21.851999640274553
0.0,0.0,0.0,0.0,0.0,0.0,0.0,0.0,0.0,0.0,1.0,0.3333333333333333,0.0,0.0,0.0,0.11531480000000001,0.0,0.0,0.0,0.8,normal,0,28.459860460530766
0.0,0.0,0.0,0.0,0.0,0.0,0.0,0.0,0.0,0.0,0.0,0.3333333333333333,0.0,0.0,0.0,0.15961399999999998,0.0,0.0,0.0,0.7,normal,0,12.028312634856071
0.0,0.0,0.0,0.0,0.0,0.0,0.0,0.0,0.0,0.0,0.0,0.0,0.0,0.0,0.0,0.0,0.0,0.0,0.0,0.5,normal,0,6.329086033661701
0.0,0.0,0.0,0.0,0.0,0.0,0.0,0.0,0.0,0.0,0.0,0.0,0.0,0.0,0.0,0.0,0.0,0.0,0.0,0.4,normal,0,6.472040215589298
0.0,0.0,0.0,0.0,0.0,0.0,0.0,0.0,0.0,0.0,1.0,0.3333333333333333,0.0,0.0,0.0,0.1018932,0.0,0.0,0.0,0.6,normal,0,20.947256104696052
0.0,0.0,0.0,0.0,0.0,0.0,0.0,0.0,0.0,0.0,0.0,0.0,0.0,0.0,0.0,0.0,0.0,0.0,0.0,0.5,normal,0,1.4664880238571745
0.0,0.0,0.0,0.0,0.0,0.0,0.0,0.0,0.0,0.0,0.0,0.0,0.0,0.0,0.0,0.0,0.0,0.0,0.0,0.5,normal,0,0.0
0.0,0.0,0.0,0.0,0.0,0.0,0.0,0.0,0.3333333333333333,1.0,1.0,0.3333333333333333,0.0,1.0,0.0,0.6887630666666668,0.0,0.0,0.0,0.9,medium,0,54.35345083447181
0.0,0.0,0.0,0.0,0.0,0.0,0.0,0.0,0.0,0.0,0.0,0.0,0.0,0.0,0.0,0.0,0.0,0.0,0.0,0.5,normal,0,1.5341520964686848
0.0,0.0,0.0,0.0,0.0,1.0,0.0,0.0,0.0,0.0,0.0,0.3333333333333333,0.0,0.0,0.0,0.18879466666666667,0.3333333333333333,0.0,1.0,0.8,innocent_security_change,0,38.15986602095811
0.0,0.0,0.0,0.0,0.0,0.0,0.0,0.0,0.0,0.0,1.0,0.3333333333333333,0.0,0.0,0.0,0.3677922504777722,0.0,0.0,1.0,0.6,normal,0,26.949926946191212
1.0,0.0,0.0,0.0,0.0,0.0,0.0,0.0,0.3333333333333333,1.0,0.0,0.3333333333333333,0.0,1.0,0.0,1.0,0.3333333333333333,0.0,0.0,0.7,medium,0,74.13326767930174
0.0,0.0,0.0,0.0,0.0,0.0,0.0,0.0,0.3333333333333333,1.0,0.0,0.3333333333333333,0.0,1.0,0.0,0.6483498666666666,0.0,0.0,0.0,0.6,medium,0,45.785552629704966
0.0,0.0,0.0,0.0,0.0,0.0,0.0,0.0,0.0,0.0,1.0,0.3333333333333333,0.0,0.0,0.0,0.20779842784522048,0.0,0.0,0.0,0.8,normal,0,23.419996376517222
0.0,0.0,0.0,0.0,0.0,0.0,0.0,0.0,0.0,0.0,0.0,0.3333333333333333,0.0,0.0,0.0,0.13959560000000001,0.0,0.0,0.0,0.5,normal,0,8.278842001703149
1.0,1.0,1.0,0.0,1.0,0.0,0.0,0.0,0.0,0.0,0.0,0.0,0.0,0.0,0.0,0.0,1.3333333333333333,0.8888888888888888,0.0,0.6,compromised,1,94.80199836742284
0.0,0.0,0.0,0.0,0.0,0.0,0.0,0.0,0.0,0.0,0.0,0.0,0.0,0.0,0.0,0.0,0.0,0.0,0.0,0.5,normal,0,2.078805141697627
1.0,1.0,1.0,0.0,1.0,0.0,1.0,0.0,0.0,0.0,0.0,1.0,1.0,1.0,1.0,1.0,1.6666666666666667,0.8666666666666667,0.0,1.0,compromised,1,93.59161340861716
1.0,0.0,0.0,0.0,0.0,0.0,0.0,0.0,0.0,0.0,0.0,0.0,0.0,0.0,0.0,0.0,0.3333333333333333,0.0,0.0,0.3,compromised,1,51.58033244169953
1.0,0.0,0.0,0.0,0.0,0.0,0.0,0.0,0.0,0.0,0.0,0.0,0.0,0.0,0.0,0.0,0.3333333333333333,0.0,0.0,0.4,compromised,1,52.28771982620155
0.0,0.0,0.0,0.0,0.0,0.0,0.0,0.0,0.0,0.0,0.0,0.3333333333333333,0.0,0.0,0.0,0.08121706666666666,0.0,0.0,0.0,0.5,normal,0,10.708978608013663
1.0,1.0,1.0,0.0,1.0,0.0,1.0,0.0,0.0,0.0,1.0,1.0,1.0,1.0,1.0,1.0,1.6666666666666667,0.8833333333333333,0.0,1.0,compromised,1,100.0
0.0,0.0,0.0,0.0,0.0,0.0,0.0,0.0,0.0,0.0,0.0,0.3333333333333333,1.0,0.0,0.0,0.19163306666666666,0.0,0.0,0.0,0.7,normal,0,24.195689871152048
0.0,0.0,0.0,0.0,0.0,0.0,0.0,0.0,0.3333333333333333,1.0,1.0,0.3333333333333333,0.0,1.0,0.0,1.0,0.0,0.0,0.0,0.5,medium,0,53.10405993050491
0.0,0.0,0.0,0.0,0.0,0.0,0.0,0.0,0.0,0.0,0.0,0.0,0.0,0.0,0.0,0.0,0.0,0.0,0.0,0.4,normal,0,0.10922325762506224
0.0,0.0,0.0,0.0,0.0,0.0,0.0,0.0,0.3333333333333333,1.0,1.0,0.3333333333333333,0.0,1.0,0.0,1.0,0.0,0.0,0.0,0.6,medium,0,55.79214989624121
0.0,0.0,0.0,0.0,0.0,0.0,0.0,0.0,0.0,0.0,0.0,0.0,0.0,0.0,0.0,0.0,0.0,0.0,0.0,0.4,normal,0,3.327956870903055
0.0,0.0,0.0,0.0,0.0,0.0,0.0,0.0,0.0,0.0,0.0,0.0,0.0,0.0,0.0,0.0,0.0,0.0,0.0,0.5,normal,0,2.520972785292149
0.0,0.0,0.0,0.0,0.0,0.0,0.0,0.0,0.3333333333333333,1.0,1.0,0.3333333333333333,0.0,1.0,0.0,0.4946174666666666,0.0,0.0,0.0,0.4,medium,0,44.72096858793014
0.0,0.0,0.0,0.0,0.0,0.0,0.0,0.0,0.0,0.0,1.0,0.0,0.0,0.0,0.0,0.0,0.0,0.0,0.0,0.5,normal,0,17.148111436878086
0.0,0.0,0.0,0.0,0.0,0.0,0.0,0.0,0.3333333333333333,1.0,0.0,0.3333333333333333,0.0,1.0,0.0,0.4373168,0.0,0.0,0.0,0.6,medium,0,40.939471435993575
0.0,0.0,0.0,0.0,0.0,0.0,0.0,0.0,0.0,0.0,0.0,0.0,0.0,0.0,0.0,0.0,0.0,0.0,0.0,0.5,normal,0,2.092847080103291
0.0,0.0,0.0,0.0,0.0,0.0,0.0,0.0,0.0,0.0,1.0,0.3333333333333333,0.0,0.0,0.0,0.09483493333333333,0.0,0.0,0.0,0.5,normal,0,20.632326311273626
0.0,0.0,0.0,0.0,0.0,0.0,0.0,0.0,0.0,0.0,0.0,0.0,0.0,0.0,0.0,0.0,0.0,0.0,0.0,0.5,normal,0,0.5796472819858391
1.0,1.0,1.0,0.0,1.0,0.0,1.0,0.0,0.0,0.0,0.0,1.0,1.0,1.0,1.0,1.0,1.6666666666666667,0.8888888888888888,0.0,1.0,compromised,1,94.05833210006863
0.0,0.0,0.0,0.0,0.0,0.0,0.0,0.0,0.0,0.0,0.0,0.3333333333333333,0.0,0.0,0.0,0.037697999999999995,0.0,0.0,0.0,0.6,normal,0,5.082147658211321
0.0,0.0,0.0,0.0,0.0,0.0,0.0,0.0,0.3333333333333333,1.0,0.0,0.3333333333333333,0.0,1.0,0.0,1.0,0.0,0.0,0.0,0.5,medium,0,49.83466975376425
1.0,1.0,1.0,0.0,1.0,0.0,1.0,0.0,0.0,0.0,1.0,1.0,1.0,1.0,1.0,1.0,1.6666666666666667,0.8555555555555556,0.0,1.0,compromised,1,96.63803863016848
0.0,0.0,0.0,0.0,0.0,0.0,0.0,0.0,0.0,0.0,1.0,0.3333333333333333,0.0,0.0,0.0,0.17408413333333334,0.0,0.0,1.0,0.8,normal,0,36.4330240229842
1.0,1.0,1.0,0.0,1.0,0.0,0.0,0.0,0.0,0.0,0.0,1.0,1.0,1.0,1.0,1.0,1.3333333333333333,0.9111111111111111,0.0,0.9,compromised,1,94.18755524419049
0.0,0.0,0.0,0.0,0.0,0.0,0.0,0.0,0.0,0.0,0.0,0.3333333333333333,0.0,0.0,0.0,0.1905864,0.0,0.0,1.0,0.5,normal,0,17.090642350311676
0.0,0.0,0.0,0.0,0.0,0.0,0.0,0.0,0.0,0.0,1.0,0.3333333333333333,0.0,0.0,0.0,0.0,0.0,0.0,1.0,0.5,innocent_security_change,0,24.27986465545397
0.0,0.0,0.0,0.0,0.0,0.0,0.0,0.0,0.0,0.0,0.0,0.3333333333333333,0.0,0.0,0.0,0.04130586666666667,0.0,0.0,0.0,0.6,normal,0,11.046865448014817
0.0,0.0,0.0,0.0,0.0,0.0,0.0,0.0,0.3333333333333333,1.0,0.0,0.3333333333333333,0.0,1.0,0.0,1.0,0.0,0.0,0.0,0.4,medium,0,46.47734353012474
1.0,0.0,0.0,0.0,0.0,0.0,0.0,0.0,0.3333333333333333,1.0,0.0,0.3333333333333333,0.0,1.0,0.0,0.6425329333333334,0.3333333333333333,0.0,0.0,0.4,medium,0,74.39644508678965
0.0,1.0,0.0,0.0,0.0,0.0,0.0,0.0,0.0,0.0,0.0,0.3333333333333333,0.0,0.0,0.0,0.0,0.3333333333333333,0.0,0.0,0.4,innocent_security_change,0,34.00290273546612
0.0,0.0,0.0,0.0,0.0,0.0,0.0,0.0,0.0,0.0,0.0,0.3333333333333333,0.0,0.0,0.0,0.17767897435346702,0.0,0.0,0.0,0.5,normal,0,8.103197779774504
0.0,0.0,0.0,0.0,0.0,0.0,0.0,0.0,0.0,0.0,0.0,0.0,0.0,0.0,0.0,0.0,0.0,0.0,0.0,0.6,normal,0,0.0
0.0,0.0,0.0,0.0,0.0,0.0,0.0,0.0,0.0,0.0,0.0,0.3333333333333333,0.0,0.0,0.0,0.030221896533978453,0.0,0.0,0.0,0.6,normal,0,4.735585495762228
0.0,0.0,0.0,1.0,0.0,0.0,0.0,0.0,0.0,0.0,1.0,0.3333333333333333,0.0,0.0,0.0,0.17635506666666664,0.3333333333333333,0.0,1.0,0.7,innocent_security_change,0,42.3515865815494
0.0,0.0,0.0,0.0,0.0,0.0,0.0,0.0,0.3333333333333333,1.0,0.0,0.3333333333333333,0.0,1.0,0.0,0.4770568,0.0,0.0,0.0,0.5,medium,0,43.172598761767276
1.0,0.0,0.0,0.0,0.0,0.0,0.0,0.0,0.0,0.0,0.0,0.0,0.0,0.0,0.0,0.0,0.3333333333333333,0.0,0.0,0.4,compromised,1,50.62318898492744
0.0,0.0,0.0,0.0,0.0,0.0,0.0,0.0,0.0,0.0,0.0,0.3333333333333333,0.0,0.0,0.0,0.11087253333333334,0.0,0.0,0.0,0.7,normal,0,15.091677949683044
1.0,1.0,1.0,0.0,0.0,0.0,0.0,0.0,0.0,0.0,0.0,0.0,0.0,0.0,0.0,0.0,1.0,0.6333333333333333,0.0,0.5,compromised,1,87.45556741557803
0.0,0.0,0.0,0.0,0.0,0.0,0.0,0.0,0.0,0.0,0.0,0.0,0.0,0.0,0.0,0.0,0.0,0.0,0.0,0.4,normal,0,2.0301767420965415
0.0,0.0,0.0,0.0,0.0,0.0,0.0,0.0,0.0,0.0,0.0,0.0,0.0,0.0,0.0,0.0,0.0,0.0,0.0,0.5,normal,0,0.0
0.0,0.0,0.0,0.0,0.0,0.0,0.0,0.0,0.0,0.0,0.0,0.3333333333333333,0.0,0.0,0.0,0.070254,0.0,0.0,0.0,0.7,normal,0,10.044844788893785
0.0,0.0,0.0,0.0,0.0,0.0,0.0,0.0,0.0,0.0,0.0,0.3333333333333333,0.0,0.0,0.0,0.05155543119265218,0.0,0.0,0.0,0.6,normal,0,9.072897437964663
0.0,0.0,0.0,0.0,0.0,0.0,0.0,0.0,0.3333333333333333,1.0,0.0,0.0,0.0,0.0,0.0,0.0,0.0,0.0,0.0,0.3,medium,0,20.64210936479484
0.0,0.0,0.0,0.0,0.0,0.0,0.0,0.0,0.3333333333333333,1.0,0.0,0.3333333333333333,1.0,1.0,0.0,0.627628,0.0,0.0,0.0,0.8,medium,0,51.845691095203065
0.0,0.0,0.0,0.0,0.0,0.0,0.0,0.0,0.0,0.0,0.0,0.0,0.0,0.0,0.0,0.0,0.0,0.0,0.0,0.5,normal,0,1.9373848642155371
0.0,0.0,0.0,0.0,0.0,0.0,0.0,0.0,0.0,0.0,0.0,0.3333333333333333,0.0,0.0,0.0,0.08332453333333334,0.0,0.0,0.0,0.6,normal,0,10.01838472153177
0.0,0.0,0.0,0.0,0.0,0.0,0.0,0.0,0.0,0.0,0.0,0.3333333333333333,0.0,0.0,0.0,0.06256226666666667,0.0,0.0,0.0,0.6,normal,0,9.126656619221297
0.0,0.0,0.0,0.0,0.0,0.0,0.0,0.0,0.3333333333333333,1.0,0.0,0.3333333333333333,0.0,1.0,0.0,1.0,0.0,0.0,0.0,0.6,medium,0,48.92956041408121
0.0,0.0,0.0,0.0,0.0,0.0,0.0,0.0,0.0,0.0,0.0,0.3333333333333333,1.0,0.0,0.0,0.16388160000000002,0.0,0.0,1.0,0.4,innocent_security_change,0,30.42491967810814
0.0,0.0,0.0,0.0,0.0,0.0,0.0,0.0,0.3333333333333333,1.0,1.0,0.3333333333333333,0.0,1.0,0.0,0.6570772,0.0,0.0,0.0,0.7,medium,0,49.45059728549426
0.0,0.0,0.0,1.0,0.0,0.0,0.0,0.0,0.0,0.0,0.0,0.3333333333333333,0.0,0.0,0.0,0.5775306119359812,0.3333333333333333,0.0,1.0,0.4,innocent_security_change,0,42.58365373506386
0.0,0.0,0.0,0.0,0.0,0.0,0.0,0.0,0.0,0.0,0.0,0.0,0.0,0.0,0.0,0.0,0.0,0.0,0.0,0.4,normal,0,0.4170284561062605
0.0,0.0,0.0,0.0,0.0,0.0,0.0,0.0,0.3333333333333333,1.0,0.0,0.3333333333333333,0.0,1.0,0.0,1.0,0.0,0.0,0.0,0.7,medium,0,44.738100573798874
0.0,1.0,0.0,0.0,0.0,0.0,0.0,0.0,0.0,0.0,0.0,0.3333333333333333,1.0,0.0,0.0,0.17231373333333333,0.3333333333333333,0.0,0.0,0.9,innocent_security_change,0,49.27793993784816
0.0,0.0,0.0,0.0,0.0,0.0,0.0,0.0,0.0,0.0,0.0,0.0,0.0,0.0,0.0,0.0,0.0,0.0,0.0,0.5,normal,0,1.5275217674917059
1.0,1.0,1.0,0.0,1.0,0.0,1.0,0.0,0.0,0.0,0.0,1.0,1.0,1.0,1.0,1.0,1.6666666666666667,0.8944444444444445,0.0,1.0,compromised,1,98.59890065331616
0.0,0.0,0.0,0.0,0.0,0.0,0.0,0.0,0.0,0.0,1.0,0.0,0.0,0.0,0.0,0.0,0.0,0.0,0.0,0.6,normal,0,8.154449586560037
0.0,0.0,0.0,0.0,0.0,0.0,0.0,0.0,0.0,0.0,0.0,0.0,0.0,0.0,0.0,0.0,0.0,0.0,0.0,0.4,normal,0,6.348324064415465
1.0,0.0,0.0,0.0,0.0,0.0,0.0,0.0,0.3333333333333333,1.0,0.0,0.3333333333333333,0.0,1.0,0.0,1.0,0.3333333333333333,0.0,0.0,0.4,medium,0,75.92115473417456
1.0,1.0,1.0,0.0,1.0,0.0,1.0,0.0,0.0,0.0,1.0,1.0,1.0,1.0,1.0,1.0,1.6666666666666667,0.8666666666666667,0.0,1.0,compromised,1,94.25626383808167
0.0,0.0,0.0,0.0,0.0,0.0,0.0,0.0,0.3333333333333333,1.0,1.0,0.3333333333333333,0.0,1.0,0.0,0.5857673333333334,0.0,0.0,0.0,0.8,medium,0,47.88040790156681
0.0,0.0,0.0,0.0,0.0,0.0,0.0,0.0,0.3333333333333333,1.0,0.0,0.3333333333333333,0.0,1.0,0.0,1.0,0.0,0.0,0.0,0.6,medium,0,52.589418902761054
1.0,1.0,1.0,0.0,1.0,0.0,1.0,0.0,0.0,0.0,0.0,1.0,1.0,1.0,1.0,1.0,1.6666666666666667,0.8722222222222222,0.0,1.0,compromised,1,95.93792585563912
0.0,0.0,0.0,0.0,0.0,0.0,0.0,0.0,0.0,0.0,0.0,0.3333333333333333,0.0,0.0,0.0,0.17398693333333334,0.0,0.0,1.0,0.6,normal,0,17.699461615284584
0.0,0.0,0.0,0.0,0.0,0.0,0.0,0.0,0.0,0.0,0.0,0.0,0.0,0.0,0.0,0.0,0.0,0.0,0.0,0.4,normal,0,0.0
1.0,0.0,0.0,0.0,0.0,0.0,0.0,0.0,0.0,0.0,1.0,0.0,0.0,0.0,0.0,0.0,0.3333333333333333,0.0,0.0,0.4,compromised,1,56.26483448183973
0.0,0.0,0.0,1.0,0.0,0.0,0.0,0.0,0.0,0.0,0.0,0.3333333333333333,0.0,0.0,0.0,0.12604426666666665,0.3333333333333333,0.0,0.0,0.7,innocent_security_change,0,30.09515616875082
0.0,0.0,0.0,0.0,0.0,0.0,0.0,0.0,0.0,0.0,0.0,0.0,0.0,0.0,0.0,0.0,0.0,0.0,0.0,0.5,normal,0,5.359774845451268
0.0,0.0,0.0,0.0,0.0,0.0,0.0,0.0,0.0,0.0,0.0,0.3333333333333333,0.0,0.0,0.0,0.0703236,0.0,0.0,0.0,0.6,normal,0,7.318551577698273
0.0,0.0,0.0,0.0,0.0,0.0,0.0,0.0,0.0,0.0,0.0,0.3333333333333333,0.0,0.0,0.0,0.16560013333333334,0.0,0.0,1.0,0.7,normal,0,16.46826845441536
0.0,0.0,0.0,0.0,0.0,0.0,0.0,0.0,0.3333333333333333,1.0,1.0,0.3333333333333333,0.0,1.0,0.0,0.4363865333333334,0.0,0.0,0.0,0.6,medium,0,50.91604961129828
0.0,0.0,0.0,0.0,0.0,0.0,0.0,0.0,0.0,0.0,0.0,0.0,0.0,0.0,0.0,0.0,0.0,0.0,0.0,0.5,normal,0,6.0878672815952175
0.0,0.0,0.0,0.0,0.0,0.0,0.0,0.0,0.0,0.0,0.0,0.3333333333333333,0.0,0.0,0.0,0.11713746666666666,0.0,0.0,0.0,0.5,normal,0,6.847026089705356
0.0,0.0,0.0,0.0,0.0,0.0,0.0,0.0,0.0,0.0,0.0,0.3333333333333333,0.0,0.0,0.0,0.11330426666666667,0.0,0.0,0.0,0.7,normal,0,14.718075309154786
0.0,0.0,0.0,0.0,0.0,0.0,0.0,0.0,0.0,0.0,0.0,0.3333333333333333,0.0,0.0,0.0,0.15219639999999998,0.0,0.0,0.0,0.6,normal,0,11.965872188982702
0.0,0.0,0.0,0.0,0.0,0.0,0.0,0.0,0.0,0.0,0.0,0.3333333333333333,0.0,0.0,0.0,0.1529146864048411,0.0,0.0,0.0,0.6,normal,0,14.610737889313159
1.0,1.0,1.0,0.0,1.0,0.0,1.0,0.0,0.0,0.0,1.0,1.0,1.0,1.0,1.0,1.0,1.6666666666666667,0.8722222222222222,0.0,1.0,compromised,1,97.83512198076096
0.0,0.0,0.0,0.0,0.0,0.0,0.0,0.0,0.0,0.0,0.0,0.3333333333333333,0.0,0.0,0.0,0.13545853333333333,0.0,0.0,0.0,0.7,normal,0,5.991667527649611
0.0,0.0,0.0,0.0,0.0,1.0,0.0,0.0,0.0,0.0,0.0,0.3333333333333333,0.0,0.0,0.0,0.18595733333333334,0.3333333333333333,0.0,1.0,0.4,innocent_security_change,0,35.47469642140323
1.0,0.0,0.0,0.0,0.0,0.0,0.0,0.0,0.0,0.0,1.0,0.0,0.0,0.0,0.0,0.0,0.3333333333333333,0.0,0.0,0.3,compromised,1,59.479307203770205
1.0,1.0,1.0,0.0,1.0,0.0,1.0,0.0,0.0,0.0,0.0,0.0,0.0,0.0,0.0,0.0,1.6666666666666667,0.8611111111111112,0.0,0.7,compromised,1,92.32081257020442
0.0,0.0,0.0,0.0,0.0,0.0,0.0,0.0,0.0,0.0,0.0,0.3333333333333333,0.0,0.0,0.0,1.0,0.0,0.0,1.0,0.8,normal,0,28.923366292127024
0.0,0.0,0.0,0.0,0.0,0.0,0.0,0.0,0.0,0.0,0.0,0.3333333333333333,0.0,0.0,0.0,0.07800400049164742,0.0,0.0,0.0,0.5,normal,0,9.82524322616408
0.0,0.0,0.0,0.0,0.0,0.0,0.0,0.0,0.3333333333333333,1.0,0.0,0.3333333333333333,0.0,1.0,0.0,0.7134606666666667,0.0,0.0,0.0,0.7,medium,0,39.35404652446347
0.0,0.0,0.0,0.0,0.0,0.0,0.0,0.0,0.0,0.0,0.0,0.0,0.0,0.0,0.0,0.0,0.0,0.0,0.0,0.4,normal,0,7.045553149301487
0.0,0.0,0.0,0.0,0.0,0.0,0.0,0.0,0.0,0.0,0.0,0.3333333333333333,0.0,0.0,0.0,0.04777901673326459,0.0,0.0,0.0,0.6,normal,0,8.269875976195252
0.0,0.0,0.0,0.0,0.0,0.0,0.0,0.0,0.3333333333333333,1.0,1.0,0.3333333333333333,0.0,1.0,0.0,1.0,0.0,0.0,0.0,0.7,medium,0,55.34031508761911
0.0,0.0,0.0,0.0,0.0,0.0,0.0,0.0,0.0,0.0,0.0,0.0,0.0,0.0,0.0,0.0,0.0,0.0,0.0,0.5,normal,0,3.3542892631570336
1.0,1.0,1.0,0.0,1.0,0.0,1.0,0.0,0.0,0.0,1.0,1.0,1.0,1.0,1.0,1.0,1.6666666666666667,0.9111111111111111,0.0,1.0,compromised,1,100.0
1.0,0.0,0.0,0.0,0.0,0.0,0.0,0.0,0.0,0.0,1.0,0.0,0.0,0.0,0.0,0.0,0.3333333333333333,0.0,0.0,0.3,compromised,1,57.84408796316223
0.0,0.0,0.0,0.0,0.0,0.0,0.0,0.0,0.0,0.0,0.0,0.3333333333333333,0.0,0.0,0.0,0.09471346666666668,0.0,0.0,0.0,0.6,normal,0,10.544766210792174
1.0,1.0,1.0,0.0,1.0,0.0,1.0,0.0,0.0,0.0,0.0,1.0,1.0,1.0,1.0,1.0,1.6666666666666667,0.8888888888888888,0.0,1.1,compromised,1,95.57431797206884
1.0,1.0,1.0,0.0,0.0,0.0,0.0,0.0,0.0,0.0,0.0,0.0,0.0,0.0,0.0,0.0,1.0,0.9444444444444444,0.0,0.6,compromised,1,87.8346037721101
1.0,1.0,0.0,0.0,0.0,0.0,0.0,0.0,0.0,0.0,1.0,0.0,0.0,0.0,0.0,0.0,0.6666666666666666,0.8666666666666667,0.0,0.4,compromised,1,72.16303737524198
0.0,0.0,0.0,0.0,0.0,0.0,0.0,0.0,0.0,0.0,1.0,0.3333333333333333,0.0,0.0,0.0,0.04312253333333333,0.0,0.0,0.0,0.6,normal,0,21.331196844908465
1.0,0.0,1.0,0.0,1.0,0.0,1.0,0.0,0.0,0.0,0.0,1.0,1.0,1.0,1.0,1.0,1.3333333333333333,0.9111111111111111,0.0,0.9,compromised,1,94.2149064578982
0.0,0.0,0.0,0.0,0.0,0.0,0.0,0.0,0.0,0.0,0.0,0.0,0.0,0.0,0.0,0.0,0.0,0.0,0.0,0.4,normal,0,5.997893365599396
0.0,0.0,0.0,0.0,0.0,0.0,0.0,0.0,0.0,0.0,1.0,0.3333333333333333,0.0,0.0,0.0,0.10821653333333334,0.0,0.0,0.0,0.8,normal,0,22.02465822054073
0.0,0.0,0.0,0.0,0.0,0.0,0.0,0.0,0.0,0.0,0.0,0.0,0.0,0.0,0.0,0.0,0.0,0.0,0.0,0.4,normal,0,4.477493630333068
0.0,0.0,0.0,0.0,0.0,0.0,0.0,0.0,0.0,0.0,0.0,0.3333333333333333,0.0,0.0,0.0,0.06681746666666667,0.0,0.0,0.0,0.6,normal,0,10.975725882896146
0.0,0.0,0.0,0.0,0.0,0.0,0.0,0.0,0.0,0.0,0.0,0.3333333333333333,0.0,0.0,0.0,0.13973466666666667,0.0,0.0,0.0,0.6,normal,0,7.331187814704129
1.0,1.0,1.0,0.0,0.0,0.0,0.0,0.0,0.0,0.0,0.0,0.0,0.0,0.0,0.0,0.0,1.0,0.7666666666666666,0.0,0.5,compromised,1,82.82772702707305
1.0,0.0,0.0,0.0,0.0,0.0,0.0,0.0,0.3333333333333333,1.0,0.0,0.3333333333333333,0.0,1.0,0.0,1.0,0.3333333333333333,0.0,0.0,0.8,medium,0,76.65996913379693
0.0,0.0,0.0,0.0,0.0,0.0,0.0,0.0,0.0,0.0,0.0,0.3333333333333333,0.0,0.0,0.0,0.1806024,0.0,0.0,1.0,0.6,normal,0,20.27871308869944
0.0,0.0,0.0,0.0,0.0,0.0,0.0,0.0,0.0,0.0,1.0,0.3333333333333333,0.0,0.0,0.0,0.1362496,0.0,0.0,0.0,0.6,normal,0,23.749114220287705
0.0,0.0,0.0,0.0,0.0,0.0,0.0,0.0,0.0,0.0,0.0,0.0,0.0,0.0,0.0,0.0,0.0,0.0,0.0,0.4,normal,0,3.8753706183007255
0.0,0.0,0.0,0.0,0.0,0.0,0.0,0.0,0.0,0.0,0.0,0.0,0.0,0.0,0.0,0.0,0.0,0.0,0.0,0.5,normal,0,1.1542873767709056
0.0,0.0,0.0,0.0,0.0,0.0,0.0,0.0,0.0,0.0,1.0,0.3333333333333333,0.0,0.0,0.0,0.15434266666666668,0.0,0.0,0.0,0.9,normal,0,20.719511381682473
0.0,0.0,0.0,0.0,0.0,0.0,0.0,0.0,0.0,0.0,1.0,0.0,0.0,0.0,0.0,0.0,0.0,0.0,0.0,0.5,normal,0,13.794374425548458
0.0,0.0,0.0,0.0,0.0,0.0,0.0,0.0,0.0,0.0,0.0,0.0,0.0,0.0,0.0,0.0,0.0,0.0,0.0,0.5,normal,0,0.0
1.0,1.0,1.0,0.0,0.0,0.0,0.0,0.0,0.0,0.0,0.0,0.0,0.0,0.0,0.0,0.0,1.0,0.9722222222222222,0.0,0.5,compromised,1,90.03501955356126
0.0,0.0,0.0,0.0,0.0,0.0,0.0,0.0,0.0,0.0,0.0,0.0,0.0,0.0,0.0,0.0,0.0,0.0,0.0,0.5,normal,0,4.675408944471449
0.0,0.0,0.0,0.0,0.0,0.0,0.0,0.0,0.0,0.0,0.0,0.3333333333333333,0.0,0.0,0.0,0.14571653333333334,0.0,0.0,0.0,0.8,normal,0,16.130285979586038
1.0,1.0,1.0,0.0,0.0,0.0,0.0,0.0,0.0,0.0,1.0,0.0,0.0,0.0,0.0,0.0,1.0,0.7,0.0,0.5,compromised,1,82.31667189064439
0.0,0.0,0.0,0.0,0.0,0.0,0.0,0.0,0.0,0.0,1.0,0.3333333333333333,0.0,0.0,0.0,0.0,0.0,0.0,0.0,0.6,normal,0,22.32273322788902
0.0,0.0,0.0,1.0,0.0,0.0,0.0,0.0,0.0,0.0,0.0,0.3333333333333333,0.0,0.0,0.0,0.10366213333333334,0.3333333333333333,0.0,0.0,0.5,innocent_security_change,0,34.997906952536745
0.0,0.0,0.0,0.0,0.0,0.0,0.0,0.0,0.0,0.0,0.0,0.0,0.0,0.0,0.0,0.0,0.0,0.0,0.0,0.5,normal,0,0.26884621508426143
1.0,1.0,0.0,0.0,0.0,0.0,0.0,0.0,0.0,0.0,1.0,0.0,0.0,0.0,0.0,0.0,0.6666666666666666,0.8666666666666667,0.0,0.4,compromised,1,78.77514512238794
1.0,0.0,0.0,0.0,0.0,0.0,0.0,0.0,0.0,0.0,0.0,0.0,0.0,0.0,0.0,0.0,0.3333333333333333,0.0,0.0,0.3,compromised,1,51.85566585332642
0.0,0.0,0.0,0.0,0.0,0.0,0.0,0.0,0.0,0.0,0.0,0.3333333333333333,0.0,0.0,0.0,0.015154933333333332,0.0,0.0,0.0,0.6,normal,0,6.236625927277542
0.0,0.0,0.0,0.0,0.0,1.0,0.0,0.0,0.0,0.0,0.0,0.3333333333333333,0.0,0.0,0.0,0.11011586666666667,0.3333333333333333,0.0,0.0,0.6,innocent_security_change,0,31.2285677349251
0.0,0.0,0.0,0.0,0.0,0.0,0.0,0.0,0.0,0.0,0.0,0.3333333333333333,0.0,0.0,0.0,0.06864253333333332,0.0,0.0,0.0,0.6,normal,0,12.878445890888763
0.0,0.0,0.0,0.0,0.0,0.0,0.0,0.0,0.0,0.0,0.0,0.3333333333333333,0.0,0.0,0.0,0.28128895446663854,0.0,0.0,0.0,0.6,normal,0,12.00854976777857
0.0,0.0,0.0,0.0,0.0,0.0,0.0,0.0,0.0,0.0,0.0,0.0,0.0,0.0,0.0,0.0,0.0,0.0,0.0,0.5,normal,0,6.4858334041656125
0.0,0.0,0.0,0.0,0.0,0.0,0.0,0.0,0.3333333333333333,1.0,0.0,0.3333333333333333,0.0,1.0,0.0,0.42759773333333334,0.0,0.0,0.0,0.6,medium,0,39.76255289728096
0.0,0.0,0.0,0.0,0.0,0.0,0.0,0.0,0.3333333333333333,1.0,1.0,0.3333333333333333,0.0,1.0,0.0,0.6437210666666667,0.0,0.0,0.0,0.7,medium,0,47.896448438094566
0.0,0.0,0.0,0.0,0.0,0.0,0.0,0.0,0.0,0.0,1.0,0.3333333333333333,0.0,0.0,0.0,0.13162906666666668,0.0,0.0,0.0,0.6,normal,0,21.0848842518275
0.0,0.0,0.0,0.0,0.0,0.0,0.0,0.0,0.0,0.0,1.0,0.0,0.0,0.0,0.0,0.0,0.0,0.0,0.0,0.5,normal,0,13.600544144171046
1.0,1.0,1.0,0.0,1.0,0.0,1.0,0.0,0.0,0.0,1.0,1.0,1.0,1.0,1.0,1.0,1.6666666666666667,0.8944444444444445,0.0,1.0,compromised,1,96.2320579807944
0.0,0.0,0.0,0.0,0.0,0.0,0.0,0.0,0.0,0.0,0.0,0.3333333333333333,0.0,0.0,0.0,0.0,0.0,0.0,0.0,0.6,normal,0,11.923301585792707
0.0,0.0,0.0,0.0,0.0,0.0,0.0,0.0,0.0,0.0,0.0,0.0,0.0,0.0,0.0,0.0,0.0,0.0,0.0,0.5,normal,0,4.898277889067429
0.0,0.0,0.0,0.0,0.0,0.0,0.0,0.0,0.0,0.0,1.0,0.3333333333333333,0.0,0.0,0.0,0.037482666666666664,0.0,0.0,0.0,0.7,normal,0,22.37817090970806
0.0,0.0,0.0,0.0,0.0,0.0,0.0,0.0,0.0,0.0,0.0,0.0,0.0,0.0,0.0,0.0,0.0,0.0,0.0,0.5,normal,0,3.263201015146886
0.0,0.0,0.0,0.0,0.0,0.0,0.0,0.0,0.0,0.0,0.0,0.0,0.0,0.0,0.0,0.0,0.0,0.0,0.0,0.5,normal,0,5.077492773473407
0.0,0.0,0.0,0.0,0.0,0.0,0.0,0.0,0.0,0.0,0.0,0.3333333333333333,0.0,0.0,0.0,0.9834741924201835,0.0,0.0,0.0,0.6,normal,0,20.79470581624991
0.0,0.0,0.0,0.0,0.0,0.0,0.0,0.0,0.0,0.0,1.0,0.0,0.0,0.0,0.0,0.0,0.0,0.0,0.0,0.5,normal,0,18.671627674456854
0.0,0.0,0.0,0.0,0.0,0.0,0.0,0.0,0.0,0.0,0.0,0.3333333333333333,0.0,0.0,0.0,0.0,0.0,0.0,0.0,0.6,normal,0,7.8679510705580284
0.0,0.0,0.0,0.0,0.0,0.0,0.0,0.0,0.0,0.0,0.0,0.3333333333333333,0.0,0.0,0.0,0.0680972,0.0,0.0,0.0,0.6,normal,0,16.05060527848413
0.0,0.0,0.0,0.0,0.0,0.0,0.0,0.0,0.0,0.0,0.0,0.3333333333333333,1.0,0.0,0.0,0.17318453333333333,0.0,0.0,0.0,0.6,normal,0,24.121457872688282
0.0,0.0,0.0,0.0,0.0,0.0,0.0,0.0,0.0,0.0,0.0,0.3333333333333333,0.0,0.0,0.0,0.05300813333333333,0.0,0.0,0.0,0.6,normal,0,7.152567934129856
0.0,0.0,0.0,0.0,0.0,0.0,0.0,0.0,0.3333333333333333,1.0,0.0,0.3333333333333333,0.0,1.0,0.0,1.0,0.0,0.0,0.0,0.5,medium,0,51.45237574772166
1.0,1.0,1.0,0.0,1.0,0.0,1.0,0.0,0.0,0.0,1.0,1.0,1.0,1.0,1.0,1.0,1.6666666666666667,0.85,0.0,1.0,compromised,1,98.31252440068288
0.0,0.0,0.0,0.0,0.0,0.0,0.0,0.0,0.0,0.0,0.0,0.3333333333333333,0.0,0.0,0.0,0.15422253333333333,0.0,0.0,0.0,0.7,normal,0,14.664213816518417
0.0,0.0,0.0,0.0,0.0,0.0,0.0,0.0,0.0,0.0,0.0,0.0,0.0,0.0,0.0,0.0,0.0,0.0,0.0,0.4,normal,0,5.92682400706428
0.0,0.0,0.0,0.0,0.0,0.0,0.0,0.0,0.0,0.0,0.0,0.0,0.0,0.0,0.0,0.0,0.0,0.0,0.0,0.5,normal,0,4.415930988890119
0.0,0.0,0.0,1.0,0.0,0.0,0.0,0.0,0.0,0.0,0.0,0.3333333333333333,0.0,0.0,0.0,0.0,0.3333333333333333,0.0,0.0,0.4,innocent_security_change,0,26.343253589129645
0.0,0.0,0.0,0.0,0.0,0.0,0.0,0.0,0.3333333333333333,1.0,1.0,0.3333333333333333,0.0,1.0,0.0,1.0,0.0,0.0,0.0,0.8,medium,0,56.84804126806021
0.0,0.0,0.0,0.0,0.0,0.0,0.0,0.0,0.0,0.0,1.0,0.3333333333333333,0.0,0.0,0.0,0.5508193100276145,0.0,0.0,1.0,0.6,normal,0,31.913371079758466
0.0,0.0,0.0,0.0,0.0,0.0,0.0,0.0,0.3333333333333333,0.0,1.0,0.3333333333333333,1.0,1.0,0.0,0.5551062666666667,0.0,0.0,0.0,0.6,medium,0,50.53527321379852
0.0,0.0,0.0,0.0,0.0,1.0,0.0,0.0,0.0,0.0,0.0,0.0,0.0,0.0,0.0,0.0,0.3333333333333333,0.0,0.0,0.5,innocent_security_change,0,18.485634895833975
1.0,1.0,1.0,0.0,1.0,0.0,1.0,0.0,0.0,0.0,1.0,1.0,1.0,1.0,1.0,1.0,1.6666666666666667,0.8944444444444445,0.0,1.0,compromised,1,99.14094599437928
1.0,1.0,1.0,0.0,1.0,0.0,1.0,0.0,0.0,0.0,1.0,1.0,1.0,1.0,1.0,1.0,1.6666666666666667,0.8777777777777778,0.0,1.0,compromised,1,96.41742079917775
1.0,0.0,0.0,0.0,0.0,0.0,0.0,0.0,0.0,0.0,0.0,0.0,0.0,0.0,0.0,0.0,0.3333333333333333,0.0,0.0,0.3,compromised,1,55.986165084554514
0.0,0.0,0.0,0.0,0.0,0.0,0.0,0.0,0.0,0.0,0.0,0.3333333333333333,0.0,0.0,0.0,0.14991306666666665,0.0,0.0,0.0,0.5,normal,0,12.75698114457161
0.0,0.0,0.0,0.0,0.0,0.0,0.0,0.0,0.0,0.0,1.0,0.3333333333333333,0.0,0.0,0.0,0.0915888,0.0,0.0,1.0,0.7,innocent_security_change,0,28.33514231938594
0.0,0.0,0.0,0.0,0.0,0.0,0.0,0.0,0.0,0.0,0.0,0.3333333333333333,0.0,0.0,0.0,1.0,0.0,0.0,0.0,0.7,normal,0,23.87661003128039
1.0,1.0,1.0,0.0,1.0,0.0,1.0,0.0,0.0,0.0,0.0,1.0,1.0,1.0,1.0,1.0,1.6666666666666667,0.8333333333333334,0.0,1.1,compromised,1,95.27629120947448
0.0,0.0,0.0,0.0,0.0,0.0,0.0,0.0,0.3333333333333333,1.0,0.0,0.3333333333333333,0.0,1.0,0.0,1.0,0.0,0.0,0.0,0.5,medium,0,52.0903190978203
0.0,0.0,0.0,0.0,0.0,0.0,0.0,0.0,0.0,0.0,0.0,0.0,0.0,0.0,0.0,0.0,0.0,0.0,0.0,0.4,normal,0,7.845610256750057
0.0,0.0,0.0,0.0,0.0,0.0,0.0,0.0,0.0,0.0,0.0,0.0,0.0,0.0,0.0,0.0,0.0,0.0,0.0,0.5,normal,0,4.553325879898096
0.0,0.0,0.0,0.0,0.0,0.0,0.0,0.0,0.0,0.0,1.0,0.3333333333333333,0.0,0.0,0.0,0.08086293333333333,0.0,0.0,0.0,0.6,normal,0,24.13198971942881
0.0,0.0,0.0,0.0,0.0,0.0,0.0,0.0,0.0,0.0,1.0,0.0,0.0,0.0,0.0,0.0,0.0,0.0,0.0,0.5,normal,0,12.114210452559032
0.0,0.0,0.0,0.0,0.0,0.0,0.0,0.0,0.0,0.0,0.0,0.3333333333333333,0.0,0.0,0.0,0.03474973333333333,0.0,0.0,0.0,0.6,normal,0,8.360797079668174
0.0,0.0,0.0,0.0,0.0,0.0,0.0,0.0,0.3333333333333333,1.0,0.0,0.3333333333333333,0.0,1.0,0.0,0.6151617333333333,0.0,0.0,0.0,0.4,medium,0,44.74139163939275
0.0,0.0,0.0,1.0,0.0,0.0,0.0,0.0,0.0,0.0,0.0,0.3333333333333333,0.0,0.0,0.0,0.0,0.3333333333333333,0.0,0.0,0.6,innocent_security_change,0,29.95344484561955
0.0,0.0,0.0,0.0,0.0,0.0,0.0,0.0,0.0,0.0,0.0,0.3333333333333333,0.0,0.0,0.0,0.10224882471592765,0.0,0.0,0.0,0.6,normal,0,10.24446069808649
0.0,0.0,0.0,0.0,0.0,1.0,0.0,0.0,0.0,0.0,0.0,0.3333333333333333,0.0,0.0,0.0,0.11878013333333334,0.3333333333333333,0.0,0.0,0.6,innocent_security_change,0,31.428945290983165
1.0,1.0,1.0,0.0,1.0,0.0,1.0,0.0,0.0,0.0,1.0,0.0,0.0,0.0,0.0,0.0,1.6666666666666667,0.8666666666666667,0.0,0.6,compromised,1,95.8561855659231
0.0,0.0,0.0,0.0,0.0,0.0,0.0,0.0,0.0,0.0,0.0,0.3333333333333333,0.0,0.0,0.0,0.038713199999999996,0.0,0.0,0.0,0.5,normal,0,7.2555073018845135
0.0,0.0,0.0,0.0,0.0,0.0,0.0,0.0,0.0,0.0,0.0,0.3333333333333333,0.0,0.0,0.0,0.13362973333333333,0.0,0.0,0.0,0.5,normal,0,12.285672847410227
0.0,0.0,0.0,0.0,0.0,0.0,0.0,0.0,0.0,0.0,0.0,0.0,0.0,0.0,0.0,0.0,0.0,0.0,0.0,0.5,normal,0,5.729862709831359
0.0,0.0,0.0,0.0,0.0,0.0,0.0,0.0,0.0,0.0,0.0,0.3333333333333333,1.0,0.0,0.0,0.3692873862964849,0.0,0.0,0.0,0.5,normal,0,26.060251413630585
0.0,0.0,0.0,0.0,0.0,0.0,0.0,0.0,0.0,0.0,1.0,0.0,0.0,0.0,0.0,0.0,0.0,0.0,0.0,0.6,normal,0,17.045241347465595
0.0,0.0,0.0,0.0,0.0,0.0,0.0,0.0,0.0,0.0,1.0,0.3333333333333333,1.0,0.0,0.0,0.1951716,0.0,0.0,0.0,0.6,normal,0,29.059364236580155
0.0,0.0,0.0,0.0,0.0,0.0,0.0,0.0,0.0,0.0,1.0,0.3333333333333333,0.0,0.0,0.0,0.008209439144546925,0.0,0.0,0.0,0.8,normal,0,21.642819493558612
1.0,1.0,1.0,0.0,1.0,0.0,1.0,0.0,0.0,0.0,1.0,1.0,1.0,1.0,1.0,1.0,1.6666666666666667,0.8944444444444445,0.0,1.1,compromised,1,95.11211239686182
